2026-08-06 07:54:53 | INFO    | [ORQUESTRADOR] Rota 5 (Raciocínio) ativada.
2026-08-06 07:54:57 | ERROR   | [ROTEADOR WARN] Camada 1 falhou (<urlopen error [WinError 10061] Nenhuma conexão pôde ser feita porque a máquina de destino as recusou ativamente>). Acionando Camada 2...
2026-08-06 07:54:59 | INFO    | [ROTEADOR SUCESSO] Resposta via Camada 2 (Tamanho: 51)
2026-08-06 07:55:45 | INFO    | 
=== Gmail [Principal] ===
2026-08-06 07:55:49 | INFO    | [MemPalace] Gravado: Asa=Email | Sala=gmail:Principal:19fd64b6ee70206d
2026-08-06 07:55:49 | INFO    |     De: Cloudflare <em@em1.cloudflare.com> Assunto: You're invited to Cloudflare Connect 2026 Data: Thu, 06 Aug 2026 08:58:15 +0000 Connect 2026_DiscountC...

2026-08-06 07:55:50 | INFO    | [MEMPALACE] Resumo completo de agrupamento (Total: 435):
2026-08-06 07:55:50 | INFO    |     - 3d: 1 itens
2026-08-06 07:55:50 | INFO    |     - Diretorios: 4 itens
2026-08-06 07:55:50 | INFO    |     - Edicao: 1 itens
2026-08-06 07:55:50 | INFO    |     - Fisica: 1 itens
2026-08-06 07:55:50 | INFO    |     - MCP: 1 itens
2026-08-06 07:55:50 | INFO    |     - RH: 8 itens
2026-08-06 07:55:50 | INFO    |     - SalaComum: 9 itens
2026-08-06 07:55:50 | INFO    |     - TestRoom: 5 itens
2026-08-06 07:55:50 | INFO    |     - Validacao: 1 itens
2026-08-06 07:55:50 | INFO    |     - Windows_MCP: 7 itens
2026-08-06 07:55:50 | INFO    |     - accounts_contacts: 2 itens
2026-08-06 07:55:50 | INFO    |     - agent_tasks: 24 itens
2026-08-06 07:55:50 | INFO    |     - alerts: 13 itens
2026-08-06 07:55:50 | INFO    |     - android_and_pc_registrations: 21 itens
2026-08-06 07:55:50 | INFO    |     - antigravity: 1 itens
2026-08-06 07:55:50 | INFO    |     - career: 1 itens
2026-08-06 07:55:50 | INFO    |     - delika: 1 itens
2026-08-06 07:55:50 | INFO    |     - design: 1 itens
2026-08-06 07:55:50 | INFO    |     - dev: 1 itens
2026-08-06 07:55:50 | INFO    |     - Drive Principal: 46 itens
2026-08-06 07:55:50 | INFO    |     - Drive Trabalho: 5 itens
2026-08-06 07:55:50 | INFO    |     - drive_docs: 21 itens
2026-08-06 07:55:50 | INFO    |     - drive_shared_files: 10 itens
2026-08-06 07:55:50 | INFO    |     - education: 1 itens
2026-08-06 07:55:50 | INFO    |     - family: 1 itens
2026-08-06 07:55:50 | INFO    |     - github_repos: 2 itens
2026-08-06 07:55:50 | INFO    |     - Gmail Principal: 36 itens
2026-08-06 07:55:50 | INFO    |     - Gmail Trabalho: 30 itens
2026-08-06 07:55:50 | INFO    |     - gmail_linked_accounts: 11 itens
2026-08-06 07:55:50 | INFO    |     - gmail_notifications: 16 itens
2026-08-06 07:55:50 | INFO    |     - google_docs: 36 itens
2026-08-06 07:55:50 | INFO    |     - hardware: 2 itens
2026-08-06 07:55:50 | INFO    |     - jubileu: 4 itens
2026-08-06 07:55:50 | INFO    |     - mary_kay: 1 itens
2026-08-06 07:55:50 | INFO    |     - neon_orbit: 1 itens
2026-08-06 07:55:50 | INFO    |     - onedrive: 1 itens
2026-08-06 07:55:50 | INFO    |     - personal: 2 itens
2026-08-06 07:55:50 | INFO    |     - reddit_godot: 1 itens
2026-08-06 07:55:50 | INFO    |     - router: 1 itens
2026-08-06 07:55:50 | INFO    |     - security: 1 itens
2026-08-06 07:55:50 | INFO    |     - sparkhub: 1 itens
2026-08-06 07:55:50 | INFO    |     - storage_parser: 1 itens
2026-08-06 07:55:50 | INFO    |     - sync_audit: 24 itens
2026-08-06 07:55:50 | INFO    |     - system_status: 13 itens
2026-08-06 07:55:50 | INFO    |     - terabox: 1 itens
2026-08-06 07:55:50 | INFO    |     - tiktok_shop: 1 itens
2026-08-06 07:55:50 | INFO    |     - web_research_insights: 62 itens
2026-08-06 07:55:50 | INFO    | [MemPalace] Gravado: Asa=Email | Sala=gmail:Principal:19fd4b2491b5e40f
2026-08-06 07:55:50 | INFO    |     De: "🦁gigi🦁 no TikTok" <notification@service.tiktok.com> Assunto: 🦁gigi🦁 enviou uma mensagem para você Data: Thu, 06 Aug 2026 01:31:21 +0000 Korwoo, r...

2026-08-06 07:55:50 | INFO    | 
=== Gmail [Trabalho] ===
2026-08-06 07:55:52 | INFO    | [MEMPALACE] Resumo completo de agrupamento (Total: 436):
2026-08-06 07:55:52 | INFO    |     - 3d: 1 itens
2026-08-06 07:55:52 | INFO    |     - Diretorios: 4 itens
2026-08-06 07:55:52 | INFO    |     - Edicao: 1 itens
2026-08-06 07:55:52 | INFO    |     - Fisica: 1 itens
2026-08-06 07:55:52 | INFO    |     - MCP: 1 itens
2026-08-06 07:55:52 | INFO    |     - RH: 8 itens
2026-08-06 07:55:52 | INFO    |     - SalaComum: 9 itens
2026-08-06 07:55:52 | INFO    |     - TestRoom: 5 itens
2026-08-06 07:55:52 | INFO    |     - Validacao: 1 itens
2026-08-06 07:55:52 | INFO    |     - Windows_MCP: 7 itens
2026-08-06 07:55:52 | INFO    |     - accounts_contacts: 2 itens
2026-08-06 07:55:52 | INFO    |     - agent_tasks: 24 itens
2026-08-06 07:55:52 | INFO    |     - alerts: 13 itens
2026-08-06 07:55:52 | INFO    |     - android_and_pc_registrations: 21 itens
2026-08-06 07:55:52 | INFO    |     - antigravity: 1 itens
2026-08-06 07:55:52 | INFO    |     - career: 1 itens
2026-08-06 07:55:52 | INFO    |     - delika: 1 itens
2026-08-06 07:55:52 | INFO    |     - design: 1 itens
2026-08-06 07:55:52 | INFO    |     - dev: 1 itens
2026-08-06 07:55:52 | INFO    |     - Drive Principal: 46 itens
2026-08-06 07:55:52 | INFO    |     - Drive Trabalho: 5 itens
2026-08-06 07:55:52 | INFO    |     - drive_docs: 21 itens
2026-08-06 07:55:52 | INFO    |     - drive_shared_files: 10 itens
2026-08-06 07:55:52 | INFO    |     - education: 1 itens
2026-08-06 07:55:52 | INFO    |     - family: 1 itens
2026-08-06 07:55:52 | INFO    |     - github_repos: 2 itens
2026-08-06 07:55:52 | INFO    |     - Gmail Principal: 37 itens
2026-08-06 07:55:52 | INFO    |     - Gmail Trabalho: 30 itens
2026-08-06 07:55:52 | INFO    |     - gmail_linked_accounts: 11 itens
2026-08-06 07:55:52 | INFO    |     - gmail_notifications: 16 itens
2026-08-06 07:55:52 | INFO    |     - google_docs: 36 itens
2026-08-06 07:55:52 | INFO    |     - hardware: 2 itens
2026-08-06 07:55:52 | INFO    |     - jubileu: 4 itens
2026-08-06 07:55:52 | INFO    |     - mary_kay: 1 itens
2026-08-06 07:55:52 | INFO    |     - neon_orbit: 1 itens
2026-08-06 07:55:52 | INFO    |     - onedrive: 1 itens
2026-08-06 07:55:52 | INFO    |     - personal: 2 itens
2026-08-06 07:55:52 | INFO    |     - reddit_godot: 1 itens
2026-08-06 07:55:52 | INFO    |     - router: 1 itens
2026-08-06 07:55:52 | INFO    |     - security: 1 itens
2026-08-06 07:55:52 | INFO    |     - sparkhub: 1 itens
2026-08-06 07:55:52 | INFO    |     - storage_parser: 1 itens
2026-08-06 07:55:52 | INFO    |     - sync_audit: 24 itens
2026-08-06 07:55:52 | INFO    |     - system_status: 13 itens
2026-08-06 07:55:52 | INFO    |     - terabox: 1 itens
2026-08-06 07:55:52 | INFO    |     - tiktok_shop: 1 itens
2026-08-06 07:55:52 | INFO    |     - web_research_insights: 62 itens
2026-08-06 07:55:55 | INFO    | [MemPalace] Gravado: Asa=Email | Sala=gmail:Trabalho:19fd6b1e1baeb437
2026-08-06 07:55:55 | INFO    |     De: "Condições Oficiais – Claro com Acordo Certo" <contato@cp.acordocerto.com.br> Assunto: Tem um registro importante no seu nome Data: Thu, 6 Aug 202...

2026-08-06 07:55:56 | INFO    | [MEMPALACE] Resumo completo de agrupamento (Total: 437):
2026-08-06 07:55:56 | INFO    |     - 3d: 1 itens
2026-08-06 07:55:56 | INFO    |     - Diretorios: 4 itens
2026-08-06 07:55:56 | INFO    |     - Edicao: 1 itens
2026-08-06 07:55:56 | INFO    |     - Fisica: 1 itens
2026-08-06 07:55:56 | INFO    |     - MCP: 1 itens
2026-08-06 07:55:56 | INFO    |     - RH: 8 itens
2026-08-06 07:55:56 | INFO    |     - SalaComum: 9 itens
2026-08-06 07:55:56 | INFO    |     - TestRoom: 5 itens
2026-08-06 07:55:56 | INFO    |     - Validacao: 1 itens
2026-08-06 07:55:56 | INFO    |     - Windows_MCP: 7 itens
2026-08-06 07:55:56 | INFO    |     - accounts_contacts: 2 itens
2026-08-06 07:55:56 | INFO    |     - agent_tasks: 24 itens
2026-08-06 07:55:56 | INFO    |     - alerts: 13 itens
2026-08-06 07:55:56 | INFO    |     - android_and_pc_registrations: 21 itens
2026-08-06 07:55:56 | INFO    |     - antigravity: 1 itens
2026-08-06 07:55:56 | INFO    |     - career: 1 itens
2026-08-06 07:55:56 | INFO    |     - delika: 1 itens
2026-08-06 07:55:56 | INFO    |     - design: 1 itens
2026-08-06 07:55:56 | INFO    |     - dev: 1 itens
2026-08-06 07:55:56 | INFO    |     - Drive Principal: 46 itens
2026-08-06 07:55:56 | INFO    |     - Drive Trabalho: 5 itens
2026-08-06 07:55:56 | INFO    |     - drive_docs: 21 itens
2026-08-06 07:55:56 | INFO    |     - drive_shared_files: 10 itens
2026-08-06 07:55:56 | INFO    |     - education: 1 itens
2026-08-06 07:55:56 | INFO    |     - family: 1 itens
2026-08-06 07:55:56 | INFO    |     - github_repos: 2 itens
2026-08-06 07:55:56 | INFO    |     - Gmail Principal: 37 itens
2026-08-06 07:55:56 | INFO    |     - Gmail Trabalho: 31 itens
2026-08-06 07:55:56 | INFO    |     - gmail_linked_accounts: 11 itens
2026-08-06 07:55:56 | INFO    |     - gmail_notifications: 16 itens
2026-08-06 07:55:56 | INFO    |     - google_docs: 36 itens
2026-08-06 07:55:56 | INFO    |     - hardware: 2 itens
2026-08-06 07:55:56 | INFO    |     - jubileu: 4 itens
2026-08-06 07:55:56 | INFO    |     - mary_kay: 1 itens
2026-08-06 07:55:56 | INFO    |     - neon_orbit: 1 itens
2026-08-06 07:55:56 | INFO    |     - onedrive: 1 itens
2026-08-06 07:55:56 | INFO    |     - personal: 2 itens
2026-08-06 07:55:56 | INFO    |     - reddit_godot: 1 itens
2026-08-06 07:55:56 | INFO    |     - router: 1 itens
2026-08-06 07:55:56 | INFO    |     - security: 1 itens
2026-08-06 07:55:56 | INFO    |     - sparkhub: 1 itens
2026-08-06 07:55:56 | INFO    |     - storage_parser: 1 itens
2026-08-06 07:55:56 | INFO    |     - sync_audit: 24 itens
2026-08-06 07:55:56 | INFO    |     - system_status: 13 itens
2026-08-06 07:55:56 | INFO    |     - terabox: 1 itens
2026-08-06 07:55:56 | INFO    |     - tiktok_shop: 1 itens
2026-08-06 07:55:56 | INFO    |     - web_research_insights: 62 itens
2026-08-06 07:55:56 | INFO    | [MemPalace] Gravado: Asa=Email | Sala=gmail:Trabalho:19fd65e76a63cff4
2026-08-06 07:55:56 | INFO    |     De: "Start Seu Dia — StartSe" <relacionamento@mail1.startse.com> Assunto: Como fugir de hype ao implementar IA Data: Thu, 6 Aug 2026 06:18:58 -0300 Fl...

2026-08-06 07:55:56 | INFO    | 
[OK] Ingestão concluída.
2026-08-06 07:55:58 | INFO    | [MEMPALACE] Resumo completo de agrupamento (Total: 438):
2026-08-06 07:55:58 | INFO    |     - 3d: 1 itens
2026-08-06 07:55:58 | INFO    |     - Diretorios: 4 itens
2026-08-06 07:55:58 | INFO    |     - Edicao: 1 itens
2026-08-06 07:55:58 | INFO    |     - Fisica: 1 itens
2026-08-06 07:55:58 | INFO    |     - MCP: 1 itens
2026-08-06 07:55:58 | INFO    |     - RH: 8 itens
2026-08-06 07:55:58 | INFO    |     - SalaComum: 9 itens
2026-08-06 07:55:58 | INFO    |     - TestRoom: 5 itens
2026-08-06 07:55:58 | INFO    |     - Validacao: 1 itens
2026-08-06 07:55:58 | INFO    |     - Windows_MCP: 7 itens
2026-08-06 07:55:58 | INFO    |     - accounts_contacts: 2 itens
2026-08-06 07:55:58 | INFO    |     - agent_tasks: 24 itens
2026-08-06 07:55:58 | INFO    |     - alerts: 13 itens
2026-08-06 07:55:58 | INFO    |     - android_and_pc_registrations: 21 itens
2026-08-06 07:55:58 | INFO    |     - antigravity: 1 itens
2026-08-06 07:55:58 | INFO    |     - career: 1 itens
2026-08-06 07:55:58 | INFO    |     - delika: 1 itens
2026-08-06 07:55:58 | INFO    |     - design: 1 itens
2026-08-06 07:55:58 | INFO    |     - dev: 1 itens
2026-08-06 07:55:58 | INFO    |     - Drive Principal: 46 itens
2026-08-06 07:55:58 | INFO    |     - Drive Trabalho: 5 itens
2026-08-06 07:55:58 | INFO    |     - drive_docs: 21 itens
2026-08-06 07:55:58 | INFO    |     - drive_shared_files: 10 itens
2026-08-06 07:55:58 | INFO    |     - education: 1 itens
2026-08-06 07:55:58 | INFO    |     - family: 1 itens
2026-08-06 07:55:58 | INFO    |     - github_repos: 2 itens
2026-08-06 07:55:58 | INFO    |     - Gmail Principal: 37 itens
2026-08-06 07:55:58 | INFO    |     - Gmail Trabalho: 32 itens
2026-08-06 07:55:58 | INFO    |     - gmail_linked_accounts: 11 itens
2026-08-06 07:55:58 | INFO    |     - gmail_notifications: 16 itens
2026-08-06 07:55:58 | INFO    |     - google_docs: 36 itens
2026-08-06 07:55:58 | INFO    |     - hardware: 2 itens
2026-08-06 07:55:58 | INFO    |     - jubileu: 4 itens
2026-08-06 07:55:58 | INFO    |     - mary_kay: 1 itens
2026-08-06 07:55:58 | INFO    |     - neon_orbit: 1 itens
2026-08-06 07:55:58 | INFO    |     - onedrive: 1 itens
2026-08-06 07:55:58 | INFO    |     - personal: 2 itens
2026-08-06 07:55:58 | INFO    |     - reddit_godot: 1 itens
2026-08-06 07:55:58 | INFO    |     - router: 1 itens
2026-08-06 07:55:58 | INFO    |     - security: 1 itens
2026-08-06 07:55:58 | INFO    |     - sparkhub: 1 itens
2026-08-06 07:55:58 | INFO    |     - storage_parser: 1 itens
2026-08-06 07:55:58 | INFO    |     - sync_audit: 24 itens
2026-08-06 07:55:58 | INFO    |     - system_status: 13 itens
2026-08-06 07:55:58 | INFO    |     - terabox: 1 itens
2026-08-06 07:55:58 | INFO    |     - tiktok_shop: 1 itens
2026-08-06 07:55:58 | INFO    |     - web_research_insights: 62 itens
2026-08-06 07:56:05 | INFO    | 
=== Drive [Principal] ===
2026-08-06 07:56:09 | INFO    | [MemPalace] Gravado: Asa=Documento | Sala=drive:Principal:1uspx3CGCwgT84vZ_hMJmgmdY3xQEQZj4UIsvW55VEXA
2026-08-06 07:56:09 | INFO    |     Documento: Guia Completo de Serviços - Google Meu Negócio

﻿Guia Completo e Consolidado da Esteira de Serviços do Perfil da Empresa no Google 1. Apres...

2026-08-06 07:56:10 | INFO    | [MEMPALACE] Resumo completo de agrupamento (Total: 439):
2026-08-06 07:56:10 | INFO    |     - 3d: 1 itens
2026-08-06 07:56:10 | INFO    |     - Diretorios: 4 itens
2026-08-06 07:56:10 | INFO    |     - Edicao: 1 itens
2026-08-06 07:56:10 | INFO    |     - Fisica: 1 itens
2026-08-06 07:56:10 | INFO    |     - MCP: 1 itens
2026-08-06 07:56:10 | INFO    |     - RH: 8 itens
2026-08-06 07:56:10 | INFO    |     - SalaComum: 9 itens
2026-08-06 07:56:10 | INFO    |     - TestRoom: 5 itens
2026-08-06 07:56:10 | INFO    |     - Validacao: 1 itens
2026-08-06 07:56:10 | INFO    |     - Windows_MCP: 7 itens
2026-08-06 07:56:10 | INFO    |     - accounts_contacts: 2 itens
2026-08-06 07:56:10 | INFO    |     - agent_tasks: 24 itens
2026-08-06 07:56:10 | INFO    |     - alerts: 13 itens
2026-08-06 07:56:10 | INFO    |     - android_and_pc_registrations: 21 itens
2026-08-06 07:56:10 | INFO    |     - antigravity: 1 itens
2026-08-06 07:56:10 | INFO    |     - career: 1 itens
2026-08-06 07:56:10 | INFO    |     - delika: 1 itens
2026-08-06 07:56:10 | INFO    |     - design: 1 itens
2026-08-06 07:56:10 | INFO    |     - dev: 1 itens
2026-08-06 07:56:10 | INFO    |     - Drive Principal: 47 itens
2026-08-06 07:56:10 | INFO    |     - Drive Trabalho: 5 itens
2026-08-06 07:56:10 | INFO    |     - drive_docs: 21 itens
2026-08-06 07:56:10 | INFO    |     - drive_shared_files: 10 itens
2026-08-06 07:56:10 | INFO    |     - education: 1 itens
2026-08-06 07:56:10 | INFO    |     - family: 1 itens
2026-08-06 07:56:10 | INFO    |     - github_repos: 2 itens
2026-08-06 07:56:10 | INFO    |     - Gmail Principal: 37 itens
2026-08-06 07:56:10 | INFO    |     - Gmail Trabalho: 32 itens
2026-08-06 07:56:10 | INFO    |     - gmail_linked_accounts: 11 itens
2026-08-06 07:56:10 | INFO    |     - gmail_notifications: 16 itens
2026-08-06 07:56:10 | INFO    |     - google_docs: 36 itens
2026-08-06 07:56:10 | INFO    |     - hardware: 2 itens
2026-08-06 07:56:10 | INFO    |     - jubileu: 4 itens
2026-08-06 07:56:10 | INFO    |     - mary_kay: 1 itens
2026-08-06 07:56:10 | INFO    |     - neon_orbit: 1 itens
2026-08-06 07:56:10 | INFO    |     - onedrive: 1 itens
2026-08-06 07:56:10 | INFO    |     - personal: 2 itens
2026-08-06 07:56:10 | INFO    |     - reddit_godot: 1 itens
2026-08-06 07:56:10 | INFO    |     - router: 1 itens
2026-08-06 07:56:10 | INFO    |     - security: 1 itens
2026-08-06 07:56:10 | INFO    |     - sparkhub: 1 itens
2026-08-06 07:56:10 | INFO    |     - storage_parser: 1 itens
2026-08-06 07:56:10 | INFO    |     - sync_audit: 24 itens
2026-08-06 07:56:10 | INFO    |     - system_status: 13 itens
2026-08-06 07:56:10 | INFO    |     - terabox: 1 itens
2026-08-06 07:56:10 | INFO    |     - tiktok_shop: 1 itens
2026-08-06 07:56:10 | INFO    |     - web_research_insights: 62 itens
2026-08-06 07:56:11 | INFO    | [MemPalace] Gravado: Asa=Documento | Sala=drive:Principal:1BQHlUjDsSEFYgfhsCi-K6qQlGz8SqRer3XgETg3G7x8
2026-08-06 07:56:11 | INFO    |     Documento: Plano_Execucao_Resiliencia_Tokens_Moltbook_SparkHub.md

﻿Plano de Execução Canônica: Tríplice Resiliência de Tokens & Integração Moltbook n...

2026-08-06 07:56:12 | INFO    | [MEMPALACE] Resumo completo de agrupamento (Total: 440):
2026-08-06 07:56:12 | INFO    |     - 3d: 1 itens
2026-08-06 07:56:12 | INFO    |     - Diretorios: 4 itens
2026-08-06 07:56:12 | INFO    |     - Edicao: 1 itens
2026-08-06 07:56:12 | INFO    |     - Fisica: 1 itens
2026-08-06 07:56:12 | INFO    |     - MCP: 1 itens
2026-08-06 07:56:12 | INFO    |     - RH: 8 itens
2026-08-06 07:56:12 | INFO    |     - SalaComum: 9 itens
2026-08-06 07:56:12 | INFO    |     - TestRoom: 5 itens
2026-08-06 07:56:12 | INFO    |     - Validacao: 1 itens
2026-08-06 07:56:12 | INFO    |     - Windows_MCP: 7 itens
2026-08-06 07:56:12 | INFO    |     - accounts_contacts: 2 itens
2026-08-06 07:56:12 | INFO    |     - agent_tasks: 24 itens
2026-08-06 07:56:12 | INFO    |     - alerts: 13 itens
2026-08-06 07:56:12 | INFO    |     - android_and_pc_registrations: 21 itens
2026-08-06 07:56:12 | INFO    |     - antigravity: 1 itens
2026-08-06 07:56:12 | INFO    |     - career: 1 itens
2026-08-06 07:56:12 | INFO    |     - delika: 1 itens
2026-08-06 07:56:12 | INFO    |     - design: 1 itens
2026-08-06 07:56:12 | INFO    |     - dev: 1 itens
2026-08-06 07:56:12 | INFO    |     - Drive Principal: 48 itens
2026-08-06 07:56:12 | INFO    |     - Drive Trabalho: 5 itens
2026-08-06 07:56:12 | INFO    |     - drive_docs: 21 itens
2026-08-06 07:56:12 | INFO    |     - drive_shared_files: 10 itens
2026-08-06 07:56:12 | INFO    |     - education: 1 itens
2026-08-06 07:56:12 | INFO    |     - family: 1 itens
2026-08-06 07:56:12 | INFO    |     - github_repos: 2 itens
2026-08-06 07:56:12 | INFO    |     - Gmail Principal: 37 itens
2026-08-06 07:56:12 | INFO    |     - Gmail Trabalho: 32 itens
2026-08-06 07:56:12 | INFO    |     - gmail_linked_accounts: 11 itens
2026-08-06 07:56:12 | INFO    |     - gmail_notifications: 16 itens
2026-08-06 07:56:12 | INFO    |     - google_docs: 36 itens
2026-08-06 07:56:12 | INFO    |     - hardware: 2 itens
2026-08-06 07:56:12 | INFO    |     - jubileu: 4 itens
2026-08-06 07:56:12 | INFO    |     - mary_kay: 1 itens
2026-08-06 07:56:12 | INFO    |     - neon_orbit: 1 itens
2026-08-06 07:56:12 | INFO    |     - onedrive: 1 itens
2026-08-06 07:56:12 | INFO    |     - personal: 2 itens
2026-08-06 07:56:12 | INFO    |     - reddit_godot: 1 itens
2026-08-06 07:56:12 | INFO    |     - router: 1 itens
2026-08-06 07:56:12 | INFO    |     - security: 1 itens
2026-08-06 07:56:12 | INFO    |     - sparkhub: 1 itens
2026-08-06 07:56:12 | INFO    |     - storage_parser: 1 itens
2026-08-06 07:56:12 | INFO    |     - sync_audit: 24 itens
2026-08-06 07:56:12 | INFO    |     - system_status: 13 itens
2026-08-06 07:56:12 | INFO    |     - terabox: 1 itens
2026-08-06 07:56:12 | INFO    |     - tiktok_shop: 1 itens
2026-08-06 07:56:12 | INFO    |     - web_research_insights: 62 itens
2026-08-06 07:56:14 | INFO    | [MemPalace] Gravado: Asa=Documento | Sala=drive:Principal:1G7-fvB7OYZga4X32sqmVD2MRjJy-FtaPZN3eYP_6Z74
2026-08-06 07:56:14 | INFO    |     Documento: TASK_Macro_Bussola_SparkHub_v3.md

﻿📑 TASK.md — Checklist Mestre & Macro-Bússola: SparkHub v3.0 Documento de Governança, Status de Execução...

2026-08-06 07:56:14 | INFO    | [MEMPALACE] Resumo completo de agrupamento (Total: 441):
2026-08-06 07:56:14 | INFO    |     - 3d: 1 itens
2026-08-06 07:56:14 | INFO    |     - Diretorios: 4 itens
2026-08-06 07:56:14 | INFO    |     - Edicao: 1 itens
2026-08-06 07:56:14 | INFO    |     - Fisica: 1 itens
2026-08-06 07:56:14 | INFO    |     - MCP: 1 itens
2026-08-06 07:56:14 | INFO    |     - RH: 8 itens
2026-08-06 07:56:14 | INFO    |     - SalaComum: 9 itens
2026-08-06 07:56:14 | INFO    |     - TestRoom: 5 itens
2026-08-06 07:56:14 | INFO    |     - Validacao: 1 itens
2026-08-06 07:56:14 | INFO    |     - Windows_MCP: 7 itens
2026-08-06 07:56:14 | INFO    |     - accounts_contacts: 2 itens
2026-08-06 07:56:14 | INFO    |     - agent_tasks: 24 itens
2026-08-06 07:56:14 | INFO    |     - alerts: 13 itens
2026-08-06 07:56:14 | INFO    |     - android_and_pc_registrations: 21 itens
2026-08-06 07:56:14 | INFO    |     - antigravity: 1 itens
2026-08-06 07:56:14 | INFO    |     - career: 1 itens
2026-08-06 07:56:14 | INFO    |     - delika: 1 itens
2026-08-06 07:56:14 | INFO    |     - design: 1 itens
2026-08-06 07:56:14 | INFO    |     - dev: 1 itens
2026-08-06 07:56:14 | INFO    |     - Drive Principal: 49 itens
2026-08-06 07:56:14 | INFO    |     - Drive Trabalho: 5 itens
2026-08-06 07:56:14 | INFO    |     - drive_docs: 21 itens
2026-08-06 07:56:14 | INFO    |     - drive_shared_files: 10 itens
2026-08-06 07:56:14 | INFO    |     - education: 1 itens
2026-08-06 07:56:14 | INFO    |     - family: 1 itens
2026-08-06 07:56:14 | INFO    |     - github_repos: 2 itens
2026-08-06 07:56:14 | INFO    |     - Gmail Principal: 37 itens
2026-08-06 07:56:14 | INFO    |     - Gmail Trabalho: 32 itens
2026-08-06 07:56:14 | INFO    |     - gmail_linked_accounts: 11 itens
2026-08-06 07:56:14 | INFO    |     - gmail_notifications: 16 itens
2026-08-06 07:56:14 | INFO    |     - google_docs: 36 itens
2026-08-06 07:56:14 | INFO    |     - hardware: 2 itens
2026-08-06 07:56:14 | INFO    |     - jubileu: 4 itens
2026-08-06 07:56:14 | INFO    |     - mary_kay: 1 itens
2026-08-06 07:56:14 | INFO    |     - neon_orbit: 1 itens
2026-08-06 07:56:14 | INFO    |     - onedrive: 1 itens
2026-08-06 07:56:14 | INFO    |     - personal: 2 itens
2026-08-06 07:56:14 | INFO    |     - reddit_godot: 1 itens
2026-08-06 07:56:14 | INFO    |     - router: 1 itens
2026-08-06 07:56:14 | INFO    |     - security: 1 itens
2026-08-06 07:56:14 | INFO    |     - sparkhub: 1 itens
2026-08-06 07:56:14 | INFO    |     - storage_parser: 1 itens
2026-08-06 07:56:14 | INFO    |     - sync_audit: 24 itens
2026-08-06 07:56:14 | INFO    |     - system_status: 13 itens
2026-08-06 07:56:14 | INFO    |     - terabox: 1 itens
2026-08-06 07:56:14 | INFO    |     - tiktok_shop: 1 itens
2026-08-06 07:56:14 | INFO    |     - web_research_insights: 62 itens
2026-08-06 07:56:16 | INFO    | [MemPalace] Gravado: Asa=Documento | Sala=drive:Principal:1R_FUfs0Nwv0wTy3LswFrlsoeTjVEYPahNI8XKjsHe9c
2026-08-06 07:56:16 | INFO    |     Documento: Diretriz_Canonica_Arquitetura_DomainDriven_SparkHub.md

﻿📜 Diretriz Canônica: Arquitetura Domain-Driven & Contratos-First — SparkHub v3.0 D...

2026-08-06 07:56:18 | INFO    | [MEMPALACE] Resumo completo de agrupamento (Total: 442):
2026-08-06 07:56:18 | INFO    |     - 3d: 1 itens
2026-08-06 07:56:18 | INFO    |     - Diretorios: 4 itens
2026-08-06 07:56:18 | INFO    |     - Edicao: 1 itens
2026-08-06 07:56:18 | INFO    |     - Fisica: 1 itens
2026-08-06 07:56:18 | INFO    |     - MCP: 1 itens
2026-08-06 07:56:18 | INFO    |     - RH: 8 itens
2026-08-06 07:56:18 | INFO    |     - SalaComum: 9 itens
2026-08-06 07:56:18 | INFO    |     - TestRoom: 5 itens
2026-08-06 07:56:18 | INFO    |     - Validacao: 1 itens
2026-08-06 07:56:18 | INFO    |     - Windows_MCP: 7 itens
2026-08-06 07:56:18 | INFO    |     - accounts_contacts: 2 itens
2026-08-06 07:56:18 | INFO    |     - agent_tasks: 24 itens
2026-08-06 07:56:18 | INFO    |     - alerts: 13 itens
2026-08-06 07:56:18 | INFO    |     - android_and_pc_registrations: 21 itens
2026-08-06 07:56:18 | INFO    |     - antigravity: 1 itens
2026-08-06 07:56:18 | INFO    |     - career: 1 itens
2026-08-06 07:56:18 | INFO    |     - delika: 1 itens
2026-08-06 07:56:18 | INFO    |     - design: 1 itens
2026-08-06 07:56:18 | INFO    |     - dev: 1 itens
2026-08-06 07:56:18 | INFO    |     - Drive Principal: 50 itens
2026-08-06 07:56:18 | INFO    |     - Drive Trabalho: 5 itens
2026-08-06 07:56:18 | INFO    |     - drive_docs: 21 itens
2026-08-06 07:56:18 | INFO    |     - drive_shared_files: 10 itens
2026-08-06 07:56:18 | INFO    |     - education: 1 itens
2026-08-06 07:56:18 | INFO    |     - family: 1 itens
2026-08-06 07:56:18 | INFO    |     - github_repos: 2 itens
2026-08-06 07:56:18 | INFO    |     - Gmail Principal: 37 itens
2026-08-06 07:56:18 | INFO    |     - Gmail Trabalho: 32 itens
2026-08-06 07:56:18 | INFO    |     - gmail_linked_accounts: 11 itens
2026-08-06 07:56:18 | INFO    |     - gmail_notifications: 16 itens
2026-08-06 07:56:18 | INFO    |     - google_docs: 36 itens
2026-08-06 07:56:18 | INFO    |     - hardware: 2 itens
2026-08-06 07:56:18 | INFO    |     - jubileu: 4 itens
2026-08-06 07:56:18 | INFO    |     - mary_kay: 1 itens
2026-08-06 07:56:18 | INFO    |     - neon_orbit: 1 itens
2026-08-06 07:56:18 | INFO    |     - onedrive: 1 itens
2026-08-06 07:56:18 | INFO    |     - personal: 2 itens
2026-08-06 07:56:18 | INFO    |     - reddit_godot: 1 itens
2026-08-06 07:56:18 | INFO    |     - router: 1 itens
2026-08-06 07:56:18 | INFO    |     - security: 1 itens
2026-08-06 07:56:18 | INFO    |     - sparkhub: 1 itens
2026-08-06 07:56:18 | INFO    |     - storage_parser: 1 itens
2026-08-06 07:56:18 | INFO    |     - sync_audit: 24 itens
2026-08-06 07:56:18 | INFO    |     - system_status: 13 itens
2026-08-06 07:56:18 | INFO    |     - terabox: 1 itens
2026-08-06 07:56:18 | INFO    |     - tiktok_shop: 1 itens
2026-08-06 07:56:18 | INFO    |     - web_research_insights: 62 itens
2026-08-06 07:56:18 | INFO    | [MemPalace] Gravado: Asa=Documento | Sala=drive:Principal:1s5FnXMY-xyq4HBtzNNa3-pHbqtGm_v780T6yOGAtsC4
2026-08-06 07:56:18 | INFO    |     Documento: Relatorio_Oficial_Ecossistema_SparkHub.md

﻿🚀 Relatório Oficial do Ecossistema SparkHub v3.0 Status: 🟢 Ativo & 100% Operacional (Todas as 7...

2026-08-06 07:56:20 | INFO    | [MEMPALACE] Resumo completo de agrupamento (Total: 443):
2026-08-06 07:56:20 | INFO    |     - 3d: 1 itens
2026-08-06 07:56:20 | INFO    |     - Diretorios: 4 itens
2026-08-06 07:56:20 | INFO    |     - Edicao: 1 itens
2026-08-06 07:56:20 | INFO    |     - Fisica: 1 itens
2026-08-06 07:56:20 | INFO    |     - MCP: 1 itens
2026-08-06 07:56:20 | INFO    |     - RH: 8 itens
2026-08-06 07:56:20 | INFO    |     - SalaComum: 9 itens
2026-08-06 07:56:20 | INFO    |     - TestRoom: 5 itens
2026-08-06 07:56:20 | INFO    |     - Validacao: 1 itens
2026-08-06 07:56:20 | INFO    |     - Windows_MCP: 7 itens
2026-08-06 07:56:20 | INFO    |     - accounts_contacts: 2 itens
2026-08-06 07:56:20 | INFO    |     - agent_tasks: 24 itens
2026-08-06 07:56:20 | INFO    |     - alerts: 13 itens
2026-08-06 07:56:20 | INFO    |     - android_and_pc_registrations: 21 itens
2026-08-06 07:56:20 | INFO    |     - antigravity: 1 itens
2026-08-06 07:56:20 | INFO    |     - career: 1 itens
2026-08-06 07:56:20 | INFO    |     - delika: 1 itens
2026-08-06 07:56:20 | INFO    |     - design: 1 itens
2026-08-06 07:56:20 | INFO    |     - dev: 1 itens
2026-08-06 07:56:20 | INFO    |     - Drive Principal: 51 itens
2026-08-06 07:56:20 | INFO    |     - Drive Trabalho: 5 itens
2026-08-06 07:56:20 | INFO    |     - drive_docs: 21 itens
2026-08-06 07:56:20 | INFO    |     - drive_shared_files: 10 itens
2026-08-06 07:56:20 | INFO    |     - education: 1 itens
2026-08-06 07:56:20 | INFO    |     - family: 1 itens
2026-08-06 07:56:20 | INFO    |     - github_repos: 2 itens
2026-08-06 07:56:20 | INFO    |     - Gmail Principal: 37 itens
2026-08-06 07:56:20 | INFO    |     - Gmail Trabalho: 32 itens
2026-08-06 07:56:20 | INFO    |     - gmail_linked_accounts: 11 itens
2026-08-06 07:56:20 | INFO    |     - gmail_notifications: 16 itens
2026-08-06 07:56:20 | INFO    |     - google_docs: 36 itens
2026-08-06 07:56:20 | INFO    |     - hardware: 2 itens
2026-08-06 07:56:20 | INFO    |     - jubileu: 4 itens
2026-08-06 07:56:20 | INFO    |     - mary_kay: 1 itens
2026-08-06 07:56:20 | INFO    |     - neon_orbit: 1 itens
2026-08-06 07:56:20 | INFO    |     - onedrive: 1 itens
2026-08-06 07:56:20 | INFO    |     - personal: 2 itens
2026-08-06 07:56:20 | INFO    |     - reddit_godot: 1 itens
2026-08-06 07:56:20 | INFO    |     - router: 1 itens
2026-08-06 07:56:20 | INFO    |     - security: 1 itens
2026-08-06 07:56:20 | INFO    |     - sparkhub: 1 itens
2026-08-06 07:56:20 | INFO    |     - storage_parser: 1 itens
2026-08-06 07:56:20 | INFO    |     - sync_audit: 24 itens
2026-08-06 07:56:20 | INFO    |     - system_status: 13 itens
2026-08-06 07:56:20 | INFO    |     - terabox: 1 itens
2026-08-06 07:56:20 | INFO    |     - tiktok_shop: 1 itens
2026-08-06 07:56:20 | INFO    |     - web_research_insights: 62 itens
2026-08-06 07:56:21 | INFO    | [MemPalace] Gravado: Asa=Documento | Sala=drive:Principal:15ofoVHP7j-irepJ-M27F_PFAZL0W-iZkwSJCxklX76s
2026-08-06 07:56:21 | INFO    |     Documento: TASK_Macro_Bussola_SparkHub_v3.md

﻿📑 TASK.md — Checklist Mestre & Macro-Bússola: SparkHub v3.0 Documento de Governança, Status de Execução...

2026-08-06 07:56:22 | INFO    | [MEMPALACE] Resumo completo de agrupamento (Total: 444):
2026-08-06 07:56:22 | INFO    |     - 3d: 1 itens
2026-08-06 07:56:22 | INFO    |     - Diretorios: 4 itens
2026-08-06 07:56:22 | INFO    |     - Edicao: 1 itens
2026-08-06 07:56:22 | INFO    |     - Fisica: 1 itens
2026-08-06 07:56:22 | INFO    |     - MCP: 1 itens
2026-08-06 07:56:22 | INFO    |     - RH: 8 itens
2026-08-06 07:56:22 | INFO    |     - SalaComum: 9 itens
2026-08-06 07:56:22 | INFO    |     - TestRoom: 5 itens
2026-08-06 07:56:22 | INFO    |     - Validacao: 1 itens
2026-08-06 07:56:22 | INFO    |     - Windows_MCP: 7 itens
2026-08-06 07:56:22 | INFO    |     - accounts_contacts: 2 itens
2026-08-06 07:56:22 | INFO    |     - agent_tasks: 24 itens
2026-08-06 07:56:22 | INFO    |     - alerts: 13 itens
2026-08-06 07:56:22 | INFO    |     - android_and_pc_registrations: 21 itens
2026-08-06 07:56:22 | INFO    |     - antigravity: 1 itens
2026-08-06 07:56:22 | INFO    |     - career: 1 itens
2026-08-06 07:56:22 | INFO    |     - delika: 1 itens
2026-08-06 07:56:22 | INFO    |     - design: 1 itens
2026-08-06 07:56:22 | INFO    |     - dev: 1 itens
2026-08-06 07:56:22 | INFO    |     - Drive Principal: 52 itens
2026-08-06 07:56:22 | INFO    |     - Drive Trabalho: 5 itens
2026-08-06 07:56:22 | INFO    |     - drive_docs: 21 itens
2026-08-06 07:56:22 | INFO    |     - drive_shared_files: 10 itens
2026-08-06 07:56:22 | INFO    |     - education: 1 itens
2026-08-06 07:56:22 | INFO    |     - family: 1 itens
2026-08-06 07:56:22 | INFO    |     - github_repos: 2 itens
2026-08-06 07:56:22 | INFO    |     - Gmail Principal: 37 itens
2026-08-06 07:56:22 | INFO    |     - Gmail Trabalho: 32 itens
2026-08-06 07:56:22 | INFO    |     - gmail_linked_accounts: 11 itens
2026-08-06 07:56:22 | INFO    |     - gmail_notifications: 16 itens
2026-08-06 07:56:22 | INFO    |     - google_docs: 36 itens
2026-08-06 07:56:22 | INFO    |     - hardware: 2 itens
2026-08-06 07:56:22 | INFO    |     - jubileu: 4 itens
2026-08-06 07:56:22 | INFO    |     - mary_kay: 1 itens
2026-08-06 07:56:22 | INFO    |     - neon_orbit: 1 itens
2026-08-06 07:56:22 | INFO    |     - onedrive: 1 itens
2026-08-06 07:56:22 | INFO    |     - personal: 2 itens
2026-08-06 07:56:22 | INFO    |     - reddit_godot: 1 itens
2026-08-06 07:56:22 | INFO    |     - router: 1 itens
2026-08-06 07:56:22 | INFO    |     - security: 1 itens
2026-08-06 07:56:22 | INFO    |     - sparkhub: 1 itens
2026-08-06 07:56:22 | INFO    |     - storage_parser: 1 itens
2026-08-06 07:56:22 | INFO    |     - sync_audit: 24 itens
2026-08-06 07:56:22 | INFO    |     - system_status: 13 itens
2026-08-06 07:56:22 | INFO    |     - terabox: 1 itens
2026-08-06 07:56:22 | INFO    |     - tiktok_shop: 1 itens
2026-08-06 07:56:22 | INFO    |     - web_research_insights: 62 itens
2026-08-06 07:56:24 | INFO    | [MemPalace] Gravado: Asa=Documento | Sala=drive:Principal:1b__7Sg4UxjODQXL0olWD9fqffcRTcXlhfrJ1JfvI-BY
2026-08-06 07:56:24 | INFO    |     Documento: Plano_Mestre_Seguranca_e_Ingestao_Proativa_MemPalace.md

﻿📑 Plano Mestre: Segurança, Criptografia Seletiva & Ingestão Proativa — SparkHub v...

2026-08-06 07:56:24 | INFO    | [MEMPALACE] Resumo completo de agrupamento (Total: 445):
2026-08-06 07:56:24 | INFO    |     - 3d: 1 itens
2026-08-06 07:56:24 | INFO    |     - Diretorios: 4 itens
2026-08-06 07:56:24 | INFO    |     - Edicao: 1 itens
2026-08-06 07:56:24 | INFO    |     - Fisica: 1 itens
2026-08-06 07:56:24 | INFO    |     - MCP: 1 itens
2026-08-06 07:56:24 | INFO    |     - RH: 8 itens
2026-08-06 07:56:24 | INFO    |     - SalaComum: 9 itens
2026-08-06 07:56:24 | INFO    |     - TestRoom: 5 itens
2026-08-06 07:56:24 | INFO    |     - Validacao: 1 itens
2026-08-06 07:56:24 | INFO    |     - Windows_MCP: 7 itens
2026-08-06 07:56:24 | INFO    |     - accounts_contacts: 2 itens
2026-08-06 07:56:24 | INFO    |     - agent_tasks: 24 itens
2026-08-06 07:56:24 | INFO    |     - alerts: 13 itens
2026-08-06 07:56:24 | INFO    |     - android_and_pc_registrations: 21 itens
2026-08-06 07:56:24 | INFO    |     - antigravity: 1 itens
2026-08-06 07:56:24 | INFO    |     - career: 1 itens
2026-08-06 07:56:24 | INFO    |     - delika: 1 itens
2026-08-06 07:56:24 | INFO    |     - design: 1 itens
2026-08-06 07:56:24 | INFO    |     - dev: 1 itens
2026-08-06 07:56:24 | INFO    |     - Drive Principal: 53 itens
2026-08-06 07:56:24 | INFO    |     - Drive Trabalho: 5 itens
2026-08-06 07:56:24 | INFO    |     - drive_docs: 21 itens
2026-08-06 07:56:24 | INFO    |     - drive_shared_files: 10 itens
2026-08-06 07:56:24 | INFO    |     - education: 1 itens
2026-08-06 07:56:24 | INFO    |     - family: 1 itens
2026-08-06 07:56:24 | INFO    |     - github_repos: 2 itens
2026-08-06 07:56:24 | INFO    |     - Gmail Principal: 37 itens
2026-08-06 07:56:24 | INFO    |     - Gmail Trabalho: 32 itens
2026-08-06 07:56:24 | INFO    |     - gmail_linked_accounts: 11 itens
2026-08-06 07:56:24 | INFO    |     - gmail_notifications: 16 itens
2026-08-06 07:56:24 | INFO    |     - google_docs: 36 itens
2026-08-06 07:56:24 | INFO    |     - hardware: 2 itens
2026-08-06 07:56:24 | INFO    |     - jubileu: 4 itens
2026-08-06 07:56:24 | INFO    |     - mary_kay: 1 itens
2026-08-06 07:56:24 | INFO    |     - neon_orbit: 1 itens
2026-08-06 07:56:24 | INFO    |     - onedrive: 1 itens
2026-08-06 07:56:24 | INFO    |     - personal: 2 itens
2026-08-06 07:56:24 | INFO    |     - reddit_godot: 1 itens
2026-08-06 07:56:24 | INFO    |     - router: 1 itens
2026-08-06 07:56:24 | INFO    |     - security: 1 itens
2026-08-06 07:56:24 | INFO    |     - sparkhub: 1 itens
2026-08-06 07:56:24 | INFO    |     - storage_parser: 1 itens
2026-08-06 07:56:24 | INFO    |     - sync_audit: 24 itens
2026-08-06 07:56:24 | INFO    |     - system_status: 13 itens
2026-08-06 07:56:24 | INFO    |     - terabox: 1 itens
2026-08-06 07:56:24 | INFO    |     - tiktok_shop: 1 itens
2026-08-06 07:56:24 | INFO    |     - web_research_insights: 62 itens
2026-08-06 07:56:26 | INFO    | [MemPalace] Gravado: Asa=Documento | Sala=drive:Principal:1mrFoQ1ILx2mNhm_X1EEA3glN1_nukWy48ZdDD5dIZuQ
2026-08-06 07:56:26 | INFO    |     Documento: Plano_Coleta_Proativa_Total_MemPalace_SparkHub.md

﻿📑 Plano Mestre: Coleta Proativa Total (PC + Workspace + Redes + Histórico Web + GitHub)...

2026-08-06 07:56:26 | INFO    | [MEMPALACE] Resumo completo de agrupamento (Total: 446):
2026-08-06 07:56:26 | INFO    |     - 3d: 1 itens
2026-08-06 07:56:26 | INFO    |     - Diretorios: 4 itens
2026-08-06 07:56:26 | INFO    |     - Edicao: 1 itens
2026-08-06 07:56:26 | INFO    |     - Fisica: 1 itens
2026-08-06 07:56:26 | INFO    |     - MCP: 1 itens
2026-08-06 07:56:26 | INFO    |     - RH: 8 itens
2026-08-06 07:56:26 | INFO    |     - SalaComum: 9 itens
2026-08-06 07:56:26 | INFO    |     - TestRoom: 5 itens
2026-08-06 07:56:26 | INFO    |     - Validacao: 1 itens
2026-08-06 07:56:26 | INFO    |     - Windows_MCP: 7 itens
2026-08-06 07:56:26 | INFO    |     - accounts_contacts: 2 itens
2026-08-06 07:56:26 | INFO    |     - agent_tasks: 24 itens
2026-08-06 07:56:26 | INFO    |     - alerts: 13 itens
2026-08-06 07:56:26 | INFO    |     - android_and_pc_registrations: 21 itens
2026-08-06 07:56:26 | INFO    |     - antigravity: 1 itens
2026-08-06 07:56:26 | INFO    |     - career: 1 itens
2026-08-06 07:56:26 | INFO    |     - delika: 1 itens
2026-08-06 07:56:26 | INFO    |     - design: 1 itens
2026-08-06 07:56:26 | INFO    |     - dev: 1 itens
2026-08-06 07:56:26 | INFO    |     - Drive Principal: 54 itens
2026-08-06 07:56:26 | INFO    |     - Drive Trabalho: 5 itens
2026-08-06 07:56:26 | INFO    |     - drive_docs: 21 itens
2026-08-06 07:56:26 | INFO    |     - drive_shared_files: 10 itens
2026-08-06 07:56:26 | INFO    |     - education: 1 itens
2026-08-06 07:56:26 | INFO    |     - family: 1 itens
2026-08-06 07:56:26 | INFO    |     - github_repos: 2 itens
2026-08-06 07:56:26 | INFO    |     - Gmail Principal: 37 itens
2026-08-06 07:56:26 | INFO    |     - Gmail Trabalho: 32 itens
2026-08-06 07:56:26 | INFO    |     - gmail_linked_accounts: 11 itens
2026-08-06 07:56:26 | INFO    |     - gmail_notifications: 16 itens
2026-08-06 07:56:26 | INFO    |     - google_docs: 36 itens
2026-08-06 07:56:26 | INFO    |     - hardware: 2 itens
2026-08-06 07:56:26 | INFO    |     - jubileu: 4 itens
2026-08-06 07:56:26 | INFO    |     - mary_kay: 1 itens
2026-08-06 07:56:26 | INFO    |     - neon_orbit: 1 itens
2026-08-06 07:56:26 | INFO    |     - onedrive: 1 itens
2026-08-06 07:56:26 | INFO    |     - personal: 2 itens
2026-08-06 07:56:26 | INFO    |     - reddit_godot: 1 itens
2026-08-06 07:56:26 | INFO    |     - router: 1 itens
2026-08-06 07:56:26 | INFO    |     - security: 1 itens
2026-08-06 07:56:26 | INFO    |     - sparkhub: 1 itens
2026-08-06 07:56:26 | INFO    |     - storage_parser: 1 itens
2026-08-06 07:56:26 | INFO    |     - sync_audit: 24 itens
2026-08-06 07:56:26 | INFO    |     - system_status: 13 itens
2026-08-06 07:56:26 | INFO    |     - terabox: 1 itens
2026-08-06 07:56:26 | INFO    |     - tiktok_shop: 1 itens
2026-08-06 07:56:26 | INFO    |     - web_research_insights: 62 itens
2026-08-06 07:56:28 | INFO    | [MemPalace] Gravado: Asa=Documento | Sala=drive:Principal:1t7L0hUWKCJQX9evYjdM6eZUiEvbEN2jfuXd3cKk3boI
2026-08-06 07:56:28 | INFO    |     Documento: Plano_Coleta_Proativa_Total_MemPalace_SparkHub.md

﻿📑 Plano Mestre: Coleta Proativa Total (PC + Google Workspace + Redes + Histórico Web) —...

2026-08-06 07:56:30 | INFO    | [MEMPALACE] Resumo completo de agrupamento (Total: 447):
2026-08-06 07:56:30 | INFO    |     - 3d: 1 itens
2026-08-06 07:56:30 | INFO    |     - Diretorios: 4 itens
2026-08-06 07:56:30 | INFO    |     - Edicao: 1 itens
2026-08-06 07:56:30 | INFO    |     - Fisica: 1 itens
2026-08-06 07:56:30 | INFO    |     - MCP: 1 itens
2026-08-06 07:56:30 | INFO    |     - RH: 8 itens
2026-08-06 07:56:30 | INFO    |     - SalaComum: 9 itens
2026-08-06 07:56:30 | INFO    |     - TestRoom: 5 itens
2026-08-06 07:56:30 | INFO    |     - Validacao: 1 itens
2026-08-06 07:56:30 | INFO    |     - Windows_MCP: 7 itens
2026-08-06 07:56:30 | INFO    |     - accounts_contacts: 2 itens
2026-08-06 07:56:30 | INFO    |     - agent_tasks: 24 itens
2026-08-06 07:56:30 | INFO    |     - alerts: 13 itens
2026-08-06 07:56:30 | INFO    |     - android_and_pc_registrations: 21 itens
2026-08-06 07:56:30 | INFO    |     - antigravity: 1 itens
2026-08-06 07:56:30 | INFO    |     - career: 1 itens
2026-08-06 07:56:30 | INFO    |     - delika: 1 itens
2026-08-06 07:56:30 | INFO    |     - design: 1 itens
2026-08-06 07:56:30 | INFO    |     - dev: 1 itens
2026-08-06 07:56:30 | INFO    |     - Drive Principal: 55 itens
2026-08-06 07:56:30 | INFO    |     - Drive Trabalho: 5 itens
2026-08-06 07:56:30 | INFO    |     - drive_docs: 21 itens
2026-08-06 07:56:30 | INFO    |     - drive_shared_files: 10 itens
2026-08-06 07:56:30 | INFO    |     - education: 1 itens
2026-08-06 07:56:30 | INFO    |     - family: 1 itens
2026-08-06 07:56:30 | INFO    |     - github_repos: 2 itens
2026-08-06 07:56:30 | INFO    |     - Gmail Principal: 37 itens
2026-08-06 07:56:30 | INFO    |     - Gmail Trabalho: 32 itens
2026-08-06 07:56:30 | INFO    |     - gmail_linked_accounts: 11 itens
2026-08-06 07:56:30 | INFO    |     - gmail_notifications: 16 itens
2026-08-06 07:56:30 | INFO    |     - google_docs: 36 itens
2026-08-06 07:56:30 | INFO    |     - hardware: 2 itens
2026-08-06 07:56:30 | INFO    |     - jubileu: 4 itens
2026-08-06 07:56:30 | INFO    |     - mary_kay: 1 itens
2026-08-06 07:56:30 | INFO    |     - neon_orbit: 1 itens
2026-08-06 07:56:30 | INFO    |     - onedrive: 1 itens
2026-08-06 07:56:30 | INFO    |     - personal: 2 itens
2026-08-06 07:56:30 | INFO    |     - reddit_godot: 1 itens
2026-08-06 07:56:30 | INFO    |     - router: 1 itens
2026-08-06 07:56:30 | INFO    |     - security: 1 itens
2026-08-06 07:56:30 | INFO    |     - sparkhub: 1 itens
2026-08-06 07:56:30 | INFO    |     - storage_parser: 1 itens
2026-08-06 07:56:30 | INFO    |     - sync_audit: 24 itens
2026-08-06 07:56:30 | INFO    |     - system_status: 13 itens
2026-08-06 07:56:30 | INFO    |     - terabox: 1 itens
2026-08-06 07:56:30 | INFO    |     - tiktok_shop: 1 itens
2026-08-06 07:56:30 | INFO    |     - web_research_insights: 62 itens
2026-08-06 07:56:31 | INFO    | [MemPalace] Gravado: Asa=Documento | Sala=drive:Principal:1qa4GRt3RGzMT_-LjHUh6CM9nv80TkocmMG0Td0rk1Cs
2026-08-06 07:56:31 | INFO    |     Documento: Plano_Adocao_Tecnologias_Antifragil_SparkHub.md

﻿📑 Plano Mestre de Adoção Tecnológica & Resiliência Antifrágil — SparkHub v3.0 Documento d...

2026-08-06 07:56:32 | INFO    | [MEMPALACE] Resumo completo de agrupamento (Total: 448):
2026-08-06 07:56:32 | INFO    |     - 3d: 1 itens
2026-08-06 07:56:32 | INFO    |     - Diretorios: 4 itens
2026-08-06 07:56:32 | INFO    |     - Edicao: 1 itens
2026-08-06 07:56:32 | INFO    |     - Fisica: 1 itens
2026-08-06 07:56:32 | INFO    |     - MCP: 1 itens
2026-08-06 07:56:32 | INFO    |     - RH: 8 itens
2026-08-06 07:56:32 | INFO    |     - SalaComum: 9 itens
2026-08-06 07:56:32 | INFO    |     - TestRoom: 5 itens
2026-08-06 07:56:32 | INFO    |     - Validacao: 1 itens
2026-08-06 07:56:32 | INFO    |     - Windows_MCP: 7 itens
2026-08-06 07:56:32 | INFO    |     - accounts_contacts: 2 itens
2026-08-06 07:56:32 | INFO    |     - agent_tasks: 24 itens
2026-08-06 07:56:32 | INFO    |     - alerts: 13 itens
2026-08-06 07:56:32 | INFO    |     - android_and_pc_registrations: 21 itens
2026-08-06 07:56:32 | INFO    |     - antigravity: 1 itens
2026-08-06 07:56:32 | INFO    |     - career: 1 itens
2026-08-06 07:56:32 | INFO    |     - delika: 1 itens
2026-08-06 07:56:32 | INFO    |     - design: 1 itens
2026-08-06 07:56:32 | INFO    |     - dev: 1 itens
2026-08-06 07:56:32 | INFO    |     - Drive Principal: 56 itens
2026-08-06 07:56:32 | INFO    |     - Drive Trabalho: 5 itens
2026-08-06 07:56:32 | INFO    |     - drive_docs: 21 itens
2026-08-06 07:56:32 | INFO    |     - drive_shared_files: 10 itens
2026-08-06 07:56:32 | INFO    |     - education: 1 itens
2026-08-06 07:56:32 | INFO    |     - family: 1 itens
2026-08-06 07:56:32 | INFO    |     - github_repos: 2 itens
2026-08-06 07:56:32 | INFO    |     - Gmail Principal: 37 itens
2026-08-06 07:56:32 | INFO    |     - Gmail Trabalho: 32 itens
2026-08-06 07:56:32 | INFO    |     - gmail_linked_accounts: 11 itens
2026-08-06 07:56:32 | INFO    |     - gmail_notifications: 16 itens
2026-08-06 07:56:32 | INFO    |     - google_docs: 36 itens
2026-08-06 07:56:32 | INFO    |     - hardware: 2 itens
2026-08-06 07:56:32 | INFO    |     - jubileu: 4 itens
2026-08-06 07:56:32 | INFO    |     - mary_kay: 1 itens
2026-08-06 07:56:32 | INFO    |     - neon_orbit: 1 itens
2026-08-06 07:56:32 | INFO    |     - onedrive: 1 itens
2026-08-06 07:56:32 | INFO    |     - personal: 2 itens
2026-08-06 07:56:32 | INFO    |     - reddit_godot: 1 itens
2026-08-06 07:56:32 | INFO    |     - router: 1 itens
2026-08-06 07:56:32 | INFO    |     - security: 1 itens
2026-08-06 07:56:32 | INFO    |     - sparkhub: 1 itens
2026-08-06 07:56:32 | INFO    |     - storage_parser: 1 itens
2026-08-06 07:56:32 | INFO    |     - sync_audit: 24 itens
2026-08-06 07:56:32 | INFO    |     - system_status: 13 itens
2026-08-06 07:56:32 | INFO    |     - terabox: 1 itens
2026-08-06 07:56:32 | INFO    |     - tiktok_shop: 1 itens
2026-08-06 07:56:32 | INFO    |     - web_research_insights: 62 itens
2026-08-06 07:56:33 | INFO    | [MemPalace] Gravado: Asa=Documento | Sala=drive:Principal:1U-b5WfeAz5YYG5eILrjFsjAKrkjShoqWoCsi2kf3Ztg
2026-08-06 07:56:33 | INFO    |     Documento: Mapeamento_Tecnologias_e_Arquiteturas_SparkHub.md

﻿📑 Relatório Mestre de Mapeamento Tecnológico & Arquiteturas Compatíveis — SparkHub v3.0...

2026-08-06 07:56:34 | INFO    | [MEMPALACE] Resumo completo de agrupamento (Total: 449):
2026-08-06 07:56:34 | INFO    |     - 3d: 1 itens
2026-08-06 07:56:34 | INFO    |     - Diretorios: 4 itens
2026-08-06 07:56:34 | INFO    |     - Edicao: 1 itens
2026-08-06 07:56:34 | INFO    |     - Fisica: 1 itens
2026-08-06 07:56:34 | INFO    |     - MCP: 1 itens
2026-08-06 07:56:34 | INFO    |     - RH: 8 itens
2026-08-06 07:56:34 | INFO    |     - SalaComum: 9 itens
2026-08-06 07:56:34 | INFO    |     - TestRoom: 5 itens
2026-08-06 07:56:34 | INFO    |     - Validacao: 1 itens
2026-08-06 07:56:34 | INFO    |     - Windows_MCP: 7 itens
2026-08-06 07:56:34 | INFO    |     - accounts_contacts: 2 itens
2026-08-06 07:56:34 | INFO    |     - agent_tasks: 24 itens
2026-08-06 07:56:34 | INFO    |     - alerts: 13 itens
2026-08-06 07:56:34 | INFO    |     - android_and_pc_registrations: 21 itens
2026-08-06 07:56:34 | INFO    |     - antigravity: 1 itens
2026-08-06 07:56:34 | INFO    |     - career: 1 itens
2026-08-06 07:56:34 | INFO    |     - delika: 1 itens
2026-08-06 07:56:34 | INFO    |     - design: 1 itens
2026-08-06 07:56:34 | INFO    |     - dev: 1 itens
2026-08-06 07:56:34 | INFO    |     - Drive Principal: 57 itens
2026-08-06 07:56:34 | INFO    |     - Drive Trabalho: 5 itens
2026-08-06 07:56:34 | INFO    |     - drive_docs: 21 itens
2026-08-06 07:56:34 | INFO    |     - drive_shared_files: 10 itens
2026-08-06 07:56:34 | INFO    |     - education: 1 itens
2026-08-06 07:56:34 | INFO    |     - family: 1 itens
2026-08-06 07:56:34 | INFO    |     - github_repos: 2 itens
2026-08-06 07:56:34 | INFO    |     - Gmail Principal: 37 itens
2026-08-06 07:56:34 | INFO    |     - Gmail Trabalho: 32 itens
2026-08-06 07:56:34 | INFO    |     - gmail_linked_accounts: 11 itens
2026-08-06 07:56:34 | INFO    |     - gmail_notifications: 16 itens
2026-08-06 07:56:34 | INFO    |     - google_docs: 36 itens
2026-08-06 07:56:34 | INFO    |     - hardware: 2 itens
2026-08-06 07:56:34 | INFO    |     - jubileu: 4 itens
2026-08-06 07:56:34 | INFO    |     - mary_kay: 1 itens
2026-08-06 07:56:34 | INFO    |     - neon_orbit: 1 itens
2026-08-06 07:56:34 | INFO    |     - onedrive: 1 itens
2026-08-06 07:56:34 | INFO    |     - personal: 2 itens
2026-08-06 07:56:34 | INFO    |     - reddit_godot: 1 itens
2026-08-06 07:56:34 | INFO    |     - router: 1 itens
2026-08-06 07:56:34 | INFO    |     - security: 1 itens
2026-08-06 07:56:34 | INFO    |     - sparkhub: 1 itens
2026-08-06 07:56:34 | INFO    |     - storage_parser: 1 itens
2026-08-06 07:56:34 | INFO    |     - sync_audit: 24 itens
2026-08-06 07:56:34 | INFO    |     - system_status: 13 itens
2026-08-06 07:56:34 | INFO    |     - terabox: 1 itens
2026-08-06 07:56:34 | INFO    |     - tiktok_shop: 1 itens
2026-08-06 07:56:34 | INFO    |     - web_research_insights: 62 itens
2026-08-06 07:56:35 | INFO    | [MemPalace] Gravado: Asa=Documento | Sala=drive:Principal:1_HJSTlit2YFVWtP4dmiLpWaz8nIOk9Isx5DpP14RxGw
2026-08-06 07:56:35 | INFO    |     Documento: Coletor_Multicanal_Proativo_MemPalace_SparkHub.md

﻿📡 Plano Mestre: Coletor Proativo Multicanal (PC Local + Google Workspace + Mídias Socia...

2026-08-06 07:56:36 | INFO    | [MEMPALACE] Resumo completo de agrupamento (Total: 450):
2026-08-06 07:56:36 | INFO    |     - 3d: 1 itens
2026-08-06 07:56:36 | INFO    |     - Diretorios: 4 itens
2026-08-06 07:56:36 | INFO    |     - Edicao: 1 itens
2026-08-06 07:56:36 | INFO    |     - Fisica: 1 itens
2026-08-06 07:56:36 | INFO    |     - MCP: 1 itens
2026-08-06 07:56:36 | INFO    |     - RH: 8 itens
2026-08-06 07:56:36 | INFO    |     - SalaComum: 9 itens
2026-08-06 07:56:36 | INFO    |     - TestRoom: 5 itens
2026-08-06 07:56:36 | INFO    |     - Validacao: 1 itens
2026-08-06 07:56:36 | INFO    |     - Windows_MCP: 7 itens
2026-08-06 07:56:36 | INFO    |     - accounts_contacts: 2 itens
2026-08-06 07:56:36 | INFO    |     - agent_tasks: 24 itens
2026-08-06 07:56:36 | INFO    |     - alerts: 13 itens
2026-08-06 07:56:36 | INFO    |     - android_and_pc_registrations: 21 itens
2026-08-06 07:56:36 | INFO    |     - antigravity: 1 itens
2026-08-06 07:56:36 | INFO    |     - career: 1 itens
2026-08-06 07:56:36 | INFO    |     - delika: 1 itens
2026-08-06 07:56:36 | INFO    |     - design: 1 itens
2026-08-06 07:56:36 | INFO    |     - dev: 1 itens
2026-08-06 07:56:36 | INFO    |     - Drive Principal: 58 itens
2026-08-06 07:56:36 | INFO    |     - Drive Trabalho: 5 itens
2026-08-06 07:56:36 | INFO    |     - drive_docs: 21 itens
2026-08-06 07:56:36 | INFO    |     - drive_shared_files: 10 itens
2026-08-06 07:56:36 | INFO    |     - education: 1 itens
2026-08-06 07:56:36 | INFO    |     - family: 1 itens
2026-08-06 07:56:36 | INFO    |     - github_repos: 2 itens
2026-08-06 07:56:36 | INFO    |     - Gmail Principal: 37 itens
2026-08-06 07:56:36 | INFO    |     - Gmail Trabalho: 32 itens
2026-08-06 07:56:36 | INFO    |     - gmail_linked_accounts: 11 itens
2026-08-06 07:56:36 | INFO    |     - gmail_notifications: 16 itens
2026-08-06 07:56:36 | INFO    |     - google_docs: 36 itens
2026-08-06 07:56:36 | INFO    |     - hardware: 2 itens
2026-08-06 07:56:36 | INFO    |     - jubileu: 4 itens
2026-08-06 07:56:36 | INFO    |     - mary_kay: 1 itens
2026-08-06 07:56:36 | INFO    |     - neon_orbit: 1 itens
2026-08-06 07:56:36 | INFO    |     - onedrive: 1 itens
2026-08-06 07:56:36 | INFO    |     - personal: 2 itens
2026-08-06 07:56:36 | INFO    |     - reddit_godot: 1 itens
2026-08-06 07:56:36 | INFO    |     - router: 1 itens
2026-08-06 07:56:36 | INFO    |     - security: 1 itens
2026-08-06 07:56:36 | INFO    |     - sparkhub: 1 itens
2026-08-06 07:56:36 | INFO    |     - storage_parser: 1 itens
2026-08-06 07:56:36 | INFO    |     - sync_audit: 24 itens
2026-08-06 07:56:36 | INFO    |     - system_status: 13 itens
2026-08-06 07:56:36 | INFO    |     - terabox: 1 itens
2026-08-06 07:56:36 | INFO    |     - tiktok_shop: 1 itens
2026-08-06 07:56:36 | INFO    |     - web_research_insights: 62 itens
2026-08-06 07:56:38 | INFO    | [MemPalace] Gravado: Asa=Documento | Sala=drive:Principal:1FyUxdrb4oDmWw-yk16gVA_TVclNQfpZhQGcPxdnCSg4
2026-08-06 07:56:38 | INFO    |     Documento: Ingestao_Proativa_MemPalace_SparkHub.md

﻿🗄️ Ingestão Proativa do MemPalace (mempalace.db) — SparkHub v3.0 Documento de Ingestão e Povoamen...

2026-08-06 07:56:38 | INFO    | [MEMPALACE] Resumo completo de agrupamento (Total: 451):
2026-08-06 07:56:38 | INFO    |     - 3d: 1 itens
2026-08-06 07:56:38 | INFO    |     - Diretorios: 4 itens
2026-08-06 07:56:38 | INFO    |     - Edicao: 1 itens
2026-08-06 07:56:38 | INFO    |     - Fisica: 1 itens
2026-08-06 07:56:38 | INFO    |     - MCP: 1 itens
2026-08-06 07:56:38 | INFO    |     - RH: 8 itens
2026-08-06 07:56:38 | INFO    |     - SalaComum: 9 itens
2026-08-06 07:56:38 | INFO    |     - TestRoom: 5 itens
2026-08-06 07:56:38 | INFO    |     - Validacao: 1 itens
2026-08-06 07:56:38 | INFO    |     - Windows_MCP: 7 itens
2026-08-06 07:56:38 | INFO    |     - accounts_contacts: 2 itens
2026-08-06 07:56:38 | INFO    |     - agent_tasks: 24 itens
2026-08-06 07:56:38 | INFO    |     - alerts: 13 itens
2026-08-06 07:56:38 | INFO    |     - android_and_pc_registrations: 21 itens
2026-08-06 07:56:38 | INFO    |     - antigravity: 1 itens
2026-08-06 07:56:38 | INFO    |     - career: 1 itens
2026-08-06 07:56:38 | INFO    |     - delika: 1 itens
2026-08-06 07:56:38 | INFO    |     - design: 1 itens
2026-08-06 07:56:38 | INFO    |     - dev: 1 itens
2026-08-06 07:56:38 | INFO    |     - Drive Principal: 59 itens
2026-08-06 07:56:38 | INFO    |     - Drive Trabalho: 5 itens
2026-08-06 07:56:38 | INFO    |     - drive_docs: 21 itens
2026-08-06 07:56:38 | INFO    |     - drive_shared_files: 10 itens
2026-08-06 07:56:38 | INFO    |     - education: 1 itens
2026-08-06 07:56:38 | INFO    |     - family: 1 itens
2026-08-06 07:56:38 | INFO    |     - github_repos: 2 itens
2026-08-06 07:56:38 | INFO    |     - Gmail Principal: 37 itens
2026-08-06 07:56:38 | INFO    |     - Gmail Trabalho: 32 itens
2026-08-06 07:56:38 | INFO    |     - gmail_linked_accounts: 11 itens
2026-08-06 07:56:38 | INFO    |     - gmail_notifications: 16 itens
2026-08-06 07:56:38 | INFO    |     - google_docs: 36 itens
2026-08-06 07:56:38 | INFO    |     - hardware: 2 itens
2026-08-06 07:56:38 | INFO    |     - jubileu: 4 itens
2026-08-06 07:56:38 | INFO    |     - mary_kay: 1 itens
2026-08-06 07:56:38 | INFO    |     - neon_orbit: 1 itens
2026-08-06 07:56:38 | INFO    |     - onedrive: 1 itens
2026-08-06 07:56:38 | INFO    |     - personal: 2 itens
2026-08-06 07:56:38 | INFO    |     - reddit_godot: 1 itens
2026-08-06 07:56:38 | INFO    |     - router: 1 itens
2026-08-06 07:56:38 | INFO    |     - security: 1 itens
2026-08-06 07:56:38 | INFO    |     - sparkhub: 1 itens
2026-08-06 07:56:38 | INFO    |     - storage_parser: 1 itens
2026-08-06 07:56:38 | INFO    |     - sync_audit: 24 itens
2026-08-06 07:56:38 | INFO    |     - system_status: 13 itens
2026-08-06 07:56:38 | INFO    |     - terabox: 1 itens
2026-08-06 07:56:38 | INFO    |     - tiktok_shop: 1 itens
2026-08-06 07:56:38 | INFO    |     - web_research_insights: 62 itens
2026-08-06 07:56:40 | INFO    | [MemPalace] Gravado: Asa=Documento | Sala=drive:Principal:1We9Z6zQQVwgWnGUbIlQt2GrUhidKUFmdwXYTo95QyU0
2026-08-06 07:56:40 | INFO    |     Documento: Aprimoramento_Decodificacao_Especulativa_SparkHub.md

﻿⚡ Aprimoramento 1: Decodificação Especulativa (Speculative Decoding) no SparkHub v3....

2026-08-06 07:56:42 | INFO    | [MEMPALACE] Resumo completo de agrupamento (Total: 452):
2026-08-06 07:56:42 | INFO    |     - 3d: 1 itens
2026-08-06 07:56:42 | INFO    |     - Diretorios: 4 itens
2026-08-06 07:56:42 | INFO    |     - Edicao: 1 itens
2026-08-06 07:56:42 | INFO    |     - Fisica: 1 itens
2026-08-06 07:56:42 | INFO    |     - MCP: 1 itens
2026-08-06 07:56:42 | INFO    |     - RH: 8 itens
2026-08-06 07:56:42 | INFO    |     - SalaComum: 9 itens
2026-08-06 07:56:42 | INFO    |     - TestRoom: 5 itens
2026-08-06 07:56:42 | INFO    |     - Validacao: 1 itens
2026-08-06 07:56:42 | INFO    |     - Windows_MCP: 7 itens
2026-08-06 07:56:42 | INFO    |     - accounts_contacts: 2 itens
2026-08-06 07:56:42 | INFO    |     - agent_tasks: 24 itens
2026-08-06 07:56:42 | INFO    |     - alerts: 13 itens
2026-08-06 07:56:42 | INFO    |     - android_and_pc_registrations: 21 itens
2026-08-06 07:56:42 | INFO    |     - antigravity: 1 itens
2026-08-06 07:56:42 | INFO    |     - career: 1 itens
2026-08-06 07:56:42 | INFO    |     - delika: 1 itens
2026-08-06 07:56:42 | INFO    |     - design: 1 itens
2026-08-06 07:56:42 | INFO    |     - dev: 1 itens
2026-08-06 07:56:42 | INFO    |     - Drive Principal: 60 itens
2026-08-06 07:56:42 | INFO    |     - Drive Trabalho: 5 itens
2026-08-06 07:56:42 | INFO    |     - drive_docs: 21 itens
2026-08-06 07:56:42 | INFO    |     - drive_shared_files: 10 itens
2026-08-06 07:56:42 | INFO    |     - education: 1 itens
2026-08-06 07:56:42 | INFO    |     - family: 1 itens
2026-08-06 07:56:42 | INFO    |     - github_repos: 2 itens
2026-08-06 07:56:42 | INFO    |     - Gmail Principal: 37 itens
2026-08-06 07:56:42 | INFO    |     - Gmail Trabalho: 32 itens
2026-08-06 07:56:42 | INFO    |     - gmail_linked_accounts: 11 itens
2026-08-06 07:56:42 | INFO    |     - gmail_notifications: 16 itens
2026-08-06 07:56:42 | INFO    |     - google_docs: 36 itens
2026-08-06 07:56:42 | INFO    |     - hardware: 2 itens
2026-08-06 07:56:42 | INFO    |     - jubileu: 4 itens
2026-08-06 07:56:42 | INFO    |     - mary_kay: 1 itens
2026-08-06 07:56:42 | INFO    |     - neon_orbit: 1 itens
2026-08-06 07:56:42 | INFO    |     - onedrive: 1 itens
2026-08-06 07:56:42 | INFO    |     - personal: 2 itens
2026-08-06 07:56:42 | INFO    |     - reddit_godot: 1 itens
2026-08-06 07:56:42 | INFO    |     - router: 1 itens
2026-08-06 07:56:42 | INFO    |     - security: 1 itens
2026-08-06 07:56:42 | INFO    |     - sparkhub: 1 itens
2026-08-06 07:56:42 | INFO    |     - storage_parser: 1 itens
2026-08-06 07:56:42 | INFO    |     - sync_audit: 24 itens
2026-08-06 07:56:42 | INFO    |     - system_status: 13 itens
2026-08-06 07:56:42 | INFO    |     - terabox: 1 itens
2026-08-06 07:56:42 | INFO    |     - tiktok_shop: 1 itens
2026-08-06 07:56:42 | INFO    |     - web_research_insights: 62 itens
2026-08-06 07:56:42 | INFO    | [MemPalace] Gravado: Asa=Documento | Sala=drive:Principal:19Sy2SFI03j58RWEOSH4lOPMfm94XY3A9_Uu5nmzbdrg
2026-08-06 07:56:42 | INFO    |     Documento: Plano_Taxonomia_Requisicoes_e_Fontes_SparkHub.md

﻿📑 Plano Mestre: Taxonomia de Requisições & Fontes de Resposta — SparkHub v3.0 Documento ...

2026-08-06 07:56:44 | INFO    | [MEMPALACE] Resumo completo de agrupamento (Total: 453):
2026-08-06 07:56:44 | INFO    |     - 3d: 1 itens
2026-08-06 07:56:44 | INFO    |     - Diretorios: 4 itens
2026-08-06 07:56:44 | INFO    |     - Edicao: 1 itens
2026-08-06 07:56:44 | INFO    |     - Fisica: 1 itens
2026-08-06 07:56:44 | INFO    |     - MCP: 1 itens
2026-08-06 07:56:44 | INFO    |     - RH: 8 itens
2026-08-06 07:56:44 | INFO    |     - SalaComum: 9 itens
2026-08-06 07:56:44 | INFO    |     - TestRoom: 5 itens
2026-08-06 07:56:44 | INFO    |     - Validacao: 1 itens
2026-08-06 07:56:44 | INFO    |     - Windows_MCP: 7 itens
2026-08-06 07:56:44 | INFO    |     - accounts_contacts: 2 itens
2026-08-06 07:56:44 | INFO    |     - agent_tasks: 24 itens
2026-08-06 07:56:44 | INFO    |     - alerts: 13 itens
2026-08-06 07:56:44 | INFO    |     - android_and_pc_registrations: 21 itens
2026-08-06 07:56:44 | INFO    |     - antigravity: 1 itens
2026-08-06 07:56:44 | INFO    |     - career: 1 itens
2026-08-06 07:56:44 | INFO    |     - delika: 1 itens
2026-08-06 07:56:44 | INFO    |     - design: 1 itens
2026-08-06 07:56:44 | INFO    |     - dev: 1 itens
2026-08-06 07:56:44 | INFO    |     - Drive Principal: 61 itens
2026-08-06 07:56:44 | INFO    |     - Drive Trabalho: 5 itens
2026-08-06 07:56:44 | INFO    |     - drive_docs: 21 itens
2026-08-06 07:56:44 | INFO    |     - drive_shared_files: 10 itens
2026-08-06 07:56:44 | INFO    |     - education: 1 itens
2026-08-06 07:56:44 | INFO    |     - family: 1 itens
2026-08-06 07:56:44 | INFO    |     - github_repos: 2 itens
2026-08-06 07:56:44 | INFO    |     - Gmail Principal: 37 itens
2026-08-06 07:56:44 | INFO    |     - Gmail Trabalho: 32 itens
2026-08-06 07:56:44 | INFO    |     - gmail_linked_accounts: 11 itens
2026-08-06 07:56:44 | INFO    |     - gmail_notifications: 16 itens
2026-08-06 07:56:44 | INFO    |     - google_docs: 36 itens
2026-08-06 07:56:44 | INFO    |     - hardware: 2 itens
2026-08-06 07:56:44 | INFO    |     - jubileu: 4 itens
2026-08-06 07:56:44 | INFO    |     - mary_kay: 1 itens
2026-08-06 07:56:44 | INFO    |     - neon_orbit: 1 itens
2026-08-06 07:56:44 | INFO    |     - onedrive: 1 itens
2026-08-06 07:56:44 | INFO    |     - personal: 2 itens
2026-08-06 07:56:44 | INFO    |     - reddit_godot: 1 itens
2026-08-06 07:56:44 | INFO    |     - router: 1 itens
2026-08-06 07:56:44 | INFO    |     - security: 1 itens
2026-08-06 07:56:44 | INFO    |     - sparkhub: 1 itens
2026-08-06 07:56:44 | INFO    |     - storage_parser: 1 itens
2026-08-06 07:56:44 | INFO    |     - sync_audit: 24 itens
2026-08-06 07:56:44 | INFO    |     - system_status: 13 itens
2026-08-06 07:56:44 | INFO    |     - terabox: 1 itens
2026-08-06 07:56:44 | INFO    |     - tiktok_shop: 1 itens
2026-08-06 07:56:44 | INFO    |     - web_research_insights: 62 itens
2026-08-06 07:56:45 | INFO    | [MemPalace] Gravado: Asa=Documento | Sala=drive:Principal:1pJ_29Gommw53T5vSHyEQQvSLbvGcRoBBqOhiKgs3_cM
2026-08-06 07:56:45 | INFO    |     Documento: Plano_WhatsApp_Conversacional_Input_Output.md

﻿📑 Plano Mestre: WhatsApp Conversacional Bidirecional (Input & Output) — SparkHub v3.0 Docum...

2026-08-06 07:56:46 | INFO    | [MEMPALACE] Resumo completo de agrupamento (Total: 454):
2026-08-06 07:56:46 | INFO    |     - 3d: 1 itens
2026-08-06 07:56:46 | INFO    |     - Diretorios: 4 itens
2026-08-06 07:56:46 | INFO    |     - Edicao: 1 itens
2026-08-06 07:56:46 | INFO    |     - Fisica: 1 itens
2026-08-06 07:56:46 | INFO    |     - MCP: 1 itens
2026-08-06 07:56:46 | INFO    |     - RH: 8 itens
2026-08-06 07:56:46 | INFO    |     - SalaComum: 9 itens
2026-08-06 07:56:46 | INFO    |     - TestRoom: 5 itens
2026-08-06 07:56:46 | INFO    |     - Validacao: 1 itens
2026-08-06 07:56:46 | INFO    |     - Windows_MCP: 7 itens
2026-08-06 07:56:46 | INFO    |     - accounts_contacts: 2 itens
2026-08-06 07:56:46 | INFO    |     - agent_tasks: 24 itens
2026-08-06 07:56:46 | INFO    |     - alerts: 13 itens
2026-08-06 07:56:46 | INFO    |     - android_and_pc_registrations: 21 itens
2026-08-06 07:56:46 | INFO    |     - antigravity: 1 itens
2026-08-06 07:56:46 | INFO    |     - career: 1 itens
2026-08-06 07:56:46 | INFO    |     - delika: 1 itens
2026-08-06 07:56:46 | INFO    |     - design: 1 itens
2026-08-06 07:56:46 | INFO    |     - dev: 1 itens
2026-08-06 07:56:46 | INFO    |     - Drive Principal: 62 itens
2026-08-06 07:56:46 | INFO    |     - Drive Trabalho: 5 itens
2026-08-06 07:56:46 | INFO    |     - drive_docs: 21 itens
2026-08-06 07:56:46 | INFO    |     - drive_shared_files: 10 itens
2026-08-06 07:56:46 | INFO    |     - education: 1 itens
2026-08-06 07:56:46 | INFO    |     - family: 1 itens
2026-08-06 07:56:46 | INFO    |     - github_repos: 2 itens
2026-08-06 07:56:46 | INFO    |     - Gmail Principal: 37 itens
2026-08-06 07:56:46 | INFO    |     - Gmail Trabalho: 32 itens
2026-08-06 07:56:46 | INFO    |     - gmail_linked_accounts: 11 itens
2026-08-06 07:56:46 | INFO    |     - gmail_notifications: 16 itens
2026-08-06 07:56:46 | INFO    |     - google_docs: 36 itens
2026-08-06 07:56:46 | INFO    |     - hardware: 2 itens
2026-08-06 07:56:46 | INFO    |     - jubileu: 4 itens
2026-08-06 07:56:46 | INFO    |     - mary_kay: 1 itens
2026-08-06 07:56:46 | INFO    |     - neon_orbit: 1 itens
2026-08-06 07:56:46 | INFO    |     - onedrive: 1 itens
2026-08-06 07:56:46 | INFO    |     - personal: 2 itens
2026-08-06 07:56:46 | INFO    |     - reddit_godot: 1 itens
2026-08-06 07:56:46 | INFO    |     - router: 1 itens
2026-08-06 07:56:46 | INFO    |     - security: 1 itens
2026-08-06 07:56:46 | INFO    |     - sparkhub: 1 itens
2026-08-06 07:56:46 | INFO    |     - storage_parser: 1 itens
2026-08-06 07:56:46 | INFO    |     - sync_audit: 24 itens
2026-08-06 07:56:46 | INFO    |     - system_status: 13 itens
2026-08-06 07:56:46 | INFO    |     - terabox: 1 itens
2026-08-06 07:56:46 | INFO    |     - tiktok_shop: 1 itens
2026-08-06 07:56:46 | INFO    |     - web_research_insights: 62 itens
2026-08-06 07:56:47 | INFO    | [MemPalace] Gravado: Asa=Documento | Sala=drive:Principal:1eU9J2vZpeIhsGNH9sVe0uQJk5okuPQKIpILo2VIGtzw
2026-08-06 07:56:47 | INFO    |     Documento: Plano_Entrada_Universal_Omnichannel_SparkHub.md

﻿📑 Plano Mestre: Entrada Universal Omnichannel SparkHub v3.0 Documento de Arquitetura de I...

2026-08-06 07:56:49 | INFO    | [MemPalace] Gravado: Asa=Documento | Sala=drive:Principal:1dXz-v9oml-xSVL1M5m3h0UGSM_fpWgueK3VoW_mYX94
2026-08-06 07:56:49 | INFO    |     Documento: Relatorio_Oficial_Ecossistema_SparkHub.md

﻿🚀 Relatório Oficial do Ecossistema SparkHub Status: 🟢 Ativo & 100% Operacional (Escopo Antifrág...

2026-08-06 07:56:49 | INFO    | 
=== Drive [Trabalho] ===
2026-08-06 07:56:51 | INFO    | [SECURITY] Arquivo 'Adobe Photoshop 2025 - New Boss -.rar' marcado como sensível (Origem: conta Trabalho).
2026-08-06 07:56:51 | INFO    | [SECURITY] Arquivo 'CorelDRAW Graphics Suite 2025 - New Boss -.rar' marcado como sensível (Origem: conta Trabalho).
2026-08-06 07:56:51 | INFO    | [SECURITY] Arquivo 'laudo perícia doc_508085963_1785173726479443.pdf' marcado como sensível (Origem: conta Trabalho).
2026-08-06 07:56:51 | INFO    | [MEMPALACE] Resumo completo de agrupamento (Total: 456):
2026-08-06 07:56:51 | INFO    |     - 3d: 1 itens
2026-08-06 07:56:51 | INFO    |     - Diretorios: 4 itens
2026-08-06 07:56:51 | INFO    |     - Edicao: 1 itens
2026-08-06 07:56:51 | INFO    |     - Fisica: 1 itens
2026-08-06 07:56:51 | INFO    |     - MCP: 1 itens
2026-08-06 07:56:51 | INFO    |     - RH: 8 itens
2026-08-06 07:56:51 | INFO    |     - SalaComum: 9 itens
2026-08-06 07:56:51 | INFO    |     - TestRoom: 5 itens
2026-08-06 07:56:51 | INFO    |     - Validacao: 1 itens
2026-08-06 07:56:51 | INFO    |     - Windows_MCP: 7 itens
2026-08-06 07:56:51 | INFO    |     - accounts_contacts: 2 itens
2026-08-06 07:56:51 | INFO    |     - agent_tasks: 24 itens
2026-08-06 07:56:51 | INFO    |     - alerts: 13 itens
2026-08-06 07:56:51 | INFO    |     - android_and_pc_registrations: 21 itens
2026-08-06 07:56:51 | INFO    |     - antigravity: 1 itens
2026-08-06 07:56:51 | INFO    |     - career: 1 itens
2026-08-06 07:56:51 | INFO    |     - delika: 1 itens
2026-08-06 07:56:51 | INFO    |     - design: 1 itens
2026-08-06 07:56:51 | INFO    |     - dev: 1 itens
2026-08-06 07:56:51 | INFO    |     - Drive Principal: 64 itens
2026-08-06 07:56:51 | INFO    |     - Drive Trabalho: 5 itens
2026-08-06 07:56:51 | INFO    |     - drive_docs: 21 itens
2026-08-06 07:56:51 | INFO    |     - drive_shared_files: 10 itens
2026-08-06 07:56:51 | INFO    |     - education: 1 itens
2026-08-06 07:56:51 | INFO    |     - family: 1 itens
2026-08-06 07:56:51 | INFO    |     - github_repos: 2 itens
2026-08-06 07:56:51 | INFO    |     - Gmail Principal: 37 itens
2026-08-06 07:56:51 | INFO    |     - Gmail Trabalho: 32 itens
2026-08-06 07:56:51 | INFO    |     - gmail_linked_accounts: 11 itens
2026-08-06 07:56:51 | INFO    |     - gmail_notifications: 16 itens
2026-08-06 07:56:51 | INFO    |     - google_docs: 36 itens
2026-08-06 07:56:51 | INFO    |     - hardware: 2 itens
2026-08-06 07:56:51 | INFO    |     - jubileu: 4 itens
2026-08-06 07:56:51 | INFO    |     - mary_kay: 1 itens
2026-08-06 07:56:51 | INFO    |     - neon_orbit: 1 itens
2026-08-06 07:56:51 | INFO    |     - onedrive: 1 itens
2026-08-06 07:56:51 | INFO    |     - personal: 2 itens
2026-08-06 07:56:51 | INFO    |     - reddit_godot: 1 itens
2026-08-06 07:56:51 | INFO    |     - router: 1 itens
2026-08-06 07:56:51 | INFO    |     - security: 1 itens
2026-08-06 07:56:51 | INFO    |     - sparkhub: 1 itens
2026-08-06 07:56:51 | INFO    |     - storage_parser: 1 itens
2026-08-06 07:56:51 | INFO    |     - sync_audit: 24 itens
2026-08-06 07:56:51 | INFO    |     - system_status: 13 itens
2026-08-06 07:56:51 | INFO    |     - terabox: 1 itens
2026-08-06 07:56:51 | INFO    |     - tiktok_shop: 1 itens
2026-08-06 07:56:51 | INFO    |     - web_research_insights: 62 itens
2026-08-06 07:56:54 | INFO    | [MemPalace] Gravado: Asa=Documento | Sala=drive:Trabalho:1kqExGvdMtd2TbZsOJ47hqYlM9jT9W5S3
2026-08-06 07:56:54 | INFO    |     Documento: laudo perícia doc_508085963_1785173726479443.pdf

PERÍCIA MÉDICA – AÇÃO CONDENATÓRIA DE CONCESSÃO DE AUXÍLIO-ACIDENTE PROCESSO: 1008917-41....

2026-08-06 07:56:54 | INFO    | [SECURITY] Arquivo 'Art&Estilo' marcado como sensível (Origem: conta Trabalho).
2026-08-06 07:56:54 | INFO    | [SECURITY] Arquivo 'Arte&Stilo.cdr' marcado como sensível (Origem: conta Trabalho).
2026-08-06 07:56:54 | INFO    | [SECURITY] Arquivo 'Arte&Stilo.cdr' marcado como sensível (Origem: conta Trabalho).
2026-08-06 07:56:54 | INFO    | [SECURITY] Arquivo 'Arte&Stilo_wire_ladrilho.pdf' marcado como sensível (Origem: conta Trabalho).
2026-08-06 07:56:56 | INFO    | [MemPalace] Gravado: Asa=Documento | Sala=drive:Trabalho:1-oEc8OkEf3c7etu-G6GFmuCZofwCCekV
2026-08-06 07:56:56 | INFO    |     Documento: Arte&Stilo_wire_ladrilho.pdf



2026-08-06 07:56:56 | INFO    | [SECURITY] Arquivo 'Arte&Stilo_wire_ladrilho.pdf' marcado como sensível (Origem: conta Trabalho).
2026-08-06 07:56:58 | INFO    | [MemPalace] Gravado: Asa=Documento | Sala=drive:Trabalho:1pDObJuzCvBTSSRUUeUMi7fLKkPMBdPu8
2026-08-06 07:56:58 | INFO    |     Documento: Arte&Stilo_wire_ladrilho.pdf



2026-08-06 07:56:58 | INFO    | [SECURITY] Arquivo 'WhatsApp Video 2026-07-22 at 15.37.42.mp4' marcado como sensível (Origem: conta Trabalho).
2026-08-06 07:56:58 | INFO    | [SECURITY] Arquivo 'WhatsApp Video 2026-07-22 at 15.37.42.mp4' marcado como sensível (Origem: conta Trabalho).
2026-08-06 07:56:58 | INFO    | [SECURITY] Arquivo 'video' marcado como sensível (Origem: conta Trabalho).
2026-08-06 07:56:58 | INFO    | [SECURITY] Arquivo 'Cópia_de_segurança_de_Arte&Stilo.cdr' marcado como sensível (Origem: conta Trabalho).
2026-08-06 07:56:58 | INFO    | [SECURITY] Arquivo 'Cópia_de_segurança_de_Arte&Stilo.cdr' marcado como sensível (Origem: conta Trabalho).
2026-08-06 07:56:58 | INFO    | [SECURITY] Arquivo 'WhatsApp Image 2026-07-22 at 14.02.09.jpeg' marcado como sensível (Origem: conta Trabalho).
2026-08-06 07:56:58 | INFO    | [SECURITY] Arquivo 'WhatsApp Image 2026-07-22 at 14.02.09.jpeg' marcado como sensível (Origem: conta Trabalho).
2026-08-06 07:56:58 | INFO    | [SECURITY] Arquivo 'WhatsApp Video 2026-07-22 at 14.02.09.mp4' marcado como sensível (Origem: conta Trabalho).
2026-08-06 07:56:58 | INFO    | [SECURITY] Arquivo 'WhatsApp Video 2026-07-22 at 14.02.09.mp4' marcado como sensível (Origem: conta Trabalho).
2026-08-06 07:56:58 | INFO    | [SECURITY] Arquivo 'WhatsApp Image 2026-07-22 at 14.02.08 (3).jpeg' marcado como sensível (Origem: conta Trabalho).
2026-08-06 07:56:58 | INFO    | [SECURITY] Arquivo 'WhatsApp Image 2026-07-22 at 14.02.08 (3).jpeg' marcado como sensível (Origem: conta Trabalho).
2026-08-06 07:56:58 | INFO    | [SECURITY] Arquivo 'WhatsApp Image 2026-07-22 at 14.02.08 (2).jpeg' marcado como sensível (Origem: conta Trabalho).
2026-08-06 07:56:58 | INFO    | 
[OK] Ingestão concluída.
2026-08-06 07:57:26 | INFO    | [MEMPALACE] Resumo completo de agrupamento (Total: 459):
2026-08-06 07:57:26 | INFO    |     - 3d: 1 itens
2026-08-06 07:57:26 | INFO    |     - Diretorios: 4 itens
2026-08-06 07:57:26 | INFO    |     - Edicao: 1 itens
2026-08-06 07:57:26 | INFO    |     - Fisica: 1 itens
2026-08-06 07:57:26 | INFO    |     - MCP: 1 itens
2026-08-06 07:57:26 | INFO    |     - RH: 8 itens
2026-08-06 07:57:26 | INFO    |     - SalaComum: 9 itens
2026-08-06 07:57:26 | INFO    |     - TestRoom: 5 itens
2026-08-06 07:57:26 | INFO    |     - Validacao: 1 itens
2026-08-06 07:57:26 | INFO    |     - Windows_MCP: 7 itens
2026-08-06 07:57:26 | INFO    |     - accounts_contacts: 2 itens
2026-08-06 07:57:26 | INFO    |     - agent_tasks: 24 itens
2026-08-06 07:57:26 | INFO    |     - alerts: 13 itens
2026-08-06 07:57:26 | INFO    |     - android_and_pc_registrations: 21 itens
2026-08-06 07:57:26 | INFO    |     - antigravity: 1 itens
2026-08-06 07:57:26 | INFO    |     - career: 1 itens
2026-08-06 07:57:26 | INFO    |     - delika: 1 itens
2026-08-06 07:57:26 | INFO    |     - design: 1 itens
2026-08-06 07:57:26 | INFO    |     - dev: 1 itens
2026-08-06 07:57:26 | INFO    |     - Drive Principal: 64 itens
2026-08-06 07:57:26 | INFO    |     - Drive Trabalho: 8 itens
2026-08-06 07:57:26 | INFO    |     - drive_docs: 21 itens
2026-08-06 07:57:26 | INFO    |     - drive_shared_files: 10 itens
2026-08-06 07:57:26 | INFO    |     - education: 1 itens
2026-08-06 07:57:26 | INFO    |     - family: 1 itens
2026-08-06 07:57:26 | INFO    |     - github_repos: 2 itens
2026-08-06 07:57:26 | INFO    |     - Gmail Principal: 37 itens
2026-08-06 07:57:26 | INFO    |     - Gmail Trabalho: 32 itens
2026-08-06 07:57:26 | INFO    |     - gmail_linked_accounts: 11 itens
2026-08-06 07:57:26 | INFO    |     - gmail_notifications: 16 itens
2026-08-06 07:57:26 | INFO    |     - google_docs: 36 itens
2026-08-06 07:57:26 | INFO    |     - hardware: 2 itens
2026-08-06 07:57:26 | INFO    |     - jubileu: 4 itens
2026-08-06 07:57:26 | INFO    |     - mary_kay: 1 itens
2026-08-06 07:57:26 | INFO    |     - neon_orbit: 1 itens
2026-08-06 07:57:26 | INFO    |     - onedrive: 1 itens
2026-08-06 07:57:26 | INFO    |     - personal: 2 itens
2026-08-06 07:57:26 | INFO    |     - reddit_godot: 1 itens
2026-08-06 07:57:26 | INFO    |     - router: 1 itens
2026-08-06 07:57:26 | INFO    |     - security: 1 itens
2026-08-06 07:57:26 | INFO    |     - sparkhub: 1 itens
2026-08-06 07:57:26 | INFO    |     - storage_parser: 1 itens
2026-08-06 07:57:26 | INFO    |     - sync_audit: 24 itens
2026-08-06 07:57:26 | INFO    |     - system_status: 13 itens
2026-08-06 07:57:26 | INFO    |     - terabox: 1 itens
2026-08-06 07:57:26 | INFO    |     - tiktok_shop: 1 itens
2026-08-06 07:57:26 | INFO    |     - web_research_insights: 62 itens
2026-08-06 08:01:49 | INFO    | [ORQUESTRADOR] Rota 5 (Raciocínio) ativada.
2026-08-06 08:01:54 | ERROR   | [ROTEADOR WARN] Camada 1 falhou (<urlopen error [WinError 10061] Nenhuma conexão pôde ser feita porque a máquina de destino as recusou ativamente>). Acionando Camada 2...
2026-08-06 08:02:08 | INFO    | [ROTEADOR SUCESSO] Resposta via Camada 2 (Tamanho: 89)
2026-08-06 08:02:09 | INFO    | [MEMPALACE] Resumo completo de agrupamento (Total: 460):
2026-08-06 08:02:09 | INFO    |     - 3d: 1 itens
2026-08-06 08:02:09 | INFO    |     - Diretorios: 4 itens
2026-08-06 08:02:09 | INFO    |     - Edicao: 1 itens
2026-08-06 08:02:09 | INFO    |     - Fisica: 1 itens
2026-08-06 08:02:09 | INFO    |     - MCP: 1 itens
2026-08-06 08:02:09 | INFO    |     - RH: 8 itens
2026-08-06 08:02:09 | INFO    |     - SalaComum: 9 itens
2026-08-06 08:02:09 | INFO    |     - TestRoom: 5 itens
2026-08-06 08:02:09 | INFO    |     - Validacao: 1 itens
2026-08-06 08:02:09 | INFO    |     - Windows_MCP: 7 itens
2026-08-06 08:02:09 | INFO    |     - accounts_contacts: 2 itens
2026-08-06 08:02:09 | INFO    |     - agent_tasks: 25 itens
2026-08-06 08:02:09 | INFO    |     - alerts: 13 itens
2026-08-06 08:02:09 | INFO    |     - android_and_pc_registrations: 21 itens
2026-08-06 08:02:09 | INFO    |     - antigravity: 1 itens
2026-08-06 08:02:09 | INFO    |     - career: 1 itens
2026-08-06 08:02:09 | INFO    |     - delika: 1 itens
2026-08-06 08:02:09 | INFO    |     - design: 1 itens
2026-08-06 08:02:09 | INFO    |     - dev: 1 itens
2026-08-06 08:02:09 | INFO    |     - Drive Principal: 64 itens
2026-08-06 08:02:09 | INFO    |     - Drive Trabalho: 8 itens
2026-08-06 08:02:09 | INFO    |     - drive_docs: 21 itens
2026-08-06 08:02:09 | INFO    |     - drive_shared_files: 10 itens
2026-08-06 08:02:09 | INFO    |     - education: 1 itens
2026-08-06 08:02:09 | INFO    |     - family: 1 itens
2026-08-06 08:02:09 | INFO    |     - github_repos: 2 itens
2026-08-06 08:02:09 | INFO    |     - Gmail Principal: 37 itens
2026-08-06 08:02:09 | INFO    |     - Gmail Trabalho: 32 itens
2026-08-06 08:02:09 | INFO    |     - gmail_linked_accounts: 11 itens
2026-08-06 08:02:09 | INFO    |     - gmail_notifications: 16 itens
2026-08-06 08:02:09 | INFO    |     - google_docs: 36 itens
2026-08-06 08:02:09 | INFO    |     - hardware: 2 itens
2026-08-06 08:02:09 | INFO    |     - jubileu: 4 itens
2026-08-06 08:02:09 | INFO    |     - mary_kay: 1 itens
2026-08-06 08:02:09 | INFO    |     - neon_orbit: 1 itens
2026-08-06 08:02:09 | INFO    |     - onedrive: 1 itens
2026-08-06 08:02:09 | INFO    |     - personal: 2 itens
2026-08-06 08:02:09 | INFO    |     - reddit_godot: 1 itens
2026-08-06 08:02:09 | INFO    |     - router: 1 itens
2026-08-06 08:02:09 | INFO    |     - security: 1 itens
2026-08-06 08:02:09 | INFO    |     - sparkhub: 1 itens
2026-08-06 08:02:09 | INFO    |     - storage_parser: 1 itens
2026-08-06 08:02:09 | INFO    |     - sync_audit: 24 itens
2026-08-06 08:02:09 | INFO    |     - system_status: 13 itens
2026-08-06 08:02:09 | INFO    |     - terabox: 1 itens
2026-08-06 08:02:09 | INFO    |     - tiktok_shop: 1 itens
2026-08-06 08:02:09 | INFO    |     - web_research_insights: 62 itens
2026-08-06 08:02:19 | INFO    | 
=== Gmail [Principal] ===
2026-08-06 08:02:22 | INFO    | [MemPalace] Gravado: Asa=Email | Sala=gmail:Principal:19fd64b6ee70206d
2026-08-06 08:02:22 | INFO    |     De: Cloudflare <em@em1.cloudflare.com> Assunto: You're invited to Cloudflare Connect 2026 Data: Thu, 06 Aug 2026 08:58:15 +0000 Connect 2026_DiscountC...

2026-08-06 08:02:23 | INFO    | [MEMPALACE] Resumo completo de agrupamento (Total: 461):
2026-08-06 08:02:23 | INFO    |     - 3d: 1 itens
2026-08-06 08:02:23 | INFO    |     - Diretorios: 4 itens
2026-08-06 08:02:23 | INFO    |     - Edicao: 1 itens
2026-08-06 08:02:23 | INFO    |     - Fisica: 1 itens
2026-08-06 08:02:23 | INFO    |     - MCP: 1 itens
2026-08-06 08:02:23 | INFO    |     - RH: 8 itens
2026-08-06 08:02:23 | INFO    |     - SalaComum: 9 itens
2026-08-06 08:02:23 | INFO    |     - TestRoom: 5 itens
2026-08-06 08:02:23 | INFO    |     - Validacao: 1 itens
2026-08-06 08:02:23 | INFO    |     - Windows_MCP: 7 itens
2026-08-06 08:02:23 | INFO    |     - accounts_contacts: 2 itens
2026-08-06 08:02:23 | INFO    |     - agent_tasks: 25 itens
2026-08-06 08:02:23 | INFO    |     - alerts: 13 itens
2026-08-06 08:02:23 | INFO    |     - android_and_pc_registrations: 21 itens
2026-08-06 08:02:23 | INFO    |     - antigravity: 1 itens
2026-08-06 08:02:23 | INFO    |     - career: 1 itens
2026-08-06 08:02:23 | INFO    |     - delika: 1 itens
2026-08-06 08:02:23 | INFO    |     - design: 1 itens
2026-08-06 08:02:23 | INFO    |     - dev: 1 itens
2026-08-06 08:02:23 | INFO    |     - Drive Principal: 64 itens
2026-08-06 08:02:23 | INFO    |     - Drive Trabalho: 8 itens
2026-08-06 08:02:23 | INFO    |     - drive_docs: 21 itens
2026-08-06 08:02:23 | INFO    |     - drive_shared_files: 10 itens
2026-08-06 08:02:23 | INFO    |     - education: 1 itens
2026-08-06 08:02:23 | INFO    |     - family: 1 itens
2026-08-06 08:02:23 | INFO    |     - github_repos: 2 itens
2026-08-06 08:02:23 | INFO    |     - Gmail Principal: 38 itens
2026-08-06 08:02:23 | INFO    |     - Gmail Trabalho: 32 itens
2026-08-06 08:02:23 | INFO    |     - gmail_linked_accounts: 11 itens
2026-08-06 08:02:23 | INFO    |     - gmail_notifications: 16 itens
2026-08-06 08:02:23 | INFO    |     - google_docs: 36 itens
2026-08-06 08:02:23 | INFO    |     - hardware: 2 itens
2026-08-06 08:02:23 | INFO    |     - jubileu: 4 itens
2026-08-06 08:02:23 | INFO    |     - mary_kay: 1 itens
2026-08-06 08:02:23 | INFO    |     - neon_orbit: 1 itens
2026-08-06 08:02:23 | INFO    |     - onedrive: 1 itens
2026-08-06 08:02:23 | INFO    |     - personal: 2 itens
2026-08-06 08:02:23 | INFO    |     - reddit_godot: 1 itens
2026-08-06 08:02:23 | INFO    |     - router: 1 itens
2026-08-06 08:02:23 | INFO    |     - security: 1 itens
2026-08-06 08:02:23 | INFO    |     - sparkhub: 1 itens
2026-08-06 08:02:23 | INFO    |     - storage_parser: 1 itens
2026-08-06 08:02:23 | INFO    |     - sync_audit: 24 itens
2026-08-06 08:02:23 | INFO    |     - system_status: 13 itens
2026-08-06 08:02:23 | INFO    |     - terabox: 1 itens
2026-08-06 08:02:23 | INFO    |     - tiktok_shop: 1 itens
2026-08-06 08:02:23 | INFO    |     - web_research_insights: 62 itens
2026-08-06 08:02:23 | INFO    | [MemPalace] Gravado: Asa=Email | Sala=gmail:Principal:19fd4b2491b5e40f
2026-08-06 08:02:23 | INFO    |     De: "🦁gigi🦁 no TikTok" <notification@service.tiktok.com> Assunto: 🦁gigi🦁 enviou uma mensagem para você Data: Thu, 06 Aug 2026 01:31:21 +0000 Korwoo, r...

2026-08-06 08:02:25 | INFO    | [MemPalace] Gravado: Asa=Email | Sala=gmail:Principal:19fd47337f66361b
2026-08-06 08:02:25 | INFO    |     De: Temu <email@market.temuemail.com> Assunto: Decidimos recompensar-te! 👑 Data: Thu, 06 Aug 2026 00:22:27 +0000 (UTC) -------------------------------...

2026-08-06 08:02:25 | INFO    | [MEMPALACE] Resumo completo de agrupamento (Total: 463):
2026-08-06 08:02:25 | INFO    |     - 3d: 1 itens
2026-08-06 08:02:25 | INFO    |     - Diretorios: 4 itens
2026-08-06 08:02:25 | INFO    |     - Edicao: 1 itens
2026-08-06 08:02:25 | INFO    |     - Fisica: 1 itens
2026-08-06 08:02:25 | INFO    |     - MCP: 1 itens
2026-08-06 08:02:25 | INFO    |     - RH: 8 itens
2026-08-06 08:02:25 | INFO    |     - SalaComum: 9 itens
2026-08-06 08:02:25 | INFO    |     - TestRoom: 5 itens
2026-08-06 08:02:25 | INFO    |     - Validacao: 1 itens
2026-08-06 08:02:25 | INFO    |     - Windows_MCP: 7 itens
2026-08-06 08:02:25 | INFO    |     - accounts_contacts: 2 itens
2026-08-06 08:02:25 | INFO    |     - agent_tasks: 25 itens
2026-08-06 08:02:25 | INFO    |     - alerts: 13 itens
2026-08-06 08:02:25 | INFO    |     - android_and_pc_registrations: 21 itens
2026-08-06 08:02:25 | INFO    |     - antigravity: 1 itens
2026-08-06 08:02:25 | INFO    |     - career: 1 itens
2026-08-06 08:02:25 | INFO    |     - delika: 1 itens
2026-08-06 08:02:25 | INFO    |     - design: 1 itens
2026-08-06 08:02:25 | INFO    |     - dev: 1 itens
2026-08-06 08:02:25 | INFO    |     - Drive Principal: 64 itens
2026-08-06 08:02:25 | INFO    |     - Drive Trabalho: 8 itens
2026-08-06 08:02:25 | INFO    |     - drive_docs: 21 itens
2026-08-06 08:02:25 | INFO    |     - drive_shared_files: 10 itens
2026-08-06 08:02:25 | INFO    |     - education: 1 itens
2026-08-06 08:02:25 | INFO    |     - family: 1 itens
2026-08-06 08:02:25 | INFO    |     - github_repos: 2 itens
2026-08-06 08:02:25 | INFO    |     - Gmail Principal: 40 itens
2026-08-06 08:02:25 | INFO    |     - Gmail Trabalho: 32 itens
2026-08-06 08:02:25 | INFO    |     - gmail_linked_accounts: 11 itens
2026-08-06 08:02:25 | INFO    |     - gmail_notifications: 16 itens
2026-08-06 08:02:25 | INFO    |     - google_docs: 36 itens
2026-08-06 08:02:25 | INFO    |     - hardware: 2 itens
2026-08-06 08:02:25 | INFO    |     - jubileu: 4 itens
2026-08-06 08:02:25 | INFO    |     - mary_kay: 1 itens
2026-08-06 08:02:25 | INFO    |     - neon_orbit: 1 itens
2026-08-06 08:02:25 | INFO    |     - onedrive: 1 itens
2026-08-06 08:02:25 | INFO    |     - personal: 2 itens
2026-08-06 08:02:25 | INFO    |     - reddit_godot: 1 itens
2026-08-06 08:02:25 | INFO    |     - router: 1 itens
2026-08-06 08:02:25 | INFO    |     - security: 1 itens
2026-08-06 08:02:25 | INFO    |     - sparkhub: 1 itens
2026-08-06 08:02:25 | INFO    |     - storage_parser: 1 itens
2026-08-06 08:02:25 | INFO    |     - sync_audit: 24 itens
2026-08-06 08:02:25 | INFO    |     - system_status: 13 itens
2026-08-06 08:02:25 | INFO    |     - terabox: 1 itens
2026-08-06 08:02:25 | INFO    |     - tiktok_shop: 1 itens
2026-08-06 08:02:25 | INFO    |     - web_research_insights: 62 itens
2026-08-06 08:02:26 | INFO    | [MemPalace] Gravado: Asa=Email | Sala=gmail:Principal:19fd43c63a52d5f3
2026-08-06 08:02:26 | INFO    |     De: Temu <email@market.temuemail.com> Assunto: O seu pagamento será reembolsado como CRÉDITO DE VOLTA! Data: Wed, 05 Aug 2026 23:22:33 +0000 (UTC) ---...

2026-08-06 08:02:27 | INFO    | [MEMPALACE] Resumo completo de agrupamento (Total: 464):
2026-08-06 08:02:27 | INFO    |     - 3d: 1 itens
2026-08-06 08:02:27 | INFO    |     - Diretorios: 4 itens
2026-08-06 08:02:27 | INFO    |     - Edicao: 1 itens
2026-08-06 08:02:27 | INFO    |     - Fisica: 1 itens
2026-08-06 08:02:27 | INFO    |     - MCP: 1 itens
2026-08-06 08:02:27 | INFO    |     - RH: 8 itens
2026-08-06 08:02:27 | INFO    |     - SalaComum: 9 itens
2026-08-06 08:02:27 | INFO    |     - TestRoom: 5 itens
2026-08-06 08:02:27 | INFO    |     - Validacao: 1 itens
2026-08-06 08:02:27 | INFO    |     - Windows_MCP: 7 itens
2026-08-06 08:02:27 | INFO    |     - accounts_contacts: 2 itens
2026-08-06 08:02:27 | INFO    |     - agent_tasks: 25 itens
2026-08-06 08:02:27 | INFO    |     - alerts: 13 itens
2026-08-06 08:02:27 | INFO    |     - android_and_pc_registrations: 21 itens
2026-08-06 08:02:27 | INFO    |     - antigravity: 1 itens
2026-08-06 08:02:27 | INFO    |     - career: 1 itens
2026-08-06 08:02:27 | INFO    |     - delika: 1 itens
2026-08-06 08:02:27 | INFO    |     - design: 1 itens
2026-08-06 08:02:27 | INFO    |     - dev: 1 itens
2026-08-06 08:02:27 | INFO    |     - Drive Principal: 64 itens
2026-08-06 08:02:27 | INFO    |     - Drive Trabalho: 8 itens
2026-08-06 08:02:27 | INFO    |     - drive_docs: 21 itens
2026-08-06 08:02:27 | INFO    |     - drive_shared_files: 10 itens
2026-08-06 08:02:27 | INFO    |     - education: 1 itens
2026-08-06 08:02:27 | INFO    |     - family: 1 itens
2026-08-06 08:02:27 | INFO    |     - github_repos: 2 itens
2026-08-06 08:02:27 | INFO    |     - Gmail Principal: 41 itens
2026-08-06 08:02:27 | INFO    |     - Gmail Trabalho: 32 itens
2026-08-06 08:02:27 | INFO    |     - gmail_linked_accounts: 11 itens
2026-08-06 08:02:27 | INFO    |     - gmail_notifications: 16 itens
2026-08-06 08:02:27 | INFO    |     - google_docs: 36 itens
2026-08-06 08:02:27 | INFO    |     - hardware: 2 itens
2026-08-06 08:02:27 | INFO    |     - jubileu: 4 itens
2026-08-06 08:02:27 | INFO    |     - mary_kay: 1 itens
2026-08-06 08:02:27 | INFO    |     - neon_orbit: 1 itens
2026-08-06 08:02:27 | INFO    |     - onedrive: 1 itens
2026-08-06 08:02:27 | INFO    |     - personal: 2 itens
2026-08-06 08:02:27 | INFO    |     - reddit_godot: 1 itens
2026-08-06 08:02:27 | INFO    |     - router: 1 itens
2026-08-06 08:02:27 | INFO    |     - security: 1 itens
2026-08-06 08:02:27 | INFO    |     - sparkhub: 1 itens
2026-08-06 08:02:27 | INFO    |     - storage_parser: 1 itens
2026-08-06 08:02:27 | INFO    |     - sync_audit: 24 itens
2026-08-06 08:02:27 | INFO    |     - system_status: 13 itens
2026-08-06 08:02:27 | INFO    |     - terabox: 1 itens
2026-08-06 08:02:27 | INFO    |     - tiktok_shop: 1 itens
2026-08-06 08:02:27 | INFO    |     - web_research_insights: 62 itens
2026-08-06 08:02:28 | INFO    | [MemPalace] Gravado: Asa=Email | Sala=gmail:Principal:19fd407c8d05eee0
2026-08-06 08:02:28 | INFO    |     De: "Karina.Curvelo🦋 no TikTok" <notification@service.tiktok.com> Assunto: 💬 Karina.Curvelo🦋 deixou um comentário para você Data: Wed, 05 Aug 2026 22:...

2026-08-06 08:02:29 | INFO    | [MemPalace] Gravado: Asa=Email | Sala=gmail:Principal:19fd35b3ddc4b8f5
2026-08-06 08:02:29 | INFO    |     De: Paulo Silveira l Alura <contato@alura.com.br> Assunto: O manifesto da Nvidia, liderança na era da IA e os sinais do futuro Data: Wed, 5 Aug 2026 1...

2026-08-06 08:02:29 | INFO    | [MEMPALACE] Resumo completo de agrupamento (Total: 466):
2026-08-06 08:02:29 | INFO    |     - 3d: 1 itens
2026-08-06 08:02:29 | INFO    |     - Diretorios: 4 itens
2026-08-06 08:02:29 | INFO    |     - Edicao: 1 itens
2026-08-06 08:02:29 | INFO    |     - Fisica: 1 itens
2026-08-06 08:02:29 | INFO    |     - MCP: 1 itens
2026-08-06 08:02:29 | INFO    |     - RH: 8 itens
2026-08-06 08:02:29 | INFO    |     - SalaComum: 9 itens
2026-08-06 08:02:29 | INFO    |     - TestRoom: 5 itens
2026-08-06 08:02:29 | INFO    |     - Validacao: 1 itens
2026-08-06 08:02:29 | INFO    |     - Windows_MCP: 7 itens
2026-08-06 08:02:29 | INFO    |     - accounts_contacts: 2 itens
2026-08-06 08:02:29 | INFO    |     - agent_tasks: 25 itens
2026-08-06 08:02:29 | INFO    |     - alerts: 13 itens
2026-08-06 08:02:29 | INFO    |     - android_and_pc_registrations: 21 itens
2026-08-06 08:02:29 | INFO    |     - antigravity: 1 itens
2026-08-06 08:02:29 | INFO    |     - career: 1 itens
2026-08-06 08:02:29 | INFO    |     - delika: 1 itens
2026-08-06 08:02:29 | INFO    |     - design: 1 itens
2026-08-06 08:02:29 | INFO    |     - dev: 1 itens
2026-08-06 08:02:29 | INFO    |     - Drive Principal: 64 itens
2026-08-06 08:02:29 | INFO    |     - Drive Trabalho: 8 itens
2026-08-06 08:02:29 | INFO    |     - drive_docs: 21 itens
2026-08-06 08:02:29 | INFO    |     - drive_shared_files: 10 itens
2026-08-06 08:02:29 | INFO    |     - education: 1 itens
2026-08-06 08:02:29 | INFO    |     - family: 1 itens
2026-08-06 08:02:29 | INFO    |     - github_repos: 2 itens
2026-08-06 08:02:29 | INFO    |     - Gmail Principal: 43 itens
2026-08-06 08:02:29 | INFO    |     - Gmail Trabalho: 32 itens
2026-08-06 08:02:29 | INFO    |     - gmail_linked_accounts: 11 itens
2026-08-06 08:02:29 | INFO    |     - gmail_notifications: 16 itens
2026-08-06 08:02:29 | INFO    |     - google_docs: 36 itens
2026-08-06 08:02:29 | INFO    |     - hardware: 2 itens
2026-08-06 08:02:29 | INFO    |     - jubileu: 4 itens
2026-08-06 08:02:29 | INFO    |     - mary_kay: 1 itens
2026-08-06 08:02:29 | INFO    |     - neon_orbit: 1 itens
2026-08-06 08:02:29 | INFO    |     - onedrive: 1 itens
2026-08-06 08:02:29 | INFO    |     - personal: 2 itens
2026-08-06 08:02:29 | INFO    |     - reddit_godot: 1 itens
2026-08-06 08:02:29 | INFO    |     - router: 1 itens
2026-08-06 08:02:29 | INFO    |     - security: 1 itens
2026-08-06 08:02:29 | INFO    |     - sparkhub: 1 itens
2026-08-06 08:02:29 | INFO    |     - storage_parser: 1 itens
2026-08-06 08:02:29 | INFO    |     - sync_audit: 24 itens
2026-08-06 08:02:29 | INFO    |     - system_status: 13 itens
2026-08-06 08:02:29 | INFO    |     - terabox: 1 itens
2026-08-06 08:02:29 | INFO    |     - tiktok_shop: 1 itens
2026-08-06 08:02:29 | INFO    |     - web_research_insights: 62 itens
2026-08-06 08:02:30 | INFO    | [MemPalace] Gravado: Asa=Email | Sala=gmail:Principal:19fd24f221d1a037
2026-08-06 08:02:30 | INFO    |     De: recuperacoes@santander.com.br Assunto: Seu FGTS pode ajudar voc� no Novo Desenrola Brasil. Data: Wed, 5 Aug 2026 11:23:42 -0300 (BRT) Seu FGTS pod...

2026-08-06 08:02:31 | INFO    | [MEMPALACE] Resumo completo de agrupamento (Total: 467):
2026-08-06 08:02:31 | INFO    |     - 3d: 1 itens
2026-08-06 08:02:31 | INFO    |     - Diretorios: 4 itens
2026-08-06 08:02:31 | INFO    |     - Edicao: 1 itens
2026-08-06 08:02:31 | INFO    |     - Fisica: 1 itens
2026-08-06 08:02:31 | INFO    |     - MCP: 1 itens
2026-08-06 08:02:31 | INFO    |     - RH: 8 itens
2026-08-06 08:02:31 | INFO    |     - SalaComum: 9 itens
2026-08-06 08:02:31 | INFO    |     - TestRoom: 5 itens
2026-08-06 08:02:31 | INFO    |     - Validacao: 1 itens
2026-08-06 08:02:31 | INFO    |     - Windows_MCP: 7 itens
2026-08-06 08:02:31 | INFO    |     - accounts_contacts: 2 itens
2026-08-06 08:02:31 | INFO    |     - agent_tasks: 25 itens
2026-08-06 08:02:31 | INFO    |     - alerts: 13 itens
2026-08-06 08:02:31 | INFO    |     - android_and_pc_registrations: 21 itens
2026-08-06 08:02:31 | INFO    |     - antigravity: 1 itens
2026-08-06 08:02:31 | INFO    |     - career: 1 itens
2026-08-06 08:02:31 | INFO    |     - delika: 1 itens
2026-08-06 08:02:31 | INFO    |     - design: 1 itens
2026-08-06 08:02:31 | INFO    |     - dev: 1 itens
2026-08-06 08:02:31 | INFO    |     - Drive Principal: 64 itens
2026-08-06 08:02:31 | INFO    |     - Drive Trabalho: 8 itens
2026-08-06 08:02:31 | INFO    |     - drive_docs: 21 itens
2026-08-06 08:02:31 | INFO    |     - drive_shared_files: 10 itens
2026-08-06 08:02:31 | INFO    |     - education: 1 itens
2026-08-06 08:02:31 | INFO    |     - family: 1 itens
2026-08-06 08:02:31 | INFO    |     - github_repos: 2 itens
2026-08-06 08:02:31 | INFO    |     - Gmail Principal: 44 itens
2026-08-06 08:02:31 | INFO    |     - Gmail Trabalho: 32 itens
2026-08-06 08:02:31 | INFO    |     - gmail_linked_accounts: 11 itens
2026-08-06 08:02:31 | INFO    |     - gmail_notifications: 16 itens
2026-08-06 08:02:31 | INFO    |     - google_docs: 36 itens
2026-08-06 08:02:31 | INFO    |     - hardware: 2 itens
2026-08-06 08:02:31 | INFO    |     - jubileu: 4 itens
2026-08-06 08:02:31 | INFO    |     - mary_kay: 1 itens
2026-08-06 08:02:31 | INFO    |     - neon_orbit: 1 itens
2026-08-06 08:02:31 | INFO    |     - onedrive: 1 itens
2026-08-06 08:02:31 | INFO    |     - personal: 2 itens
2026-08-06 08:02:31 | INFO    |     - reddit_godot: 1 itens
2026-08-06 08:02:31 | INFO    |     - router: 1 itens
2026-08-06 08:02:31 | INFO    |     - security: 1 itens
2026-08-06 08:02:31 | INFO    |     - sparkhub: 1 itens
2026-08-06 08:02:31 | INFO    |     - storage_parser: 1 itens
2026-08-06 08:02:31 | INFO    |     - sync_audit: 24 itens
2026-08-06 08:02:31 | INFO    |     - system_status: 13 itens
2026-08-06 08:02:31 | INFO    |     - terabox: 1 itens
2026-08-06 08:02:31 | INFO    |     - tiktok_shop: 1 itens
2026-08-06 08:02:31 | INFO    |     - web_research_insights: 62 itens
2026-08-06 08:02:32 | INFO    | [MemPalace] Gravado: Asa=Email | Sala=gmail:Principal:19fcffaf4592a310
2026-08-06 08:02:32 | INFO    |     De: Use AI <hello@use.ai> Assunto: Sua conta será excluída Data: Wed, 05 Aug 2026 03:32:38 +0000 ( https://use.ai/ ) Sua conta será excluída à meia-no...

2026-08-06 08:02:33 | INFO    | [MemPalace] Gravado: Asa=Email | Sala=gmail:Principal:19fcf93c027660e2
2026-08-06 08:02:33 | INFO    |     De: iracema no TikTok <notification@service.tiktok.com> Assunto: iracema enviou uma mensagem para sua conversa em grupo Data: Wed, 05 Aug 2026 01:39:5...

2026-08-06 08:02:33 | INFO    | [MEMPALACE] Resumo completo de agrupamento (Total: 468):
2026-08-06 08:02:33 | INFO    |     - 3d: 1 itens
2026-08-06 08:02:33 | INFO    |     - Diretorios: 4 itens
2026-08-06 08:02:33 | INFO    |     - Edicao: 1 itens
2026-08-06 08:02:33 | INFO    |     - Fisica: 1 itens
2026-08-06 08:02:33 | INFO    |     - MCP: 1 itens
2026-08-06 08:02:33 | INFO    |     - RH: 8 itens
2026-08-06 08:02:33 | INFO    |     - SalaComum: 9 itens
2026-08-06 08:02:33 | INFO    |     - TestRoom: 5 itens
2026-08-06 08:02:33 | INFO    |     - Validacao: 1 itens
2026-08-06 08:02:33 | INFO    |     - Windows_MCP: 7 itens
2026-08-06 08:02:33 | INFO    |     - accounts_contacts: 2 itens
2026-08-06 08:02:33 | INFO    |     - agent_tasks: 25 itens
2026-08-06 08:02:33 | INFO    |     - alerts: 13 itens
2026-08-06 08:02:33 | INFO    |     - android_and_pc_registrations: 21 itens
2026-08-06 08:02:33 | INFO    |     - antigravity: 1 itens
2026-08-06 08:02:33 | INFO    |     - career: 1 itens
2026-08-06 08:02:33 | INFO    |     - delika: 1 itens
2026-08-06 08:02:33 | INFO    |     - design: 1 itens
2026-08-06 08:02:33 | INFO    |     - dev: 1 itens
2026-08-06 08:02:33 | INFO    |     - Drive Principal: 64 itens
2026-08-06 08:02:33 | INFO    |     - Drive Trabalho: 8 itens
2026-08-06 08:02:33 | INFO    |     - drive_docs: 21 itens
2026-08-06 08:02:33 | INFO    |     - drive_shared_files: 10 itens
2026-08-06 08:02:33 | INFO    |     - education: 1 itens
2026-08-06 08:02:33 | INFO    |     - family: 1 itens
2026-08-06 08:02:33 | INFO    |     - github_repos: 2 itens
2026-08-06 08:02:33 | INFO    |     - Gmail Principal: 46 itens
2026-08-06 08:02:33 | INFO    |     - Gmail Trabalho: 32 itens
2026-08-06 08:02:33 | INFO    |     - gmail_linked_accounts: 11 itens
2026-08-06 08:02:33 | INFO    |     - gmail_notifications: 16 itens
2026-08-06 08:02:33 | INFO    |     - google_docs: 36 itens
2026-08-06 08:02:33 | INFO    |     - hardware: 2 itens
2026-08-06 08:02:33 | INFO    |     - jubileu: 4 itens
2026-08-06 08:02:33 | INFO    |     - mary_kay: 1 itens
2026-08-06 08:02:33 | INFO    |     - neon_orbit: 1 itens
2026-08-06 08:02:33 | INFO    |     - onedrive: 1 itens
2026-08-06 08:02:33 | INFO    |     - personal: 2 itens
2026-08-06 08:02:33 | INFO    |     - reddit_godot: 1 itens
2026-08-06 08:02:33 | INFO    |     - router: 1 itens
2026-08-06 08:02:33 | INFO    |     - security: 1 itens
2026-08-06 08:02:33 | INFO    |     - sparkhub: 1 itens
2026-08-06 08:02:33 | INFO    |     - storage_parser: 1 itens
2026-08-06 08:02:33 | INFO    |     - sync_audit: 24 itens
2026-08-06 08:02:33 | INFO    |     - system_status: 13 itens
2026-08-06 08:02:33 | INFO    |     - terabox: 1 itens
2026-08-06 08:02:33 | INFO    |     - tiktok_shop: 1 itens
2026-08-06 08:02:33 | INFO    |     - web_research_insights: 62 itens
2026-08-06 08:02:35 | INFO    | [MemPalace] Gravado: Asa=Email | Sala=gmail:Principal:19fcf4ceaa029d79
2026-08-06 08:02:35 | INFO    |     De: Temu <email@market.temuemail.com> Assunto: ✅️ Caro Alexandre Curvelo, temos um crédito inacabado de R$600! Data: Wed, 05 Aug 2026 00:22:32 +0000 -...

2026-08-06 08:02:35 | INFO    | [MEMPALACE] Resumo completo de agrupamento (Total: 470):
2026-08-06 08:02:35 | INFO    |     - 3d: 1 itens
2026-08-06 08:02:35 | INFO    |     - Diretorios: 4 itens
2026-08-06 08:02:35 | INFO    |     - Edicao: 1 itens
2026-08-06 08:02:35 | INFO    |     - Fisica: 1 itens
2026-08-06 08:02:35 | INFO    |     - MCP: 1 itens
2026-08-06 08:02:35 | INFO    |     - RH: 8 itens
2026-08-06 08:02:35 | INFO    |     - SalaComum: 9 itens
2026-08-06 08:02:35 | INFO    |     - TestRoom: 5 itens
2026-08-06 08:02:35 | INFO    |     - Validacao: 1 itens
2026-08-06 08:02:35 | INFO    |     - Windows_MCP: 7 itens
2026-08-06 08:02:35 | INFO    |     - accounts_contacts: 2 itens
2026-08-06 08:02:35 | INFO    |     - agent_tasks: 25 itens
2026-08-06 08:02:35 | INFO    |     - alerts: 13 itens
2026-08-06 08:02:35 | INFO    |     - android_and_pc_registrations: 21 itens
2026-08-06 08:02:35 | INFO    |     - antigravity: 1 itens
2026-08-06 08:02:35 | INFO    |     - career: 1 itens
2026-08-06 08:02:35 | INFO    |     - delika: 1 itens
2026-08-06 08:02:35 | INFO    |     - design: 1 itens
2026-08-06 08:02:35 | INFO    |     - dev: 1 itens
2026-08-06 08:02:35 | INFO    |     - Drive Principal: 64 itens
2026-08-06 08:02:35 | INFO    |     - Drive Trabalho: 8 itens
2026-08-06 08:02:35 | INFO    |     - drive_docs: 21 itens
2026-08-06 08:02:35 | INFO    |     - drive_shared_files: 10 itens
2026-08-06 08:02:35 | INFO    |     - education: 1 itens
2026-08-06 08:02:35 | INFO    |     - family: 1 itens
2026-08-06 08:02:35 | INFO    |     - github_repos: 2 itens
2026-08-06 08:02:35 | INFO    |     - Gmail Principal: 47 itens
2026-08-06 08:02:35 | INFO    |     - Gmail Trabalho: 32 itens
2026-08-06 08:02:35 | INFO    |     - gmail_linked_accounts: 11 itens
2026-08-06 08:02:35 | INFO    |     - gmail_notifications: 16 itens
2026-08-06 08:02:35 | INFO    |     - google_docs: 36 itens
2026-08-06 08:02:35 | INFO    |     - hardware: 2 itens
2026-08-06 08:02:35 | INFO    |     - jubileu: 4 itens
2026-08-06 08:02:35 | INFO    |     - mary_kay: 1 itens
2026-08-06 08:02:35 | INFO    |     - neon_orbit: 1 itens
2026-08-06 08:02:35 | INFO    |     - onedrive: 1 itens
2026-08-06 08:02:35 | INFO    |     - personal: 2 itens
2026-08-06 08:02:35 | INFO    |     - reddit_godot: 1 itens
2026-08-06 08:02:35 | INFO    |     - router: 1 itens
2026-08-06 08:02:35 | INFO    |     - security: 1 itens
2026-08-06 08:02:35 | INFO    |     - sparkhub: 1 itens
2026-08-06 08:02:35 | INFO    |     - storage_parser: 1 itens
2026-08-06 08:02:35 | INFO    |     - sync_audit: 24 itens
2026-08-06 08:02:35 | INFO    |     - system_status: 13 itens
2026-08-06 08:02:35 | INFO    |     - terabox: 1 itens
2026-08-06 08:02:35 | INFO    |     - tiktok_shop: 1 itens
2026-08-06 08:02:35 | INFO    |     - web_research_insights: 62 itens
2026-08-06 08:02:36 | INFO    | [MemPalace] Gravado: Asa=Email | Sala=gmail:Principal:19fcf16358380aa3
2026-08-06 08:02:36 | INFO    |     De: Temu <email@market.temuemail.com> Assunto: Você não reivindicou o mimo! Data: Tue, 04 Aug 2026 23:22:44 +0000 ------------------------------------...

2026-08-06 08:02:37 | INFO    | [MEMPALACE] Resumo completo de agrupamento (Total: 471):
2026-08-06 08:02:37 | INFO    |     - 3d: 1 itens
2026-08-06 08:02:37 | INFO    |     - Diretorios: 4 itens
2026-08-06 08:02:37 | INFO    |     - Edicao: 1 itens
2026-08-06 08:02:37 | INFO    |     - Fisica: 1 itens
2026-08-06 08:02:37 | INFO    |     - MCP: 1 itens
2026-08-06 08:02:37 | INFO    |     - RH: 8 itens
2026-08-06 08:02:37 | INFO    |     - SalaComum: 9 itens
2026-08-06 08:02:37 | INFO    |     - TestRoom: 5 itens
2026-08-06 08:02:37 | INFO    |     - Validacao: 1 itens
2026-08-06 08:02:37 | INFO    |     - Windows_MCP: 7 itens
2026-08-06 08:02:37 | INFO    |     - accounts_contacts: 2 itens
2026-08-06 08:02:37 | INFO    |     - agent_tasks: 25 itens
2026-08-06 08:02:37 | INFO    |     - alerts: 13 itens
2026-08-06 08:02:37 | INFO    |     - android_and_pc_registrations: 21 itens
2026-08-06 08:02:37 | INFO    |     - antigravity: 1 itens
2026-08-06 08:02:37 | INFO    |     - career: 1 itens
2026-08-06 08:02:37 | INFO    |     - delika: 1 itens
2026-08-06 08:02:37 | INFO    |     - design: 1 itens
2026-08-06 08:02:37 | INFO    |     - dev: 1 itens
2026-08-06 08:02:37 | INFO    |     - Drive Principal: 64 itens
2026-08-06 08:02:37 | INFO    |     - Drive Trabalho: 8 itens
2026-08-06 08:02:37 | INFO    |     - drive_docs: 21 itens
2026-08-06 08:02:37 | INFO    |     - drive_shared_files: 10 itens
2026-08-06 08:02:37 | INFO    |     - education: 1 itens
2026-08-06 08:02:37 | INFO    |     - family: 1 itens
2026-08-06 08:02:37 | INFO    |     - github_repos: 2 itens
2026-08-06 08:02:37 | INFO    |     - Gmail Principal: 48 itens
2026-08-06 08:02:37 | INFO    |     - Gmail Trabalho: 32 itens
2026-08-06 08:02:37 | INFO    |     - gmail_linked_accounts: 11 itens
2026-08-06 08:02:37 | INFO    |     - gmail_notifications: 16 itens
2026-08-06 08:02:37 | INFO    |     - google_docs: 36 itens
2026-08-06 08:02:37 | INFO    |     - hardware: 2 itens
2026-08-06 08:02:37 | INFO    |     - jubileu: 4 itens
2026-08-06 08:02:37 | INFO    |     - mary_kay: 1 itens
2026-08-06 08:02:37 | INFO    |     - neon_orbit: 1 itens
2026-08-06 08:02:37 | INFO    |     - onedrive: 1 itens
2026-08-06 08:02:37 | INFO    |     - personal: 2 itens
2026-08-06 08:02:37 | INFO    |     - reddit_godot: 1 itens
2026-08-06 08:02:37 | INFO    |     - router: 1 itens
2026-08-06 08:02:37 | INFO    |     - security: 1 itens
2026-08-06 08:02:37 | INFO    |     - sparkhub: 1 itens
2026-08-06 08:02:37 | INFO    |     - storage_parser: 1 itens
2026-08-06 08:02:37 | INFO    |     - sync_audit: 24 itens
2026-08-06 08:02:37 | INFO    |     - system_status: 13 itens
2026-08-06 08:02:37 | INFO    |     - terabox: 1 itens
2026-08-06 08:02:37 | INFO    |     - tiktok_shop: 1 itens
2026-08-06 08:02:37 | INFO    |     - web_research_insights: 62 itens
2026-08-06 08:02:37 | INFO    | [MemPalace] Gravado: Asa=Email | Sala=gmail:Principal:19fceaba8665221d
2026-08-06 08:02:37 | INFO    |     De: iracema no TikTok <notification@service.tiktok.com> Assunto: iracema enviou uma mensagem para sua conversa em grupo Data: Tue, 04 Aug 2026 21:26:2...

2026-08-06 08:02:39 | INFO    | [MemPalace] Gravado: Asa=Email | Sala=gmail:Principal:19fce4fdd83babef
2026-08-06 08:02:39 | INFO    |     De: Marlon Scatolin <atendimento@mail1.empiricus.com.br> Assunto: Aprenda, compita e evolua na Copa Trader BTG Data: Tue, 04 Aug 2026 13:36:35 -0600 h...

2026-08-06 08:02:39 | INFO    | [ORQUESTRADOR] Rota 5 (Raciocínio) ativada.
2026-08-06 08:02:39 | INFO    | [MEMPALACE] Resumo completo de agrupamento (Total: 473):
2026-08-06 08:02:39 | INFO    |     - 3d: 1 itens
2026-08-06 08:02:39 | INFO    |     - Diretorios: 4 itens
2026-08-06 08:02:39 | INFO    |     - Edicao: 1 itens
2026-08-06 08:02:39 | INFO    |     - Fisica: 1 itens
2026-08-06 08:02:39 | INFO    |     - MCP: 1 itens
2026-08-06 08:02:39 | INFO    |     - RH: 8 itens
2026-08-06 08:02:39 | INFO    |     - SalaComum: 9 itens
2026-08-06 08:02:39 | INFO    |     - TestRoom: 5 itens
2026-08-06 08:02:39 | INFO    |     - Validacao: 1 itens
2026-08-06 08:02:39 | INFO    |     - Windows_MCP: 7 itens
2026-08-06 08:02:39 | INFO    |     - accounts_contacts: 2 itens
2026-08-06 08:02:39 | INFO    |     - agent_tasks: 25 itens
2026-08-06 08:02:39 | INFO    |     - alerts: 13 itens
2026-08-06 08:02:39 | INFO    |     - android_and_pc_registrations: 21 itens
2026-08-06 08:02:39 | INFO    |     - antigravity: 1 itens
2026-08-06 08:02:39 | INFO    |     - career: 1 itens
2026-08-06 08:02:39 | INFO    |     - delika: 1 itens
2026-08-06 08:02:39 | INFO    |     - design: 1 itens
2026-08-06 08:02:39 | INFO    |     - dev: 1 itens
2026-08-06 08:02:39 | INFO    |     - Drive Principal: 64 itens
2026-08-06 08:02:39 | INFO    |     - Drive Trabalho: 8 itens
2026-08-06 08:02:39 | INFO    |     - drive_docs: 21 itens
2026-08-06 08:02:39 | INFO    |     - drive_shared_files: 10 itens
2026-08-06 08:02:39 | INFO    |     - education: 1 itens
2026-08-06 08:02:39 | INFO    |     - family: 1 itens
2026-08-06 08:02:39 | INFO    |     - github_repos: 2 itens
2026-08-06 08:02:39 | INFO    |     - Gmail Principal: 50 itens
2026-08-06 08:02:39 | INFO    |     - Gmail Trabalho: 32 itens
2026-08-06 08:02:39 | INFO    |     - gmail_linked_accounts: 11 itens
2026-08-06 08:02:39 | INFO    |     - gmail_notifications: 16 itens
2026-08-06 08:02:39 | INFO    |     - google_docs: 36 itens
2026-08-06 08:02:39 | INFO    |     - hardware: 2 itens
2026-08-06 08:02:39 | INFO    |     - jubileu: 4 itens
2026-08-06 08:02:39 | INFO    |     - mary_kay: 1 itens
2026-08-06 08:02:39 | INFO    |     - neon_orbit: 1 itens
2026-08-06 08:02:39 | INFO    |     - onedrive: 1 itens
2026-08-06 08:02:39 | INFO    |     - personal: 2 itens
2026-08-06 08:02:39 | INFO    |     - reddit_godot: 1 itens
2026-08-06 08:02:39 | INFO    |     - router: 1 itens
2026-08-06 08:02:39 | INFO    |     - security: 1 itens
2026-08-06 08:02:39 | INFO    |     - sparkhub: 1 itens
2026-08-06 08:02:39 | INFO    |     - storage_parser: 1 itens
2026-08-06 08:02:39 | INFO    |     - sync_audit: 24 itens
2026-08-06 08:02:39 | INFO    |     - system_status: 13 itens
2026-08-06 08:02:39 | INFO    |     - terabox: 1 itens
2026-08-06 08:02:39 | INFO    |     - tiktok_shop: 1 itens
2026-08-06 08:02:39 | INFO    |     - web_research_insights: 62 itens
2026-08-06 08:02:40 | INFO    | [MemPalace] Gravado: Asa=Email | Sala=gmail:Principal:19fccefe95440b4a
2026-08-06 08:02:40 | INFO    |     De: <noreply_componentes@correios.com.br> Assunto: Comunicado Correios - Devolução de Encomendas Data: Tue, 4 Aug 2026 10:21:11 -0300 Email Correios P...

2026-08-06 08:02:41 | INFO    | [MEMPALACE] Resumo completo de agrupamento (Total: 474):
2026-08-06 08:02:41 | INFO    |     - 3d: 1 itens
2026-08-06 08:02:41 | INFO    |     - Diretorios: 4 itens
2026-08-06 08:02:41 | INFO    |     - Edicao: 1 itens
2026-08-06 08:02:41 | INFO    |     - Fisica: 1 itens
2026-08-06 08:02:41 | INFO    |     - MCP: 1 itens
2026-08-06 08:02:41 | INFO    |     - RH: 8 itens
2026-08-06 08:02:41 | INFO    |     - SalaComum: 9 itens
2026-08-06 08:02:41 | INFO    |     - TestRoom: 5 itens
2026-08-06 08:02:41 | INFO    |     - Validacao: 1 itens
2026-08-06 08:02:41 | INFO    |     - Windows_MCP: 7 itens
2026-08-06 08:02:41 | INFO    |     - accounts_contacts: 2 itens
2026-08-06 08:02:41 | INFO    |     - agent_tasks: 25 itens
2026-08-06 08:02:41 | INFO    |     - alerts: 13 itens
2026-08-06 08:02:41 | INFO    |     - android_and_pc_registrations: 21 itens
2026-08-06 08:02:41 | INFO    |     - antigravity: 1 itens
2026-08-06 08:02:41 | INFO    |     - career: 1 itens
2026-08-06 08:02:41 | INFO    |     - delika: 1 itens
2026-08-06 08:02:41 | INFO    |     - design: 1 itens
2026-08-06 08:02:41 | INFO    |     - dev: 1 itens
2026-08-06 08:02:41 | INFO    |     - Drive Principal: 64 itens
2026-08-06 08:02:41 | INFO    |     - Drive Trabalho: 8 itens
2026-08-06 08:02:41 | INFO    |     - drive_docs: 21 itens
2026-08-06 08:02:41 | INFO    |     - drive_shared_files: 10 itens
2026-08-06 08:02:41 | INFO    |     - education: 1 itens
2026-08-06 08:02:41 | INFO    |     - family: 1 itens
2026-08-06 08:02:41 | INFO    |     - github_repos: 2 itens
2026-08-06 08:02:41 | INFO    |     - Gmail Principal: 51 itens
2026-08-06 08:02:41 | INFO    |     - Gmail Trabalho: 32 itens
2026-08-06 08:02:41 | INFO    |     - gmail_linked_accounts: 11 itens
2026-08-06 08:02:41 | INFO    |     - gmail_notifications: 16 itens
2026-08-06 08:02:41 | INFO    |     - google_docs: 36 itens
2026-08-06 08:02:41 | INFO    |     - hardware: 2 itens
2026-08-06 08:02:41 | INFO    |     - jubileu: 4 itens
2026-08-06 08:02:41 | INFO    |     - mary_kay: 1 itens
2026-08-06 08:02:41 | INFO    |     - neon_orbit: 1 itens
2026-08-06 08:02:41 | INFO    |     - onedrive: 1 itens
2026-08-06 08:02:41 | INFO    |     - personal: 2 itens
2026-08-06 08:02:41 | INFO    |     - reddit_godot: 1 itens
2026-08-06 08:02:41 | INFO    |     - router: 1 itens
2026-08-06 08:02:41 | INFO    |     - security: 1 itens
2026-08-06 08:02:41 | INFO    |     - sparkhub: 1 itens
2026-08-06 08:02:41 | INFO    |     - storage_parser: 1 itens
2026-08-06 08:02:41 | INFO    |     - sync_audit: 24 itens
2026-08-06 08:02:41 | INFO    |     - system_status: 13 itens
2026-08-06 08:02:41 | INFO    |     - terabox: 1 itens
2026-08-06 08:02:41 | INFO    |     - tiktok_shop: 1 itens
2026-08-06 08:02:41 | INFO    |     - web_research_insights: 62 itens
2026-08-06 08:02:42 | INFO    | [MemPalace] Gravado: Asa=Email | Sala=gmail:Principal:19fccc0e0090b78c
2026-08-06 08:02:42 | INFO    |     De: Steve Ogden Art <steveogdenart@creator.patreon.com> Assunto: Circling back Data: Tue, 04 Aug 2026 12:30:19 +0000 Circling back 96 Mortimer cares. ...

2026-08-06 08:02:43 | INFO    | [MemPalace] Gravado: Asa=Email | Sala=gmail:Principal:19fcad492e338e46
2026-08-06 08:02:43 | INFO    |     De: Use AI <hello@use.ai> Assunto: O que esperar pela IA está realmente custando a você Data: Tue, 04 Aug 2026 03:32:36 +0000 ( https://use.ai/ ) Olá,...

2026-08-06 08:02:43 | INFO    | [MEMPALACE] Resumo completo de agrupamento (Total: 476):
2026-08-06 08:02:43 | INFO    |     - 3d: 1 itens
2026-08-06 08:02:43 | INFO    |     - Diretorios: 4 itens
2026-08-06 08:02:43 | INFO    |     - Edicao: 1 itens
2026-08-06 08:02:43 | INFO    |     - Fisica: 1 itens
2026-08-06 08:02:43 | INFO    |     - MCP: 1 itens
2026-08-06 08:02:43 | INFO    |     - RH: 8 itens
2026-08-06 08:02:43 | INFO    |     - SalaComum: 9 itens
2026-08-06 08:02:43 | INFO    |     - TestRoom: 5 itens
2026-08-06 08:02:43 | INFO    |     - Validacao: 1 itens
2026-08-06 08:02:43 | INFO    |     - Windows_MCP: 7 itens
2026-08-06 08:02:43 | INFO    |     - accounts_contacts: 2 itens
2026-08-06 08:02:43 | INFO    |     - agent_tasks: 25 itens
2026-08-06 08:02:43 | INFO    |     - alerts: 13 itens
2026-08-06 08:02:43 | INFO    |     - android_and_pc_registrations: 21 itens
2026-08-06 08:02:43 | INFO    |     - antigravity: 1 itens
2026-08-06 08:02:43 | INFO    |     - career: 1 itens
2026-08-06 08:02:43 | INFO    |     - delika: 1 itens
2026-08-06 08:02:43 | INFO    |     - design: 1 itens
2026-08-06 08:02:43 | INFO    |     - dev: 1 itens
2026-08-06 08:02:43 | INFO    |     - Drive Principal: 64 itens
2026-08-06 08:02:43 | INFO    |     - Drive Trabalho: 8 itens
2026-08-06 08:02:43 | INFO    |     - drive_docs: 21 itens
2026-08-06 08:02:43 | INFO    |     - drive_shared_files: 10 itens
2026-08-06 08:02:43 | INFO    |     - education: 1 itens
2026-08-06 08:02:43 | INFO    |     - family: 1 itens
2026-08-06 08:02:43 | INFO    |     - github_repos: 2 itens
2026-08-06 08:02:43 | INFO    |     - Gmail Principal: 53 itens
2026-08-06 08:02:43 | INFO    |     - Gmail Trabalho: 32 itens
2026-08-06 08:02:43 | INFO    |     - gmail_linked_accounts: 11 itens
2026-08-06 08:02:43 | INFO    |     - gmail_notifications: 16 itens
2026-08-06 08:02:43 | INFO    |     - google_docs: 36 itens
2026-08-06 08:02:43 | INFO    |     - hardware: 2 itens
2026-08-06 08:02:43 | INFO    |     - jubileu: 4 itens
2026-08-06 08:02:43 | INFO    |     - mary_kay: 1 itens
2026-08-06 08:02:43 | INFO    |     - neon_orbit: 1 itens
2026-08-06 08:02:43 | INFO    |     - onedrive: 1 itens
2026-08-06 08:02:43 | INFO    |     - personal: 2 itens
2026-08-06 08:02:43 | INFO    |     - reddit_godot: 1 itens
2026-08-06 08:02:43 | INFO    |     - router: 1 itens
2026-08-06 08:02:43 | INFO    |     - security: 1 itens
2026-08-06 08:02:43 | INFO    |     - sparkhub: 1 itens
2026-08-06 08:02:43 | INFO    |     - storage_parser: 1 itens
2026-08-06 08:02:43 | INFO    |     - sync_audit: 24 itens
2026-08-06 08:02:43 | INFO    |     - system_status: 13 itens
2026-08-06 08:02:43 | INFO    |     - terabox: 1 itens
2026-08-06 08:02:43 | INFO    |     - tiktok_shop: 1 itens
2026-08-06 08:02:43 | INFO    |     - web_research_insights: 62 itens
2026-08-06 08:02:44 | ERROR   | [ROTEADOR WARN] Camada 1 falhou (<urlopen error [WinError 10061] Nenhuma conexão pôde ser feita porque a máquina de destino as recusou ativamente>). Acionando Camada 2...
2026-08-06 08:02:44 | INFO    | [MemPalace] Gravado: Asa=Email | Sala=gmail:Principal:19fca26871b9c970
2026-08-06 08:02:44 | INFO    |     De: Temu <email@sales.temuemail.com> Assunto: Decidimos recompensar-te! 👑 Data: Tue, 04 Aug 2026 00:22:29 +0000 (UTC) --------------------------------...

2026-08-06 08:02:45 | INFO    | [MEMPALACE] Resumo completo de agrupamento (Total: 477):
2026-08-06 08:02:45 | INFO    |     - 3d: 1 itens
2026-08-06 08:02:45 | INFO    |     - Diretorios: 4 itens
2026-08-06 08:02:45 | INFO    |     - Edicao: 1 itens
2026-08-06 08:02:45 | INFO    |     - Fisica: 1 itens
2026-08-06 08:02:45 | INFO    |     - MCP: 1 itens
2026-08-06 08:02:45 | INFO    |     - RH: 8 itens
2026-08-06 08:02:45 | INFO    |     - SalaComum: 9 itens
2026-08-06 08:02:45 | INFO    |     - TestRoom: 5 itens
2026-08-06 08:02:45 | INFO    |     - Validacao: 1 itens
2026-08-06 08:02:45 | INFO    |     - Windows_MCP: 7 itens
2026-08-06 08:02:45 | INFO    |     - accounts_contacts: 2 itens
2026-08-06 08:02:45 | INFO    |     - agent_tasks: 25 itens
2026-08-06 08:02:45 | INFO    |     - alerts: 13 itens
2026-08-06 08:02:45 | INFO    |     - android_and_pc_registrations: 21 itens
2026-08-06 08:02:45 | INFO    |     - antigravity: 1 itens
2026-08-06 08:02:45 | INFO    |     - career: 1 itens
2026-08-06 08:02:45 | INFO    |     - delika: 1 itens
2026-08-06 08:02:45 | INFO    |     - design: 1 itens
2026-08-06 08:02:45 | INFO    |     - dev: 1 itens
2026-08-06 08:02:45 | INFO    |     - Drive Principal: 64 itens
2026-08-06 08:02:45 | INFO    |     - Drive Trabalho: 8 itens
2026-08-06 08:02:45 | INFO    |     - drive_docs: 21 itens
2026-08-06 08:02:45 | INFO    |     - drive_shared_files: 10 itens
2026-08-06 08:02:45 | INFO    |     - education: 1 itens
2026-08-06 08:02:45 | INFO    |     - family: 1 itens
2026-08-06 08:02:45 | INFO    |     - github_repos: 2 itens
2026-08-06 08:02:45 | INFO    |     - Gmail Principal: 54 itens
2026-08-06 08:02:45 | INFO    |     - Gmail Trabalho: 32 itens
2026-08-06 08:02:45 | INFO    |     - gmail_linked_accounts: 11 itens
2026-08-06 08:02:45 | INFO    |     - gmail_notifications: 16 itens
2026-08-06 08:02:45 | INFO    |     - google_docs: 36 itens
2026-08-06 08:02:45 | INFO    |     - hardware: 2 itens
2026-08-06 08:02:45 | INFO    |     - jubileu: 4 itens
2026-08-06 08:02:45 | INFO    |     - mary_kay: 1 itens
2026-08-06 08:02:45 | INFO    |     - neon_orbit: 1 itens
2026-08-06 08:02:45 | INFO    |     - onedrive: 1 itens
2026-08-06 08:02:45 | INFO    |     - personal: 2 itens
2026-08-06 08:02:45 | INFO    |     - reddit_godot: 1 itens
2026-08-06 08:02:45 | INFO    |     - router: 1 itens
2026-08-06 08:02:45 | INFO    |     - security: 1 itens
2026-08-06 08:02:45 | INFO    |     - sparkhub: 1 itens
2026-08-06 08:02:45 | INFO    |     - storage_parser: 1 itens
2026-08-06 08:02:45 | INFO    |     - sync_audit: 24 itens
2026-08-06 08:02:45 | INFO    |     - system_status: 13 itens
2026-08-06 08:02:45 | INFO    |     - terabox: 1 itens
2026-08-06 08:02:45 | INFO    |     - tiktok_shop: 1 itens
2026-08-06 08:02:45 | INFO    |     - web_research_insights: 62 itens
2026-08-06 08:02:46 | INFO    | [MemPalace] Gravado: Asa=Email | Sala=gmail:Principal:19fc9ef98c52d3b3
2026-08-06 08:02:46 | INFO    |     De: Temu <email@market.temuemail.com> Assunto: R$600 em créditos! Data: Mon, 03 Aug 2026 23:22:29 +0000 (UTC) ----------------------------------------...

2026-08-06 08:02:47 | INFO    | [MEMPALACE] Resumo completo de agrupamento (Total: 478):
2026-08-06 08:02:47 | INFO    |     - 3d: 1 itens
2026-08-06 08:02:47 | INFO    |     - Diretorios: 4 itens
2026-08-06 08:02:47 | INFO    |     - Edicao: 1 itens
2026-08-06 08:02:47 | INFO    |     - Fisica: 1 itens
2026-08-06 08:02:47 | INFO    |     - MCP: 1 itens
2026-08-06 08:02:47 | INFO    |     - RH: 8 itens
2026-08-06 08:02:47 | INFO    |     - SalaComum: 9 itens
2026-08-06 08:02:47 | INFO    |     - TestRoom: 5 itens
2026-08-06 08:02:47 | INFO    |     - Validacao: 1 itens
2026-08-06 08:02:47 | INFO    |     - Windows_MCP: 7 itens
2026-08-06 08:02:47 | INFO    |     - accounts_contacts: 2 itens
2026-08-06 08:02:47 | INFO    |     - agent_tasks: 25 itens
2026-08-06 08:02:47 | INFO    |     - alerts: 13 itens
2026-08-06 08:02:47 | INFO    |     - android_and_pc_registrations: 21 itens
2026-08-06 08:02:47 | INFO    |     - antigravity: 1 itens
2026-08-06 08:02:47 | INFO    |     - career: 1 itens
2026-08-06 08:02:47 | INFO    |     - delika: 1 itens
2026-08-06 08:02:47 | INFO    |     - design: 1 itens
2026-08-06 08:02:47 | INFO    |     - dev: 1 itens
2026-08-06 08:02:47 | INFO    |     - Drive Principal: 64 itens
2026-08-06 08:02:47 | INFO    |     - Drive Trabalho: 8 itens
2026-08-06 08:02:47 | INFO    |     - drive_docs: 21 itens
2026-08-06 08:02:47 | INFO    |     - drive_shared_files: 10 itens
2026-08-06 08:02:47 | INFO    |     - education: 1 itens
2026-08-06 08:02:47 | INFO    |     - family: 1 itens
2026-08-06 08:02:47 | INFO    |     - github_repos: 2 itens
2026-08-06 08:02:47 | INFO    |     - Gmail Principal: 55 itens
2026-08-06 08:02:47 | INFO    |     - Gmail Trabalho: 32 itens
2026-08-06 08:02:47 | INFO    |     - gmail_linked_accounts: 11 itens
2026-08-06 08:02:47 | INFO    |     - gmail_notifications: 16 itens
2026-08-06 08:02:47 | INFO    |     - google_docs: 36 itens
2026-08-06 08:02:47 | INFO    |     - hardware: 2 itens
2026-08-06 08:02:47 | INFO    |     - jubileu: 4 itens
2026-08-06 08:02:47 | INFO    |     - mary_kay: 1 itens
2026-08-06 08:02:47 | INFO    |     - neon_orbit: 1 itens
2026-08-06 08:02:47 | INFO    |     - onedrive: 1 itens
2026-08-06 08:02:47 | INFO    |     - personal: 2 itens
2026-08-06 08:02:47 | INFO    |     - reddit_godot: 1 itens
2026-08-06 08:02:47 | INFO    |     - router: 1 itens
2026-08-06 08:02:47 | INFO    |     - security: 1 itens
2026-08-06 08:02:47 | INFO    |     - sparkhub: 1 itens
2026-08-06 08:02:47 | INFO    |     - storage_parser: 1 itens
2026-08-06 08:02:47 | INFO    |     - sync_audit: 24 itens
2026-08-06 08:02:47 | INFO    |     - system_status: 13 itens
2026-08-06 08:02:47 | INFO    |     - terabox: 1 itens
2026-08-06 08:02:47 | INFO    |     - tiktok_shop: 1 itens
2026-08-06 08:02:47 | INFO    |     - web_research_insights: 62 itens
2026-08-06 08:02:48 | INFO    | [MemPalace] Gravado: Asa=Email | Sala=gmail:Principal:19fc853e844cd8c4
2026-08-06 08:02:48 | INFO    |     De: Equipe Empiricus <atendimento@mail1.empiricus.com.br> Assunto: Agosto chega com novas recomendações: veja as Carteiras Mensais atualizadas Data: M...

2026-08-06 08:02:49 | INFO    | [MEMPALACE] Resumo completo de agrupamento (Total: 479):
2026-08-06 08:02:49 | INFO    |     - 3d: 1 itens
2026-08-06 08:02:49 | INFO    |     - Diretorios: 4 itens
2026-08-06 08:02:49 | INFO    |     - Edicao: 1 itens
2026-08-06 08:02:49 | INFO    |     - Fisica: 1 itens
2026-08-06 08:02:49 | INFO    |     - MCP: 1 itens
2026-08-06 08:02:49 | INFO    |     - RH: 8 itens
2026-08-06 08:02:49 | INFO    |     - SalaComum: 9 itens
2026-08-06 08:02:49 | INFO    |     - TestRoom: 5 itens
2026-08-06 08:02:49 | INFO    |     - Validacao: 1 itens
2026-08-06 08:02:49 | INFO    |     - Windows_MCP: 7 itens
2026-08-06 08:02:49 | INFO    |     - accounts_contacts: 2 itens
2026-08-06 08:02:49 | INFO    |     - agent_tasks: 25 itens
2026-08-06 08:02:49 | INFO    |     - alerts: 13 itens
2026-08-06 08:02:49 | INFO    |     - android_and_pc_registrations: 21 itens
2026-08-06 08:02:49 | INFO    |     - antigravity: 1 itens
2026-08-06 08:02:49 | INFO    |     - career: 1 itens
2026-08-06 08:02:49 | INFO    |     - delika: 1 itens
2026-08-06 08:02:49 | INFO    |     - design: 1 itens
2026-08-06 08:02:49 | INFO    |     - dev: 1 itens
2026-08-06 08:02:49 | INFO    |     - Drive Principal: 64 itens
2026-08-06 08:02:49 | INFO    |     - Drive Trabalho: 8 itens
2026-08-06 08:02:49 | INFO    |     - drive_docs: 21 itens
2026-08-06 08:02:49 | INFO    |     - drive_shared_files: 10 itens
2026-08-06 08:02:49 | INFO    |     - education: 1 itens
2026-08-06 08:02:49 | INFO    |     - family: 1 itens
2026-08-06 08:02:49 | INFO    |     - github_repos: 2 itens
2026-08-06 08:02:49 | INFO    |     - Gmail Principal: 56 itens
2026-08-06 08:02:49 | INFO    |     - Gmail Trabalho: 32 itens
2026-08-06 08:02:49 | INFO    |     - gmail_linked_accounts: 11 itens
2026-08-06 08:02:49 | INFO    |     - gmail_notifications: 16 itens
2026-08-06 08:02:49 | INFO    |     - google_docs: 36 itens
2026-08-06 08:02:49 | INFO    |     - hardware: 2 itens
2026-08-06 08:02:49 | INFO    |     - jubileu: 4 itens
2026-08-06 08:02:49 | INFO    |     - mary_kay: 1 itens
2026-08-06 08:02:49 | INFO    |     - neon_orbit: 1 itens
2026-08-06 08:02:49 | INFO    |     - onedrive: 1 itens
2026-08-06 08:02:49 | INFO    |     - personal: 2 itens
2026-08-06 08:02:49 | INFO    |     - reddit_godot: 1 itens
2026-08-06 08:02:49 | INFO    |     - router: 1 itens
2026-08-06 08:02:49 | INFO    |     - security: 1 itens
2026-08-06 08:02:49 | INFO    |     - sparkhub: 1 itens
2026-08-06 08:02:49 | INFO    |     - storage_parser: 1 itens
2026-08-06 08:02:49 | INFO    |     - sync_audit: 24 itens
2026-08-06 08:02:49 | INFO    |     - system_status: 13 itens
2026-08-06 08:02:49 | INFO    |     - terabox: 1 itens
2026-08-06 08:02:49 | INFO    |     - tiktok_shop: 1 itens
2026-08-06 08:02:49 | INFO    |     - web_research_insights: 62 itens
2026-08-06 08:02:50 | INFO    | [MemPalace] Gravado: Asa=Email | Sala=gmail:Principal:19fc54601c1e2092
2026-08-06 08:02:50 | INFO    |     De: TikTok <notification@service.tiktok.com> Assunto: Aroobaa 🌸 começou a seguir você Data: Mon, 03 Aug 2026 01:38:45 +0000 Você tem 1 novo seguidor &...

2026-08-06 08:02:51 | INFO    | [ROTEADOR] Tool Call Interceptado: search_gmail {'query': 'esposa'}
2026-08-06 08:02:51 | INFO    | [MEMPALACE] Resumo completo de agrupamento (Total: 480):
2026-08-06 08:02:51 | INFO    |     - 3d: 1 itens
2026-08-06 08:02:51 | INFO    |     - Diretorios: 4 itens
2026-08-06 08:02:51 | INFO    |     - Edicao: 1 itens
2026-08-06 08:02:51 | INFO    |     - Fisica: 1 itens
2026-08-06 08:02:51 | INFO    |     - MCP: 1 itens
2026-08-06 08:02:51 | INFO    |     - RH: 8 itens
2026-08-06 08:02:51 | INFO    |     - SalaComum: 9 itens
2026-08-06 08:02:51 | INFO    |     - TestRoom: 5 itens
2026-08-06 08:02:51 | INFO    |     - Validacao: 1 itens
2026-08-06 08:02:51 | INFO    |     - Windows_MCP: 7 itens
2026-08-06 08:02:51 | INFO    |     - accounts_contacts: 2 itens
2026-08-06 08:02:51 | INFO    |     - agent_tasks: 25 itens
2026-08-06 08:02:51 | INFO    |     - alerts: 13 itens
2026-08-06 08:02:51 | INFO    |     - android_and_pc_registrations: 21 itens
2026-08-06 08:02:51 | INFO    |     - antigravity: 1 itens
2026-08-06 08:02:51 | INFO    |     - career: 1 itens
2026-08-06 08:02:51 | INFO    |     - delika: 1 itens
2026-08-06 08:02:51 | INFO    |     - design: 1 itens
2026-08-06 08:02:51 | INFO    |     - dev: 1 itens
2026-08-06 08:02:51 | INFO    |     - Drive Principal: 64 itens
2026-08-06 08:02:51 | INFO    |     - Drive Trabalho: 8 itens
2026-08-06 08:02:51 | INFO    |     - drive_docs: 21 itens
2026-08-06 08:02:51 | INFO    |     - drive_shared_files: 10 itens
2026-08-06 08:02:51 | INFO    |     - education: 1 itens
2026-08-06 08:02:51 | INFO    |     - family: 1 itens
2026-08-06 08:02:51 | INFO    |     - github_repos: 2 itens
2026-08-06 08:02:51 | INFO    |     - Gmail Principal: 57 itens
2026-08-06 08:02:51 | INFO    |     - Gmail Trabalho: 32 itens
2026-08-06 08:02:51 | INFO    |     - gmail_linked_accounts: 11 itens
2026-08-06 08:02:51 | INFO    |     - gmail_notifications: 16 itens
2026-08-06 08:02:51 | INFO    |     - google_docs: 36 itens
2026-08-06 08:02:51 | INFO    |     - hardware: 2 itens
2026-08-06 08:02:51 | INFO    |     - jubileu: 4 itens
2026-08-06 08:02:51 | INFO    |     - mary_kay: 1 itens
2026-08-06 08:02:51 | INFO    |     - neon_orbit: 1 itens
2026-08-06 08:02:51 | INFO    |     - onedrive: 1 itens
2026-08-06 08:02:51 | INFO    |     - personal: 2 itens
2026-08-06 08:02:51 | INFO    |     - reddit_godot: 1 itens
2026-08-06 08:02:51 | INFO    |     - router: 1 itens
2026-08-06 08:02:51 | INFO    |     - security: 1 itens
2026-08-06 08:02:51 | INFO    |     - sparkhub: 1 itens
2026-08-06 08:02:51 | INFO    |     - storage_parser: 1 itens
2026-08-06 08:02:51 | INFO    |     - sync_audit: 24 itens
2026-08-06 08:02:51 | INFO    |     - system_status: 13 itens
2026-08-06 08:02:51 | INFO    |     - terabox: 1 itens
2026-08-06 08:02:51 | INFO    |     - tiktok_shop: 1 itens
2026-08-06 08:02:51 | INFO    |     - web_research_insights: 62 itens
2026-08-06 08:02:51 | INFO    | [MemPalace] Gravado: Asa=Email | Sala=gmail:Principal:19fc500808012c5a
2026-08-06 08:02:51 | INFO    |     De: Temu <email@market.temuemail.com> Assunto: Você não reivindicou o mimo! Data: Mon, 03 Aug 2026 00:22:51 +0000 ------------------------------------...

2026-08-06 08:02:53 | INFO    | [MemPalace] Gravado: Asa=Email | Sala=gmail:Principal:19fc4c9f3d999955
2026-08-06 08:02:53 | INFO    |     De: Temu <temu@shop.temuofficial.com> Assunto: 🛒 Sapatos de Trabalho M... Data: Sun, 02 Aug 2026 23:23:16 +0000 (UTC) --------------------------------...

2026-08-06 08:02:53 | INFO    | [MEMPALACE] Resumo completo de agrupamento (Total: 482):
2026-08-06 08:02:53 | INFO    |     - 3d: 1 itens
2026-08-06 08:02:53 | INFO    |     - Diretorios: 4 itens
2026-08-06 08:02:53 | INFO    |     - Edicao: 1 itens
2026-08-06 08:02:53 | INFO    |     - Fisica: 1 itens
2026-08-06 08:02:53 | INFO    |     - MCP: 1 itens
2026-08-06 08:02:53 | INFO    |     - RH: 8 itens
2026-08-06 08:02:53 | INFO    |     - SalaComum: 9 itens
2026-08-06 08:02:53 | INFO    |     - TestRoom: 5 itens
2026-08-06 08:02:53 | INFO    |     - Validacao: 1 itens
2026-08-06 08:02:53 | INFO    |     - Windows_MCP: 7 itens
2026-08-06 08:02:53 | INFO    |     - accounts_contacts: 2 itens
2026-08-06 08:02:53 | INFO    |     - agent_tasks: 25 itens
2026-08-06 08:02:53 | INFO    |     - alerts: 13 itens
2026-08-06 08:02:53 | INFO    |     - android_and_pc_registrations: 21 itens
2026-08-06 08:02:53 | INFO    |     - antigravity: 1 itens
2026-08-06 08:02:53 | INFO    |     - career: 1 itens
2026-08-06 08:02:53 | INFO    |     - delika: 1 itens
2026-08-06 08:02:53 | INFO    |     - design: 1 itens
2026-08-06 08:02:53 | INFO    |     - dev: 1 itens
2026-08-06 08:02:53 | INFO    |     - Drive Principal: 64 itens
2026-08-06 08:02:53 | INFO    |     - Drive Trabalho: 8 itens
2026-08-06 08:02:53 | INFO    |     - drive_docs: 21 itens
2026-08-06 08:02:53 | INFO    |     - drive_shared_files: 10 itens
2026-08-06 08:02:53 | INFO    |     - education: 1 itens
2026-08-06 08:02:53 | INFO    |     - family: 1 itens
2026-08-06 08:02:53 | INFO    |     - github_repos: 2 itens
2026-08-06 08:02:53 | INFO    |     - Gmail Principal: 59 itens
2026-08-06 08:02:53 | INFO    |     - Gmail Trabalho: 32 itens
2026-08-06 08:02:53 | INFO    |     - gmail_linked_accounts: 11 itens
2026-08-06 08:02:53 | INFO    |     - gmail_notifications: 16 itens
2026-08-06 08:02:53 | INFO    |     - google_docs: 36 itens
2026-08-06 08:02:53 | INFO    |     - hardware: 2 itens
2026-08-06 08:02:53 | INFO    |     - jubileu: 4 itens
2026-08-06 08:02:53 | INFO    |     - mary_kay: 1 itens
2026-08-06 08:02:53 | INFO    |     - neon_orbit: 1 itens
2026-08-06 08:02:53 | INFO    |     - onedrive: 1 itens
2026-08-06 08:02:53 | INFO    |     - personal: 2 itens
2026-08-06 08:02:53 | INFO    |     - reddit_godot: 1 itens
2026-08-06 08:02:53 | INFO    |     - router: 1 itens
2026-08-06 08:02:53 | INFO    |     - security: 1 itens
2026-08-06 08:02:53 | INFO    |     - sparkhub: 1 itens
2026-08-06 08:02:53 | INFO    |     - storage_parser: 1 itens
2026-08-06 08:02:53 | INFO    |     - sync_audit: 24 itens
2026-08-06 08:02:53 | INFO    |     - system_status: 13 itens
2026-08-06 08:02:53 | INFO    |     - terabox: 1 itens
2026-08-06 08:02:53 | INFO    |     - tiktok_shop: 1 itens
2026-08-06 08:02:53 | INFO    |     - web_research_insights: 62 itens
2026-08-06 08:02:54 | INFO    | [MemPalace] Gravado: Asa=Email | Sala=gmail:Principal:19fc46404c60a841
2026-08-06 08:02:54 | INFO    |     De: Lord Baelish no TikTok <notification@service.tiktok.com> Assunto: Lord Baelish viu seu perfil Data: Sun, 02 Aug 2026 21:31:56 +0000 Korwoo, seu pe...

2026-08-06 08:02:55 | INFO    | [MEMPALACE] Resumo completo de agrupamento (Total: 483):
2026-08-06 08:02:55 | INFO    |     - 3d: 1 itens
2026-08-06 08:02:55 | INFO    |     - Diretorios: 4 itens
2026-08-06 08:02:55 | INFO    |     - Edicao: 1 itens
2026-08-06 08:02:55 | INFO    |     - Fisica: 1 itens
2026-08-06 08:02:55 | INFO    |     - MCP: 1 itens
2026-08-06 08:02:55 | INFO    |     - RH: 8 itens
2026-08-06 08:02:55 | INFO    |     - SalaComum: 9 itens
2026-08-06 08:02:55 | INFO    |     - TestRoom: 5 itens
2026-08-06 08:02:55 | INFO    |     - Validacao: 1 itens
2026-08-06 08:02:55 | INFO    |     - Windows_MCP: 7 itens
2026-08-06 08:02:55 | INFO    |     - accounts_contacts: 2 itens
2026-08-06 08:02:55 | INFO    |     - agent_tasks: 25 itens
2026-08-06 08:02:55 | INFO    |     - alerts: 13 itens
2026-08-06 08:02:55 | INFO    |     - android_and_pc_registrations: 21 itens
2026-08-06 08:02:55 | INFO    |     - antigravity: 1 itens
2026-08-06 08:02:55 | INFO    |     - career: 1 itens
2026-08-06 08:02:55 | INFO    |     - delika: 1 itens
2026-08-06 08:02:55 | INFO    |     - design: 1 itens
2026-08-06 08:02:55 | INFO    |     - dev: 1 itens
2026-08-06 08:02:55 | INFO    |     - Drive Principal: 64 itens
2026-08-06 08:02:55 | INFO    |     - Drive Trabalho: 8 itens
2026-08-06 08:02:55 | INFO    |     - drive_docs: 21 itens
2026-08-06 08:02:55 | INFO    |     - drive_shared_files: 10 itens
2026-08-06 08:02:55 | INFO    |     - education: 1 itens
2026-08-06 08:02:55 | INFO    |     - family: 1 itens
2026-08-06 08:02:55 | INFO    |     - github_repos: 2 itens
2026-08-06 08:02:55 | INFO    |     - Gmail Principal: 60 itens
2026-08-06 08:02:55 | INFO    |     - Gmail Trabalho: 32 itens
2026-08-06 08:02:55 | INFO    |     - gmail_linked_accounts: 11 itens
2026-08-06 08:02:55 | INFO    |     - gmail_notifications: 16 itens
2026-08-06 08:02:55 | INFO    |     - google_docs: 36 itens
2026-08-06 08:02:55 | INFO    |     - hardware: 2 itens
2026-08-06 08:02:55 | INFO    |     - jubileu: 4 itens
2026-08-06 08:02:55 | INFO    |     - mary_kay: 1 itens
2026-08-06 08:02:55 | INFO    |     - neon_orbit: 1 itens
2026-08-06 08:02:55 | INFO    |     - onedrive: 1 itens
2026-08-06 08:02:55 | INFO    |     - personal: 2 itens
2026-08-06 08:02:55 | INFO    |     - reddit_godot: 1 itens
2026-08-06 08:02:55 | INFO    |     - router: 1 itens
2026-08-06 08:02:55 | INFO    |     - security: 1 itens
2026-08-06 08:02:55 | INFO    |     - sparkhub: 1 itens
2026-08-06 08:02:55 | INFO    |     - storage_parser: 1 itens
2026-08-06 08:02:55 | INFO    |     - sync_audit: 24 itens
2026-08-06 08:02:55 | INFO    |     - system_status: 13 itens
2026-08-06 08:02:55 | INFO    |     - terabox: 1 itens
2026-08-06 08:02:55 | INFO    |     - tiktok_shop: 1 itens
2026-08-06 08:02:55 | INFO    |     - web_research_insights: 62 itens
2026-08-06 08:02:56 | INFO    | [MemPalace] Gravado: Asa=Email | Sala=gmail:Principal:19fbfda581661905
2026-08-06 08:02:56 | INFO    |     De: Temu <email@market.temuemail.com> Assunto: R$600 em créditos! Data: Sun, 02 Aug 2026 00:23:05 +0000 ----------------------------------------------...

2026-08-06 08:02:57 | INFO    | [MEMPALACE] Resumo completo de agrupamento (Total: 484):
2026-08-06 08:02:57 | INFO    |     - 3d: 1 itens
2026-08-06 08:02:57 | INFO    |     - Diretorios: 4 itens
2026-08-06 08:02:57 | INFO    |     - Edicao: 1 itens
2026-08-06 08:02:57 | INFO    |     - Fisica: 1 itens
2026-08-06 08:02:57 | INFO    |     - MCP: 1 itens
2026-08-06 08:02:57 | INFO    |     - RH: 8 itens
2026-08-06 08:02:57 | INFO    |     - SalaComum: 9 itens
2026-08-06 08:02:57 | INFO    |     - TestRoom: 5 itens
2026-08-06 08:02:57 | INFO    |     - Validacao: 1 itens
2026-08-06 08:02:57 | INFO    |     - Windows_MCP: 7 itens
2026-08-06 08:02:57 | INFO    |     - accounts_contacts: 2 itens
2026-08-06 08:02:57 | INFO    |     - agent_tasks: 25 itens
2026-08-06 08:02:57 | INFO    |     - alerts: 13 itens
2026-08-06 08:02:57 | INFO    |     - android_and_pc_registrations: 21 itens
2026-08-06 08:02:57 | INFO    |     - antigravity: 1 itens
2026-08-06 08:02:57 | INFO    |     - career: 1 itens
2026-08-06 08:02:57 | INFO    |     - delika: 1 itens
2026-08-06 08:02:57 | INFO    |     - design: 1 itens
2026-08-06 08:02:57 | INFO    |     - dev: 1 itens
2026-08-06 08:02:57 | INFO    |     - Drive Principal: 64 itens
2026-08-06 08:02:57 | INFO    |     - Drive Trabalho: 8 itens
2026-08-06 08:02:57 | INFO    |     - drive_docs: 21 itens
2026-08-06 08:02:57 | INFO    |     - drive_shared_files: 10 itens
2026-08-06 08:02:57 | INFO    |     - education: 1 itens
2026-08-06 08:02:57 | INFO    |     - family: 1 itens
2026-08-06 08:02:57 | INFO    |     - github_repos: 2 itens
2026-08-06 08:02:57 | INFO    |     - Gmail Principal: 61 itens
2026-08-06 08:02:57 | INFO    |     - Gmail Trabalho: 32 itens
2026-08-06 08:02:57 | INFO    |     - gmail_linked_accounts: 11 itens
2026-08-06 08:02:57 | INFO    |     - gmail_notifications: 16 itens
2026-08-06 08:02:57 | INFO    |     - google_docs: 36 itens
2026-08-06 08:02:57 | INFO    |     - hardware: 2 itens
2026-08-06 08:02:57 | INFO    |     - jubileu: 4 itens
2026-08-06 08:02:57 | INFO    |     - mary_kay: 1 itens
2026-08-06 08:02:57 | INFO    |     - neon_orbit: 1 itens
2026-08-06 08:02:57 | INFO    |     - onedrive: 1 itens
2026-08-06 08:02:57 | INFO    |     - personal: 2 itens
2026-08-06 08:02:57 | INFO    |     - reddit_godot: 1 itens
2026-08-06 08:02:57 | INFO    |     - router: 1 itens
2026-08-06 08:02:57 | INFO    |     - security: 1 itens
2026-08-06 08:02:57 | INFO    |     - sparkhub: 1 itens
2026-08-06 08:02:57 | INFO    |     - storage_parser: 1 itens
2026-08-06 08:02:57 | INFO    |     - sync_audit: 24 itens
2026-08-06 08:02:57 | INFO    |     - system_status: 13 itens
2026-08-06 08:02:57 | INFO    |     - terabox: 1 itens
2026-08-06 08:02:57 | INFO    |     - tiktok_shop: 1 itens
2026-08-06 08:02:57 | INFO    |     - web_research_insights: 62 itens
2026-08-06 08:02:58 | INFO    | [MemPalace] Gravado: Asa=Email | Sala=gmail:Principal:19fbfa391f34c5cb
2026-08-06 08:02:58 | INFO    |     De: Temu <email@market.temuemail.com> Assunto: Decidimos recompensar-te! 👑 Data: Sat, 01 Aug 2026 23:23:13 +0000 (UTC) -------------------------------...

2026-08-06 08:02:59 | INFO    | [MemPalace] Gravado: Asa=Email | Sala=gmail:Principal:19fbf5b0c0c660e4
2026-08-06 08:02:59 | INFO    |     De: roseanelima5870 no TikTok <notification@service.tiktok.com> Assunto: roseanelima5870 enviou uma mensagem para você Data: Sat, 01 Aug 2026 22:04:02...

2026-08-06 08:02:59 | INFO    | [MEMPALACE] Resumo completo de agrupamento (Total: 486):
2026-08-06 08:02:59 | INFO    |     - 3d: 1 itens
2026-08-06 08:02:59 | INFO    |     - Diretorios: 4 itens
2026-08-06 08:02:59 | INFO    |     - Edicao: 1 itens
2026-08-06 08:02:59 | INFO    |     - Fisica: 1 itens
2026-08-06 08:02:59 | INFO    |     - MCP: 1 itens
2026-08-06 08:02:59 | INFO    |     - RH: 8 itens
2026-08-06 08:02:59 | INFO    |     - SalaComum: 9 itens
2026-08-06 08:02:59 | INFO    |     - TestRoom: 5 itens
2026-08-06 08:02:59 | INFO    |     - Validacao: 1 itens
2026-08-06 08:02:59 | INFO    |     - Windows_MCP: 7 itens
2026-08-06 08:02:59 | INFO    |     - accounts_contacts: 2 itens
2026-08-06 08:02:59 | INFO    |     - agent_tasks: 25 itens
2026-08-06 08:02:59 | INFO    |     - alerts: 13 itens
2026-08-06 08:02:59 | INFO    |     - android_and_pc_registrations: 21 itens
2026-08-06 08:02:59 | INFO    |     - antigravity: 1 itens
2026-08-06 08:02:59 | INFO    |     - career: 1 itens
2026-08-06 08:02:59 | INFO    |     - delika: 1 itens
2026-08-06 08:02:59 | INFO    |     - design: 1 itens
2026-08-06 08:02:59 | INFO    |     - dev: 1 itens
2026-08-06 08:02:59 | INFO    |     - Drive Principal: 64 itens
2026-08-06 08:02:59 | INFO    |     - Drive Trabalho: 8 itens
2026-08-06 08:02:59 | INFO    |     - drive_docs: 21 itens
2026-08-06 08:02:59 | INFO    |     - drive_shared_files: 10 itens
2026-08-06 08:02:59 | INFO    |     - education: 1 itens
2026-08-06 08:02:59 | INFO    |     - family: 1 itens
2026-08-06 08:02:59 | INFO    |     - github_repos: 2 itens
2026-08-06 08:02:59 | INFO    |     - Gmail Principal: 63 itens
2026-08-06 08:02:59 | INFO    |     - Gmail Trabalho: 32 itens
2026-08-06 08:02:59 | INFO    |     - gmail_linked_accounts: 11 itens
2026-08-06 08:02:59 | INFO    |     - gmail_notifications: 16 itens
2026-08-06 08:02:59 | INFO    |     - google_docs: 36 itens
2026-08-06 08:02:59 | INFO    |     - hardware: 2 itens
2026-08-06 08:02:59 | INFO    |     - jubileu: 4 itens
2026-08-06 08:02:59 | INFO    |     - mary_kay: 1 itens
2026-08-06 08:02:59 | INFO    |     - neon_orbit: 1 itens
2026-08-06 08:02:59 | INFO    |     - onedrive: 1 itens
2026-08-06 08:02:59 | INFO    |     - personal: 2 itens
2026-08-06 08:02:59 | INFO    |     - reddit_godot: 1 itens
2026-08-06 08:02:59 | INFO    |     - router: 1 itens
2026-08-06 08:02:59 | INFO    |     - security: 1 itens
2026-08-06 08:02:59 | INFO    |     - sparkhub: 1 itens
2026-08-06 08:02:59 | INFO    |     - storage_parser: 1 itens
2026-08-06 08:02:59 | INFO    |     - sync_audit: 24 itens
2026-08-06 08:02:59 | INFO    |     - system_status: 13 itens
2026-08-06 08:02:59 | INFO    |     - terabox: 1 itens
2026-08-06 08:02:59 | INFO    |     - tiktok_shop: 1 itens
2026-08-06 08:02:59 | INFO    |     - web_research_insights: 62 itens
2026-08-06 08:03:01 | INFO    | [MemPalace] Gravado: Asa=Email | Sala=gmail:Principal:19fbeb782d4c4caf
2026-08-06 08:03:01 | INFO    |     De: roseanelima5870 no TikTok <notification@service.tiktok.com> Assunto: roseanelima5870 enviou uma mensagem para você Data: Sat, 01 Aug 2026 19:05:24...

2026-08-06 08:03:01 | INFO    | [MEMPALACE] Resumo completo de agrupamento (Total: 487):
2026-08-06 08:03:01 | INFO    |     - 3d: 1 itens
2026-08-06 08:03:01 | INFO    |     - Diretorios: 4 itens
2026-08-06 08:03:01 | INFO    |     - Edicao: 1 itens
2026-08-06 08:03:01 | INFO    |     - Fisica: 1 itens
2026-08-06 08:03:01 | INFO    |     - MCP: 1 itens
2026-08-06 08:03:01 | INFO    |     - RH: 8 itens
2026-08-06 08:03:01 | INFO    |     - SalaComum: 9 itens
2026-08-06 08:03:01 | INFO    |     - TestRoom: 5 itens
2026-08-06 08:03:01 | INFO    |     - Validacao: 1 itens
2026-08-06 08:03:01 | INFO    |     - Windows_MCP: 7 itens
2026-08-06 08:03:01 | INFO    |     - accounts_contacts: 2 itens
2026-08-06 08:03:01 | INFO    |     - agent_tasks: 25 itens
2026-08-06 08:03:01 | INFO    |     - alerts: 13 itens
2026-08-06 08:03:01 | INFO    |     - android_and_pc_registrations: 21 itens
2026-08-06 08:03:01 | INFO    |     - antigravity: 1 itens
2026-08-06 08:03:01 | INFO    |     - career: 1 itens
2026-08-06 08:03:01 | INFO    |     - delika: 1 itens
2026-08-06 08:03:01 | INFO    |     - design: 1 itens
2026-08-06 08:03:01 | INFO    |     - dev: 1 itens
2026-08-06 08:03:01 | INFO    |     - Drive Principal: 64 itens
2026-08-06 08:03:01 | INFO    |     - Drive Trabalho: 8 itens
2026-08-06 08:03:01 | INFO    |     - drive_docs: 21 itens
2026-08-06 08:03:01 | INFO    |     - drive_shared_files: 10 itens
2026-08-06 08:03:01 | INFO    |     - education: 1 itens
2026-08-06 08:03:01 | INFO    |     - family: 1 itens
2026-08-06 08:03:01 | INFO    |     - github_repos: 2 itens
2026-08-06 08:03:01 | INFO    |     - Gmail Principal: 64 itens
2026-08-06 08:03:01 | INFO    |     - Gmail Trabalho: 32 itens
2026-08-06 08:03:01 | INFO    |     - gmail_linked_accounts: 11 itens
2026-08-06 08:03:01 | INFO    |     - gmail_notifications: 16 itens
2026-08-06 08:03:01 | INFO    |     - google_docs: 36 itens
2026-08-06 08:03:01 | INFO    |     - hardware: 2 itens
2026-08-06 08:03:01 | INFO    |     - jubileu: 4 itens
2026-08-06 08:03:01 | INFO    |     - mary_kay: 1 itens
2026-08-06 08:03:01 | INFO    |     - neon_orbit: 1 itens
2026-08-06 08:03:01 | INFO    |     - onedrive: 1 itens
2026-08-06 08:03:01 | INFO    |     - personal: 2 itens
2026-08-06 08:03:01 | INFO    |     - reddit_godot: 1 itens
2026-08-06 08:03:01 | INFO    |     - router: 1 itens
2026-08-06 08:03:01 | INFO    |     - security: 1 itens
2026-08-06 08:03:01 | INFO    |     - sparkhub: 1 itens
2026-08-06 08:03:01 | INFO    |     - storage_parser: 1 itens
2026-08-06 08:03:01 | INFO    |     - sync_audit: 24 itens
2026-08-06 08:03:01 | INFO    |     - system_status: 13 itens
2026-08-06 08:03:01 | INFO    |     - terabox: 1 itens
2026-08-06 08:03:01 | INFO    |     - tiktok_shop: 1 itens
2026-08-06 08:03:01 | INFO    |     - web_research_insights: 62 itens
2026-08-06 08:03:02 | INFO    | [MemPalace] Gravado: Asa=Email | Sala=gmail:Principal:19fbab3ddacc851a
2026-08-06 08:03:02 | INFO    |     De: Temu <email@market.temuemail.com> Assunto: Você não reivindicou o mimo! Data: Sat, 01 Aug 2026 00:22:57 +0000 ------------------------------------...

2026-08-06 08:03:03 | INFO    | [MEMPALACE] Resumo completo de agrupamento (Total: 488):
2026-08-06 08:03:03 | INFO    |     - 3d: 1 itens
2026-08-06 08:03:03 | INFO    |     - Diretorios: 4 itens
2026-08-06 08:03:03 | INFO    |     - Edicao: 1 itens
2026-08-06 08:03:03 | INFO    |     - Fisica: 1 itens
2026-08-06 08:03:03 | INFO    |     - MCP: 1 itens
2026-08-06 08:03:03 | INFO    |     - RH: 8 itens
2026-08-06 08:03:03 | INFO    |     - SalaComum: 9 itens
2026-08-06 08:03:03 | INFO    |     - TestRoom: 5 itens
2026-08-06 08:03:03 | INFO    |     - Validacao: 1 itens
2026-08-06 08:03:03 | INFO    |     - Windows_MCP: 7 itens
2026-08-06 08:03:03 | INFO    |     - accounts_contacts: 2 itens
2026-08-06 08:03:03 | INFO    |     - agent_tasks: 25 itens
2026-08-06 08:03:03 | INFO    |     - alerts: 13 itens
2026-08-06 08:03:03 | INFO    |     - android_and_pc_registrations: 21 itens
2026-08-06 08:03:03 | INFO    |     - antigravity: 1 itens
2026-08-06 08:03:03 | INFO    |     - career: 1 itens
2026-08-06 08:03:03 | INFO    |     - delika: 1 itens
2026-08-06 08:03:03 | INFO    |     - design: 1 itens
2026-08-06 08:03:03 | INFO    |     - dev: 1 itens
2026-08-06 08:03:03 | INFO    |     - Drive Principal: 64 itens
2026-08-06 08:03:03 | INFO    |     - Drive Trabalho: 8 itens
2026-08-06 08:03:03 | INFO    |     - drive_docs: 21 itens
2026-08-06 08:03:03 | INFO    |     - drive_shared_files: 10 itens
2026-08-06 08:03:03 | INFO    |     - education: 1 itens
2026-08-06 08:03:03 | INFO    |     - family: 1 itens
2026-08-06 08:03:03 | INFO    |     - github_repos: 2 itens
2026-08-06 08:03:03 | INFO    |     - Gmail Principal: 65 itens
2026-08-06 08:03:03 | INFO    |     - Gmail Trabalho: 32 itens
2026-08-06 08:03:03 | INFO    |     - gmail_linked_accounts: 11 itens
2026-08-06 08:03:03 | INFO    |     - gmail_notifications: 16 itens
2026-08-06 08:03:03 | INFO    |     - google_docs: 36 itens
2026-08-06 08:03:03 | INFO    |     - hardware: 2 itens
2026-08-06 08:03:03 | INFO    |     - jubileu: 4 itens
2026-08-06 08:03:03 | INFO    |     - mary_kay: 1 itens
2026-08-06 08:03:03 | INFO    |     - neon_orbit: 1 itens
2026-08-06 08:03:03 | INFO    |     - onedrive: 1 itens
2026-08-06 08:03:03 | INFO    |     - personal: 2 itens
2026-08-06 08:03:03 | INFO    |     - reddit_godot: 1 itens
2026-08-06 08:03:03 | INFO    |     - router: 1 itens
2026-08-06 08:03:03 | INFO    |     - security: 1 itens
2026-08-06 08:03:03 | INFO    |     - sparkhub: 1 itens
2026-08-06 08:03:03 | INFO    |     - storage_parser: 1 itens
2026-08-06 08:03:03 | INFO    |     - sync_audit: 24 itens
2026-08-06 08:03:03 | INFO    |     - system_status: 13 itens
2026-08-06 08:03:03 | INFO    |     - terabox: 1 itens
2026-08-06 08:03:03 | INFO    |     - tiktok_shop: 1 itens
2026-08-06 08:03:03 | INFO    |     - web_research_insights: 62 itens
2026-08-06 08:03:03 | INFO    | 
=== Drive [Principal] ===
2026-08-06 08:03:04 | INFO    | [MemPalace] Gravado: Asa=Email | Sala=gmail:Principal:19fba7d0a33dfac0
2026-08-06 08:03:04 | INFO    |     De: Temu <email@market.temuemail.com> Assunto: R$600 em créditos! Data: Fri, 31 Jul 2026 23:23:03 +0000 (UTC) ----------------------------------------...

2026-08-06 08:03:05 | INFO    | [MEMPALACE] Resumo completo de agrupamento (Total: 489):
2026-08-06 08:03:05 | INFO    |     - 3d: 1 itens
2026-08-06 08:03:05 | INFO    |     - Diretorios: 4 itens
2026-08-06 08:03:05 | INFO    |     - Edicao: 1 itens
2026-08-06 08:03:05 | INFO    |     - Fisica: 1 itens
2026-08-06 08:03:05 | INFO    |     - MCP: 1 itens
2026-08-06 08:03:05 | INFO    |     - RH: 8 itens
2026-08-06 08:03:05 | INFO    |     - SalaComum: 9 itens
2026-08-06 08:03:05 | INFO    |     - TestRoom: 5 itens
2026-08-06 08:03:05 | INFO    |     - Validacao: 1 itens
2026-08-06 08:03:05 | INFO    |     - Windows_MCP: 7 itens
2026-08-06 08:03:05 | INFO    |     - accounts_contacts: 2 itens
2026-08-06 08:03:05 | INFO    |     - agent_tasks: 25 itens
2026-08-06 08:03:05 | INFO    |     - alerts: 13 itens
2026-08-06 08:03:05 | INFO    |     - android_and_pc_registrations: 21 itens
2026-08-06 08:03:05 | INFO    |     - antigravity: 1 itens
2026-08-06 08:03:05 | INFO    |     - career: 1 itens
2026-08-06 08:03:05 | INFO    |     - delika: 1 itens
2026-08-06 08:03:05 | INFO    |     - design: 1 itens
2026-08-06 08:03:05 | INFO    |     - dev: 1 itens
2026-08-06 08:03:05 | INFO    |     - Drive Principal: 64 itens
2026-08-06 08:03:05 | INFO    |     - Drive Trabalho: 8 itens
2026-08-06 08:03:05 | INFO    |     - drive_docs: 21 itens
2026-08-06 08:03:05 | INFO    |     - drive_shared_files: 10 itens
2026-08-06 08:03:05 | INFO    |     - education: 1 itens
2026-08-06 08:03:05 | INFO    |     - family: 1 itens
2026-08-06 08:03:05 | INFO    |     - github_repos: 2 itens
2026-08-06 08:03:05 | INFO    |     - Gmail Principal: 66 itens
2026-08-06 08:03:05 | INFO    |     - Gmail Trabalho: 32 itens
2026-08-06 08:03:05 | INFO    |     - gmail_linked_accounts: 11 itens
2026-08-06 08:03:05 | INFO    |     - gmail_notifications: 16 itens
2026-08-06 08:03:05 | INFO    |     - google_docs: 36 itens
2026-08-06 08:03:05 | INFO    |     - hardware: 2 itens
2026-08-06 08:03:05 | INFO    |     - jubileu: 4 itens
2026-08-06 08:03:05 | INFO    |     - mary_kay: 1 itens
2026-08-06 08:03:05 | INFO    |     - neon_orbit: 1 itens
2026-08-06 08:03:05 | INFO    |     - onedrive: 1 itens
2026-08-06 08:03:05 | INFO    |     - personal: 2 itens
2026-08-06 08:03:05 | INFO    |     - reddit_godot: 1 itens
2026-08-06 08:03:05 | INFO    |     - router: 1 itens
2026-08-06 08:03:05 | INFO    |     - security: 1 itens
2026-08-06 08:03:05 | INFO    |     - sparkhub: 1 itens
2026-08-06 08:03:05 | INFO    |     - storage_parser: 1 itens
2026-08-06 08:03:05 | INFO    |     - sync_audit: 24 itens
2026-08-06 08:03:05 | INFO    |     - system_status: 13 itens
2026-08-06 08:03:05 | INFO    |     - terabox: 1 itens
2026-08-06 08:03:05 | INFO    |     - tiktok_shop: 1 itens
2026-08-06 08:03:05 | INFO    |     - web_research_insights: 62 itens
2026-08-06 08:03:05 | INFO    | [MemPalace] Gravado: Asa=Email | Sala=gmail:Principal:19fb9a2517912e98
2026-08-06 08:03:05 | INFO    |     De: "Thiago Salomão" <atendimento@mail1.empiricus.com.br> Assunto: Último dia para entrar no M3 Club Data: Fri, 31 Jul 2026 12:26:44 -0600 https://cli...

2026-08-06 08:03:07 | INFO    | [MemPalace] Gravado: Asa=Email | Sala=gmail:Principal:19fb95a8d33e331d
2026-08-06 08:03:07 | INFO    |     De: ngrok team <team@m.ngrok.com> Assunto: Welcome to ngrok! Data: Fri, 31 Jul 2026 11:05:46 -0700 Hey alxcurvelo@gmail.com, and welcome to ngrok. Ove...

2026-08-06 08:03:07 | INFO    | [MEMPALACE] Resumo completo de agrupamento (Total: 491):
2026-08-06 08:03:07 | INFO    |     - 3d: 1 itens
2026-08-06 08:03:07 | INFO    |     - Diretorios: 4 itens
2026-08-06 08:03:07 | INFO    |     - Edicao: 1 itens
2026-08-06 08:03:07 | INFO    |     - Fisica: 1 itens
2026-08-06 08:03:07 | INFO    |     - MCP: 1 itens
2026-08-06 08:03:07 | INFO    |     - RH: 8 itens
2026-08-06 08:03:07 | INFO    |     - SalaComum: 9 itens
2026-08-06 08:03:07 | INFO    |     - TestRoom: 5 itens
2026-08-06 08:03:07 | INFO    |     - Validacao: 1 itens
2026-08-06 08:03:07 | INFO    |     - Windows_MCP: 7 itens
2026-08-06 08:03:07 | INFO    |     - accounts_contacts: 2 itens
2026-08-06 08:03:07 | INFO    |     - agent_tasks: 25 itens
2026-08-06 08:03:07 | INFO    |     - alerts: 13 itens
2026-08-06 08:03:07 | INFO    |     - android_and_pc_registrations: 21 itens
2026-08-06 08:03:07 | INFO    |     - antigravity: 1 itens
2026-08-06 08:03:07 | INFO    |     - career: 1 itens
2026-08-06 08:03:07 | INFO    |     - delika: 1 itens
2026-08-06 08:03:07 | INFO    |     - design: 1 itens
2026-08-06 08:03:07 | INFO    |     - dev: 1 itens
2026-08-06 08:03:07 | INFO    |     - Drive Principal: 64 itens
2026-08-06 08:03:07 | INFO    |     - Drive Trabalho: 8 itens
2026-08-06 08:03:07 | INFO    |     - drive_docs: 21 itens
2026-08-06 08:03:07 | INFO    |     - drive_shared_files: 10 itens
2026-08-06 08:03:07 | INFO    |     - education: 1 itens
2026-08-06 08:03:07 | INFO    |     - family: 1 itens
2026-08-06 08:03:07 | INFO    |     - github_repos: 2 itens
2026-08-06 08:03:07 | INFO    |     - Gmail Principal: 68 itens
2026-08-06 08:03:07 | INFO    |     - Gmail Trabalho: 32 itens
2026-08-06 08:03:07 | INFO    |     - gmail_linked_accounts: 11 itens
2026-08-06 08:03:07 | INFO    |     - gmail_notifications: 16 itens
2026-08-06 08:03:07 | INFO    |     - google_docs: 36 itens
2026-08-06 08:03:07 | INFO    |     - hardware: 2 itens
2026-08-06 08:03:07 | INFO    |     - jubileu: 4 itens
2026-08-06 08:03:07 | INFO    |     - mary_kay: 1 itens
2026-08-06 08:03:07 | INFO    |     - neon_orbit: 1 itens
2026-08-06 08:03:07 | INFO    |     - onedrive: 1 itens
2026-08-06 08:03:07 | INFO    |     - personal: 2 itens
2026-08-06 08:03:07 | INFO    |     - reddit_godot: 1 itens
2026-08-06 08:03:07 | INFO    |     - router: 1 itens
2026-08-06 08:03:07 | INFO    |     - security: 1 itens
2026-08-06 08:03:07 | INFO    |     - sparkhub: 1 itens
2026-08-06 08:03:07 | INFO    |     - storage_parser: 1 itens
2026-08-06 08:03:07 | INFO    |     - sync_audit: 24 itens
2026-08-06 08:03:07 | INFO    |     - system_status: 13 itens
2026-08-06 08:03:07 | INFO    |     - terabox: 1 itens
2026-08-06 08:03:07 | INFO    |     - tiktok_shop: 1 itens
2026-08-06 08:03:07 | INFO    |     - web_research_insights: 62 itens
2026-08-06 08:03:07 | INFO    | [ROTEADOR] Tool Call Interceptado: search_gmail {'query': 'amor'}
2026-08-06 08:03:07 | INFO    | [MemPalace] Gravado: Asa=Documento | Sala=drive:Principal:1uspx3CGCwgT84vZ_hMJmgmdY3xQEQZj4UIsvW55VEXA
2026-08-06 08:03:07 | INFO    |     Documento: Guia Completo de Serviços - Google Meu Negócio

﻿Guia Completo e Consolidado da Esteira de Serviços do Perfil da Empresa no Google 1. Apres...

2026-08-06 08:03:08 | INFO    | [MemPalace] Gravado: Asa=Email | Sala=gmail:Principal:19fb8953ae63c320
2026-08-06 08:03:08 | INFO    |     De: recuperacoes@santander.com.br Assunto: Organizar sua d�vida pode mudar seu segundo semestre. Data: Fri, 31 Jul 2026 11:28:57 -0300 (BRT) Organizar...

2026-08-06 08:03:09 | INFO    | [MEMPALACE] Resumo completo de agrupamento (Total: 494):
2026-08-06 08:03:09 | INFO    |     - 3d: 1 itens
2026-08-06 08:03:09 | INFO    |     - Diretorios: 4 itens
2026-08-06 08:03:09 | INFO    |     - Edicao: 1 itens
2026-08-06 08:03:09 | INFO    |     - Fisica: 1 itens
2026-08-06 08:03:09 | INFO    |     - MCP: 1 itens
2026-08-06 08:03:09 | INFO    |     - RH: 8 itens
2026-08-06 08:03:09 | INFO    |     - SalaComum: 9 itens
2026-08-06 08:03:09 | INFO    |     - TestRoom: 5 itens
2026-08-06 08:03:09 | INFO    |     - Validacao: 1 itens
2026-08-06 08:03:09 | INFO    |     - Windows_MCP: 7 itens
2026-08-06 08:03:09 | INFO    |     - accounts_contacts: 2 itens
2026-08-06 08:03:09 | INFO    |     - agent_tasks: 26 itens
2026-08-06 08:03:09 | INFO    |     - alerts: 13 itens
2026-08-06 08:03:09 | INFO    |     - android_and_pc_registrations: 21 itens
2026-08-06 08:03:09 | INFO    |     - antigravity: 1 itens
2026-08-06 08:03:09 | INFO    |     - career: 1 itens
2026-08-06 08:03:09 | INFO    |     - delika: 1 itens
2026-08-06 08:03:09 | INFO    |     - design: 1 itens
2026-08-06 08:03:09 | INFO    |     - dev: 1 itens
2026-08-06 08:03:09 | INFO    |     - Drive Principal: 65 itens
2026-08-06 08:03:09 | INFO    |     - Drive Trabalho: 8 itens
2026-08-06 08:03:09 | INFO    |     - drive_docs: 21 itens
2026-08-06 08:03:09 | INFO    |     - drive_shared_files: 10 itens
2026-08-06 08:03:09 | INFO    |     - education: 1 itens
2026-08-06 08:03:09 | INFO    |     - family: 1 itens
2026-08-06 08:03:09 | INFO    |     - github_repos: 2 itens
2026-08-06 08:03:09 | INFO    |     - Gmail Principal: 69 itens
2026-08-06 08:03:09 | INFO    |     - Gmail Trabalho: 32 itens
2026-08-06 08:03:09 | INFO    |     - gmail_linked_accounts: 11 itens
2026-08-06 08:03:09 | INFO    |     - gmail_notifications: 16 itens
2026-08-06 08:03:09 | INFO    |     - google_docs: 36 itens
2026-08-06 08:03:09 | INFO    |     - hardware: 2 itens
2026-08-06 08:03:09 | INFO    |     - jubileu: 4 itens
2026-08-06 08:03:09 | INFO    |     - mary_kay: 1 itens
2026-08-06 08:03:09 | INFO    |     - neon_orbit: 1 itens
2026-08-06 08:03:09 | INFO    |     - onedrive: 1 itens
2026-08-06 08:03:09 | INFO    |     - personal: 2 itens
2026-08-06 08:03:09 | INFO    |     - reddit_godot: 1 itens
2026-08-06 08:03:09 | INFO    |     - router: 1 itens
2026-08-06 08:03:09 | INFO    |     - security: 1 itens
2026-08-06 08:03:09 | INFO    |     - sparkhub: 1 itens
2026-08-06 08:03:09 | INFO    |     - storage_parser: 1 itens
2026-08-06 08:03:09 | INFO    |     - sync_audit: 24 itens
2026-08-06 08:03:09 | INFO    |     - system_status: 13 itens
2026-08-06 08:03:09 | INFO    |     - terabox: 1 itens
2026-08-06 08:03:09 | INFO    |     - tiktok_shop: 1 itens
2026-08-06 08:03:09 | INFO    |     - web_research_insights: 62 itens
2026-08-06 08:03:10 | INFO    | [MemPalace] Gravado: Asa=Documento | Sala=drive:Principal:1BQHlUjDsSEFYgfhsCi-K6qQlGz8SqRer3XgETg3G7x8
2026-08-06 08:03:10 | INFO    |     Documento: Plano_Execucao_Resiliencia_Tokens_Moltbook_SparkHub.md

﻿Plano de Execução Canônica: Tríplice Resiliência de Tokens & Integração Moltbook n...

2026-08-06 08:03:10 | INFO    | [MemPalace] Gravado: Asa=Email | Sala=gmail:Principal:19fb5bbcb429a343
2026-08-06 08:03:10 | INFO    |     De: TikTok <notification@service.tiktok.com> Assunto: Nomiz fragrance começou a seguir você Data: Fri, 31 Jul 2026 01:13:30 +0000 Você tem 1 novo segu...

2026-08-06 08:03:11 | INFO    | [MEMPALACE] Resumo completo de agrupamento (Total: 496):
2026-08-06 08:03:11 | INFO    |     - 3d: 1 itens
2026-08-06 08:03:11 | INFO    |     - Diretorios: 4 itens
2026-08-06 08:03:11 | INFO    |     - Edicao: 1 itens
2026-08-06 08:03:11 | INFO    |     - Fisica: 1 itens
2026-08-06 08:03:11 | INFO    |     - MCP: 1 itens
2026-08-06 08:03:11 | INFO    |     - RH: 8 itens
2026-08-06 08:03:11 | INFO    |     - SalaComum: 9 itens
2026-08-06 08:03:11 | INFO    |     - TestRoom: 5 itens
2026-08-06 08:03:11 | INFO    |     - Validacao: 1 itens
2026-08-06 08:03:11 | INFO    |     - Windows_MCP: 7 itens
2026-08-06 08:03:11 | INFO    |     - accounts_contacts: 2 itens
2026-08-06 08:03:11 | INFO    |     - agent_tasks: 26 itens
2026-08-06 08:03:11 | INFO    |     - alerts: 13 itens
2026-08-06 08:03:11 | INFO    |     - android_and_pc_registrations: 21 itens
2026-08-06 08:03:11 | INFO    |     - antigravity: 1 itens
2026-08-06 08:03:11 | INFO    |     - career: 1 itens
2026-08-06 08:03:11 | INFO    |     - delika: 1 itens
2026-08-06 08:03:11 | INFO    |     - design: 1 itens
2026-08-06 08:03:11 | INFO    |     - dev: 1 itens
2026-08-06 08:03:11 | INFO    |     - Drive Principal: 66 itens
2026-08-06 08:03:11 | INFO    |     - Drive Trabalho: 8 itens
2026-08-06 08:03:11 | INFO    |     - drive_docs: 21 itens
2026-08-06 08:03:11 | INFO    |     - drive_shared_files: 10 itens
2026-08-06 08:03:11 | INFO    |     - education: 1 itens
2026-08-06 08:03:11 | INFO    |     - family: 1 itens
2026-08-06 08:03:11 | INFO    |     - github_repos: 2 itens
2026-08-06 08:03:11 | INFO    |     - Gmail Principal: 70 itens
2026-08-06 08:03:11 | INFO    |     - Gmail Trabalho: 32 itens
2026-08-06 08:03:11 | INFO    |     - gmail_linked_accounts: 11 itens
2026-08-06 08:03:11 | INFO    |     - gmail_notifications: 16 itens
2026-08-06 08:03:11 | INFO    |     - google_docs: 36 itens
2026-08-06 08:03:11 | INFO    |     - hardware: 2 itens
2026-08-06 08:03:11 | INFO    |     - jubileu: 4 itens
2026-08-06 08:03:11 | INFO    |     - mary_kay: 1 itens
2026-08-06 08:03:11 | INFO    |     - neon_orbit: 1 itens
2026-08-06 08:03:11 | INFO    |     - onedrive: 1 itens
2026-08-06 08:03:11 | INFO    |     - personal: 2 itens
2026-08-06 08:03:11 | INFO    |     - reddit_godot: 1 itens
2026-08-06 08:03:11 | INFO    |     - router: 1 itens
2026-08-06 08:03:11 | INFO    |     - security: 1 itens
2026-08-06 08:03:11 | INFO    |     - sparkhub: 1 itens
2026-08-06 08:03:11 | INFO    |     - storage_parser: 1 itens
2026-08-06 08:03:11 | INFO    |     - sync_audit: 24 itens
2026-08-06 08:03:11 | INFO    |     - system_status: 13 itens
2026-08-06 08:03:11 | INFO    |     - terabox: 1 itens
2026-08-06 08:03:11 | INFO    |     - tiktok_shop: 1 itens
2026-08-06 08:03:11 | INFO    |     - web_research_insights: 62 itens
2026-08-06 08:03:11 | INFO    | [MemPalace] Gravado: Asa=Email | Sala=gmail:Principal:19fb58dadfa8ffdd
2026-08-06 08:03:11 | INFO    |     De: Temu <email@market.temuemail.com> Assunto: O seu pagamento será reembolsado como CRÉDITO DE VOLTA! Data: Fri, 31 Jul 2026 00:23:08 +0000 ---------...

2026-08-06 08:03:12 | INFO    | [ROTEADOR] Tool Call Interceptado: search_gmail {'query': 'querida'}
2026-08-06 08:03:12 | INFO    | [MemPalace] Gravado: Asa=Documento | Sala=drive:Principal:1G7-fvB7OYZga4X32sqmVD2MRjJy-FtaPZN3eYP_6Z74
2026-08-06 08:03:12 | INFO    |     Documento: TASK_Macro_Bussola_SparkHub_v3.md

﻿📑 TASK.md — Checklist Mestre & Macro-Bússola: SparkHub v3.0 Documento de Governança, Status de Execução...

2026-08-06 08:03:13 | INFO    | [MemPalace] Gravado: Asa=Email | Sala=gmail:Principal:19fb556a72503d51
2026-08-06 08:03:13 | INFO    |     De: Temu <email@market.temuemail.com> Assunto: Você não reivindicou o mimo! Data: Thu, 30 Jul 2026 23:23:01 +0000 ------------------------------------...

2026-08-06 08:03:13 | INFO    | [MEMPALACE] Resumo completo de agrupamento (Total: 499):
2026-08-06 08:03:13 | INFO    |     - 3d: 1 itens
2026-08-06 08:03:13 | INFO    |     - Diretorios: 4 itens
2026-08-06 08:03:13 | INFO    |     - Edicao: 1 itens
2026-08-06 08:03:13 | INFO    |     - Fisica: 1 itens
2026-08-06 08:03:13 | INFO    |     - MCP: 1 itens
2026-08-06 08:03:13 | INFO    |     - RH: 8 itens
2026-08-06 08:03:13 | INFO    |     - SalaComum: 9 itens
2026-08-06 08:03:13 | INFO    |     - TestRoom: 5 itens
2026-08-06 08:03:13 | INFO    |     - Validacao: 1 itens
2026-08-06 08:03:13 | INFO    |     - Windows_MCP: 7 itens
2026-08-06 08:03:13 | INFO    |     - accounts_contacts: 2 itens
2026-08-06 08:03:13 | INFO    |     - agent_tasks: 26 itens
2026-08-06 08:03:13 | INFO    |     - alerts: 13 itens
2026-08-06 08:03:13 | INFO    |     - android_and_pc_registrations: 21 itens
2026-08-06 08:03:13 | INFO    |     - antigravity: 1 itens
2026-08-06 08:03:13 | INFO    |     - career: 1 itens
2026-08-06 08:03:13 | INFO    |     - delika: 1 itens
2026-08-06 08:03:13 | INFO    |     - design: 1 itens
2026-08-06 08:03:13 | INFO    |     - dev: 1 itens
2026-08-06 08:03:13 | INFO    |     - Drive Principal: 67 itens
2026-08-06 08:03:13 | INFO    |     - Drive Trabalho: 8 itens
2026-08-06 08:03:13 | INFO    |     - drive_docs: 21 itens
2026-08-06 08:03:13 | INFO    |     - drive_shared_files: 10 itens
2026-08-06 08:03:13 | INFO    |     - education: 1 itens
2026-08-06 08:03:13 | INFO    |     - family: 1 itens
2026-08-06 08:03:13 | INFO    |     - github_repos: 2 itens
2026-08-06 08:03:13 | INFO    |     - Gmail Principal: 72 itens
2026-08-06 08:03:13 | INFO    |     - Gmail Trabalho: 32 itens
2026-08-06 08:03:13 | INFO    |     - gmail_linked_accounts: 11 itens
2026-08-06 08:03:13 | INFO    |     - gmail_notifications: 16 itens
2026-08-06 08:03:13 | INFO    |     - google_docs: 36 itens
2026-08-06 08:03:13 | INFO    |     - hardware: 2 itens
2026-08-06 08:03:13 | INFO    |     - jubileu: 4 itens
2026-08-06 08:03:13 | INFO    |     - mary_kay: 1 itens
2026-08-06 08:03:13 | INFO    |     - neon_orbit: 1 itens
2026-08-06 08:03:13 | INFO    |     - onedrive: 1 itens
2026-08-06 08:03:13 | INFO    |     - personal: 2 itens
2026-08-06 08:03:13 | INFO    |     - reddit_godot: 1 itens
2026-08-06 08:03:13 | INFO    |     - router: 1 itens
2026-08-06 08:03:13 | INFO    |     - security: 1 itens
2026-08-06 08:03:13 | INFO    |     - sparkhub: 1 itens
2026-08-06 08:03:13 | INFO    |     - storage_parser: 1 itens
2026-08-06 08:03:13 | INFO    |     - sync_audit: 24 itens
2026-08-06 08:03:13 | INFO    |     - system_status: 13 itens
2026-08-06 08:03:13 | INFO    |     - terabox: 1 itens
2026-08-06 08:03:13 | INFO    |     - tiktok_shop: 1 itens
2026-08-06 08:03:13 | INFO    |     - web_research_insights: 62 itens
2026-08-06 08:03:14 | INFO    | [MemPalace] Gravado: Asa=Email | Sala=gmail:Principal:19fb51f089468f65
2026-08-06 08:03:14 | INFO    |     De: Uber <uber@uber.com> Assunto: Uber Envios: 15% OFF para enviar itens! 📦 Data: Thu, 30 Jul 2026 22:22:17 +0000 96 Com Uber Envios, você envia e rec...

2026-08-06 08:03:14 | INFO    | [MemPalace] Gravado: Asa=Documento | Sala=drive:Principal:1R_FUfs0Nwv0wTy3LswFrlsoeTjVEYPahNI8XKjsHe9c
2026-08-06 08:03:14 | INFO    |     Documento: Diretriz_Canonica_Arquitetura_DomainDriven_SparkHub.md

﻿📜 Diretriz Canônica: Arquitetura Domain-Driven & Contratos-First — SparkHub v3.0 D...

2026-08-06 08:03:15 | INFO    | [MEMPALACE] Resumo completo de agrupamento (Total: 501):
2026-08-06 08:03:15 | INFO    |     - 3d: 1 itens
2026-08-06 08:03:15 | INFO    |     - Diretorios: 4 itens
2026-08-06 08:03:15 | INFO    |     - Edicao: 1 itens
2026-08-06 08:03:15 | INFO    |     - Fisica: 1 itens
2026-08-06 08:03:15 | INFO    |     - MCP: 1 itens
2026-08-06 08:03:15 | INFO    |     - RH: 8 itens
2026-08-06 08:03:15 | INFO    |     - SalaComum: 9 itens
2026-08-06 08:03:15 | INFO    |     - TestRoom: 5 itens
2026-08-06 08:03:15 | INFO    |     - Validacao: 1 itens
2026-08-06 08:03:15 | INFO    |     - Windows_MCP: 7 itens
2026-08-06 08:03:15 | INFO    |     - accounts_contacts: 2 itens
2026-08-06 08:03:15 | INFO    |     - agent_tasks: 26 itens
2026-08-06 08:03:15 | INFO    |     - alerts: 13 itens
2026-08-06 08:03:15 | INFO    |     - android_and_pc_registrations: 21 itens
2026-08-06 08:03:15 | INFO    |     - antigravity: 1 itens
2026-08-06 08:03:15 | INFO    |     - career: 1 itens
2026-08-06 08:03:15 | INFO    |     - delika: 1 itens
2026-08-06 08:03:15 | INFO    |     - design: 1 itens
2026-08-06 08:03:15 | INFO    |     - dev: 1 itens
2026-08-06 08:03:15 | INFO    |     - Drive Principal: 68 itens
2026-08-06 08:03:15 | INFO    |     - Drive Trabalho: 8 itens
2026-08-06 08:03:15 | INFO    |     - drive_docs: 21 itens
2026-08-06 08:03:15 | INFO    |     - drive_shared_files: 10 itens
2026-08-06 08:03:15 | INFO    |     - education: 1 itens
2026-08-06 08:03:15 | INFO    |     - family: 1 itens
2026-08-06 08:03:15 | INFO    |     - github_repos: 2 itens
2026-08-06 08:03:15 | INFO    |     - Gmail Principal: 73 itens
2026-08-06 08:03:15 | INFO    |     - Gmail Trabalho: 32 itens
2026-08-06 08:03:15 | INFO    |     - gmail_linked_accounts: 11 itens
2026-08-06 08:03:15 | INFO    |     - gmail_notifications: 16 itens
2026-08-06 08:03:15 | INFO    |     - google_docs: 36 itens
2026-08-06 08:03:15 | INFO    |     - hardware: 2 itens
2026-08-06 08:03:15 | INFO    |     - jubileu: 4 itens
2026-08-06 08:03:15 | INFO    |     - mary_kay: 1 itens
2026-08-06 08:03:15 | INFO    |     - neon_orbit: 1 itens
2026-08-06 08:03:15 | INFO    |     - onedrive: 1 itens
2026-08-06 08:03:15 | INFO    |     - personal: 2 itens
2026-08-06 08:03:15 | INFO    |     - reddit_godot: 1 itens
2026-08-06 08:03:15 | INFO    |     - router: 1 itens
2026-08-06 08:03:15 | INFO    |     - security: 1 itens
2026-08-06 08:03:15 | INFO    |     - sparkhub: 1 itens
2026-08-06 08:03:15 | INFO    |     - storage_parser: 1 itens
2026-08-06 08:03:15 | INFO    |     - sync_audit: 24 itens
2026-08-06 08:03:15 | INFO    |     - system_status: 13 itens
2026-08-06 08:03:15 | INFO    |     - terabox: 1 itens
2026-08-06 08:03:15 | INFO    |     - tiktok_shop: 1 itens
2026-08-06 08:03:15 | INFO    |     - web_research_insights: 62 itens
2026-08-06 08:03:16 | INFO    | [MemPalace] Gravado: Asa=Email | Sala=gmail:Principal:19fb4df5fffb737e
2026-08-06 08:03:16 | INFO    |     De: roseanelima5870 no TikTok <notification@service.tiktok.com> Assunto: roseanelima5870 enviou uma mensagem para você Data: Thu, 30 Jul 2026 21:12:44...

2026-08-06 08:03:17 | INFO    | [MemPalace] Gravado: Asa=Documento | Sala=drive:Principal:1s5FnXMY-xyq4HBtzNNa3-pHbqtGm_v780T6yOGAtsC4
2026-08-06 08:03:17 | INFO    |     Documento: Relatorio_Oficial_Ecossistema_SparkHub.md

﻿🚀 Relatório Oficial do Ecossistema SparkHub v3.0 Status: 🟢 Ativo & 100% Operacional (Todas as 7...

2026-08-06 08:03:17 | INFO    | [SKIP] Arquivo 'TASK_Macro_Bussola_SparkHub_v3.md' ignorado (duplicata na conta Principal).
2026-08-06 08:03:17 | INFO    | [MemPalace] Gravado: Asa=Email | Sala=gmail:Principal:19fb4c5ceb4531e4
2026-08-06 08:03:17 | INFO    |     De: Framer <team@framer.com> Assunto: GPT 5.6 Terra and Luna now use 50% fewer credits Data: Thu, 30 Jul 2026 20:44:49 +0000 Get 50% off through Augus...

2026-08-06 08:03:17 | INFO    | [MEMPALACE] Resumo completo de agrupamento (Total: 504):
2026-08-06 08:03:17 | INFO    |     - 3d: 1 itens
2026-08-06 08:03:17 | INFO    |     - Diretorios: 4 itens
2026-08-06 08:03:17 | INFO    |     - Edicao: 1 itens
2026-08-06 08:03:17 | INFO    |     - Fisica: 1 itens
2026-08-06 08:03:17 | INFO    |     - MCP: 1 itens
2026-08-06 08:03:17 | INFO    |     - RH: 8 itens
2026-08-06 08:03:17 | INFO    |     - SalaComum: 9 itens
2026-08-06 08:03:17 | INFO    |     - TestRoom: 5 itens
2026-08-06 08:03:17 | INFO    |     - Validacao: 1 itens
2026-08-06 08:03:17 | INFO    |     - Windows_MCP: 7 itens
2026-08-06 08:03:17 | INFO    |     - accounts_contacts: 2 itens
2026-08-06 08:03:17 | INFO    |     - agent_tasks: 26 itens
2026-08-06 08:03:17 | INFO    |     - alerts: 13 itens
2026-08-06 08:03:17 | INFO    |     - android_and_pc_registrations: 21 itens
2026-08-06 08:03:17 | INFO    |     - antigravity: 1 itens
2026-08-06 08:03:17 | INFO    |     - career: 1 itens
2026-08-06 08:03:17 | INFO    |     - delika: 1 itens
2026-08-06 08:03:17 | INFO    |     - design: 1 itens
2026-08-06 08:03:17 | INFO    |     - dev: 1 itens
2026-08-06 08:03:17 | INFO    |     - Drive Principal: 69 itens
2026-08-06 08:03:17 | INFO    |     - Drive Trabalho: 8 itens
2026-08-06 08:03:17 | INFO    |     - drive_docs: 21 itens
2026-08-06 08:03:17 | INFO    |     - drive_shared_files: 10 itens
2026-08-06 08:03:17 | INFO    |     - education: 1 itens
2026-08-06 08:03:17 | INFO    |     - family: 1 itens
2026-08-06 08:03:17 | INFO    |     - github_repos: 2 itens
2026-08-06 08:03:17 | INFO    |     - Gmail Principal: 75 itens
2026-08-06 08:03:17 | INFO    |     - Gmail Trabalho: 32 itens
2026-08-06 08:03:17 | INFO    |     - gmail_linked_accounts: 11 itens
2026-08-06 08:03:17 | INFO    |     - gmail_notifications: 16 itens
2026-08-06 08:03:17 | INFO    |     - google_docs: 36 itens
2026-08-06 08:03:17 | INFO    |     - hardware: 2 itens
2026-08-06 08:03:17 | INFO    |     - jubileu: 4 itens
2026-08-06 08:03:17 | INFO    |     - mary_kay: 1 itens
2026-08-06 08:03:17 | INFO    |     - neon_orbit: 1 itens
2026-08-06 08:03:17 | INFO    |     - onedrive: 1 itens
2026-08-06 08:03:17 | INFO    |     - personal: 2 itens
2026-08-06 08:03:17 | INFO    |     - reddit_godot: 1 itens
2026-08-06 08:03:17 | INFO    |     - router: 1 itens
2026-08-06 08:03:17 | INFO    |     - security: 1 itens
2026-08-06 08:03:17 | INFO    |     - sparkhub: 1 itens
2026-08-06 08:03:17 | INFO    |     - storage_parser: 1 itens
2026-08-06 08:03:17 | INFO    |     - sync_audit: 24 itens
2026-08-06 08:03:17 | INFO    |     - system_status: 13 itens
2026-08-06 08:03:17 | INFO    |     - terabox: 1 itens
2026-08-06 08:03:17 | INFO    |     - tiktok_shop: 1 itens
2026-08-06 08:03:17 | INFO    |     - web_research_insights: 62 itens
2026-08-06 08:03:18 | INFO    | [MemPalace] Gravado: Asa=Email | Sala=gmail:Principal:19fb43c194007442
2026-08-06 08:03:18 | INFO    |     De: Internet Archive <info@archive.org> Assunto: 250 Years of a Nation, Archived Online Data: Thu, 30 Jul 2026 17:43:53 +0000 View this email in your ...

2026-08-06 08:03:19 | INFO    | [MemPalace] Gravado: Asa=Documento | Sala=drive:Principal:1b__7Sg4UxjODQXL0olWD9fqffcRTcXlhfrJ1JfvI-BY
2026-08-06 08:03:19 | INFO    |     Documento: Plano_Mestre_Seguranca_e_Ingestao_Proativa_MemPalace.md

﻿📑 Plano Mestre: Segurança, Criptografia Seletiva & Ingestão Proativa — SparkHub v...

2026-08-06 08:03:19 | INFO    | [MEMPALACE] Resumo completo de agrupamento (Total: 506):
2026-08-06 08:03:19 | INFO    |     - 3d: 1 itens
2026-08-06 08:03:19 | INFO    |     - Diretorios: 4 itens
2026-08-06 08:03:19 | INFO    |     - Edicao: 1 itens
2026-08-06 08:03:19 | INFO    |     - Fisica: 1 itens
2026-08-06 08:03:19 | INFO    |     - MCP: 1 itens
2026-08-06 08:03:19 | INFO    |     - RH: 8 itens
2026-08-06 08:03:19 | INFO    |     - SalaComum: 9 itens
2026-08-06 08:03:19 | INFO    |     - TestRoom: 5 itens
2026-08-06 08:03:19 | INFO    |     - Validacao: 1 itens
2026-08-06 08:03:19 | INFO    |     - Windows_MCP: 7 itens
2026-08-06 08:03:19 | INFO    |     - accounts_contacts: 2 itens
2026-08-06 08:03:19 | INFO    |     - agent_tasks: 26 itens
2026-08-06 08:03:19 | INFO    |     - alerts: 13 itens
2026-08-06 08:03:19 | INFO    |     - android_and_pc_registrations: 21 itens
2026-08-06 08:03:19 | INFO    |     - antigravity: 1 itens
2026-08-06 08:03:19 | INFO    |     - career: 1 itens
2026-08-06 08:03:19 | INFO    |     - delika: 1 itens
2026-08-06 08:03:19 | INFO    |     - design: 1 itens
2026-08-06 08:03:19 | INFO    |     - dev: 1 itens
2026-08-06 08:03:19 | INFO    |     - Drive Principal: 70 itens
2026-08-06 08:03:19 | INFO    |     - Drive Trabalho: 8 itens
2026-08-06 08:03:19 | INFO    |     - drive_docs: 21 itens
2026-08-06 08:03:19 | INFO    |     - drive_shared_files: 10 itens
2026-08-06 08:03:19 | INFO    |     - education: 1 itens
2026-08-06 08:03:19 | INFO    |     - family: 1 itens
2026-08-06 08:03:19 | INFO    |     - github_repos: 2 itens
2026-08-06 08:03:19 | INFO    |     - Gmail Principal: 76 itens
2026-08-06 08:03:19 | INFO    |     - Gmail Trabalho: 32 itens
2026-08-06 08:03:19 | INFO    |     - gmail_linked_accounts: 11 itens
2026-08-06 08:03:19 | INFO    |     - gmail_notifications: 16 itens
2026-08-06 08:03:19 | INFO    |     - google_docs: 36 itens
2026-08-06 08:03:19 | INFO    |     - hardware: 2 itens
2026-08-06 08:03:19 | INFO    |     - jubileu: 4 itens
2026-08-06 08:03:19 | INFO    |     - mary_kay: 1 itens
2026-08-06 08:03:19 | INFO    |     - neon_orbit: 1 itens
2026-08-06 08:03:19 | INFO    |     - onedrive: 1 itens
2026-08-06 08:03:19 | INFO    |     - personal: 2 itens
2026-08-06 08:03:19 | INFO    |     - reddit_godot: 1 itens
2026-08-06 08:03:19 | INFO    |     - router: 1 itens
2026-08-06 08:03:19 | INFO    |     - security: 1 itens
2026-08-06 08:03:19 | INFO    |     - sparkhub: 1 itens
2026-08-06 08:03:19 | INFO    |     - storage_parser: 1 itens
2026-08-06 08:03:19 | INFO    |     - sync_audit: 24 itens
2026-08-06 08:03:19 | INFO    |     - system_status: 13 itens
2026-08-06 08:03:19 | INFO    |     - terabox: 1 itens
2026-08-06 08:03:19 | INFO    |     - tiktok_shop: 1 itens
2026-08-06 08:03:19 | INFO    |     - web_research_insights: 62 itens
2026-08-06 08:03:20 | INFO    | [MemPalace] Gravado: Asa=Email | Sala=gmail:Principal:19fb3d8f7622f572
2026-08-06 08:03:20 | INFO    |     De: Laura l Alura <contato@alura.com.br> Assunto: Vocês pediram. A gente estendeu. Data: Thu, 30 Jul 2026 13:25:38 -0300 Só até hoje, 23h59. Depois di...

2026-08-06 08:03:21 | INFO    | [MEMPALACE] Resumo completo de agrupamento (Total: 507):
2026-08-06 08:03:21 | INFO    |     - 3d: 1 itens
2026-08-06 08:03:21 | INFO    |     - Diretorios: 4 itens
2026-08-06 08:03:21 | INFO    |     - Edicao: 1 itens
2026-08-06 08:03:21 | INFO    |     - Fisica: 1 itens
2026-08-06 08:03:21 | INFO    |     - MCP: 1 itens
2026-08-06 08:03:21 | INFO    |     - RH: 8 itens
2026-08-06 08:03:21 | INFO    |     - SalaComum: 9 itens
2026-08-06 08:03:21 | INFO    |     - TestRoom: 5 itens
2026-08-06 08:03:21 | INFO    |     - Validacao: 1 itens
2026-08-06 08:03:21 | INFO    |     - Windows_MCP: 7 itens
2026-08-06 08:03:21 | INFO    |     - accounts_contacts: 2 itens
2026-08-06 08:03:21 | INFO    |     - agent_tasks: 26 itens
2026-08-06 08:03:21 | INFO    |     - alerts: 13 itens
2026-08-06 08:03:21 | INFO    |     - android_and_pc_registrations: 21 itens
2026-08-06 08:03:21 | INFO    |     - antigravity: 1 itens
2026-08-06 08:03:21 | INFO    |     - career: 1 itens
2026-08-06 08:03:21 | INFO    |     - delika: 1 itens
2026-08-06 08:03:21 | INFO    |     - design: 1 itens
2026-08-06 08:03:21 | INFO    |     - dev: 1 itens
2026-08-06 08:03:21 | INFO    |     - Drive Principal: 70 itens
2026-08-06 08:03:21 | INFO    |     - Drive Trabalho: 8 itens
2026-08-06 08:03:21 | INFO    |     - drive_docs: 21 itens
2026-08-06 08:03:21 | INFO    |     - drive_shared_files: 10 itens
2026-08-06 08:03:21 | INFO    |     - education: 1 itens
2026-08-06 08:03:21 | INFO    |     - family: 1 itens
2026-08-06 08:03:21 | INFO    |     - github_repos: 2 itens
2026-08-06 08:03:21 | INFO    |     - Gmail Principal: 77 itens
2026-08-06 08:03:21 | INFO    |     - Gmail Trabalho: 32 itens
2026-08-06 08:03:21 | INFO    |     - gmail_linked_accounts: 11 itens
2026-08-06 08:03:21 | INFO    |     - gmail_notifications: 16 itens
2026-08-06 08:03:21 | INFO    |     - google_docs: 36 itens
2026-08-06 08:03:21 | INFO    |     - hardware: 2 itens
2026-08-06 08:03:21 | INFO    |     - jubileu: 4 itens
2026-08-06 08:03:21 | INFO    |     - mary_kay: 1 itens
2026-08-06 08:03:21 | INFO    |     - neon_orbit: 1 itens
2026-08-06 08:03:21 | INFO    |     - onedrive: 1 itens
2026-08-06 08:03:21 | INFO    |     - personal: 2 itens
2026-08-06 08:03:21 | INFO    |     - reddit_godot: 1 itens
2026-08-06 08:03:21 | INFO    |     - router: 1 itens
2026-08-06 08:03:21 | INFO    |     - security: 1 itens
2026-08-06 08:03:21 | INFO    |     - sparkhub: 1 itens
2026-08-06 08:03:21 | INFO    |     - storage_parser: 1 itens
2026-08-06 08:03:21 | INFO    |     - sync_audit: 24 itens
2026-08-06 08:03:21 | INFO    |     - system_status: 13 itens
2026-08-06 08:03:21 | INFO    |     - terabox: 1 itens
2026-08-06 08:03:21 | INFO    |     - tiktok_shop: 1 itens
2026-08-06 08:03:21 | INFO    |     - web_research_insights: 62 itens
2026-08-06 08:03:21 | INFO    | [MemPalace] Gravado: Asa=Email | Sala=gmail:Principal:19fb338ff824c12b
2026-08-06 08:03:21 | INFO    |     De: recuperacoes@santander.com.br Assunto: Desenrola Brasil: entenda como negociar sua divida. Data: Thu, 30 Jul 2026 10:30:50 -0300 (BRT) Até 90% de ...

2026-08-06 08:03:21 | INFO    | [MemPalace] Gravado: Asa=Documento | Sala=drive:Principal:1mrFoQ1ILx2mNhm_X1EEA3glN1_nukWy48ZdDD5dIZuQ
2026-08-06 08:03:21 | INFO    |     Documento: Plano_Coleta_Proativa_Total_MemPalace_SparkHub.md

﻿📑 Plano Mestre: Coleta Proativa Total (PC + Workspace + Redes + Histórico Web + GitHub)...

2026-08-06 08:03:21 | INFO    | [SKIP] Arquivo 'Plano_Coleta_Proativa_Total_MemPalace_SparkHub.md' ignorado (duplicata na conta Principal).
2026-08-06 08:03:23 | INFO    | [MemPalace] Gravado: Asa=Email | Sala=gmail:Principal:19fb2ef917943682
2026-08-06 08:03:23 | INFO    |     De: Steve Ogden Art <steveogdenart@creator.patreon.com> Assunto: How it is Data: Thu, 30 Jul 2026 12:11:07 +0000 How it is 96 ... ͏ ͏ ͏ ͏ ͏ ͏ ͏ ͏ ͏ ͏ ...

2026-08-06 08:03:23 | INFO    | [MEMPALACE] Resumo completo de agrupamento (Total: 510):
2026-08-06 08:03:23 | INFO    |     - 3d: 1 itens
2026-08-06 08:03:23 | INFO    |     - Diretorios: 4 itens
2026-08-06 08:03:23 | INFO    |     - Edicao: 1 itens
2026-08-06 08:03:23 | INFO    |     - Fisica: 1 itens
2026-08-06 08:03:23 | INFO    |     - MCP: 1 itens
2026-08-06 08:03:23 | INFO    |     - RH: 8 itens
2026-08-06 08:03:23 | INFO    |     - SalaComum: 9 itens
2026-08-06 08:03:23 | INFO    |     - TestRoom: 5 itens
2026-08-06 08:03:23 | INFO    |     - Validacao: 1 itens
2026-08-06 08:03:23 | INFO    |     - Windows_MCP: 7 itens
2026-08-06 08:03:23 | INFO    |     - accounts_contacts: 2 itens
2026-08-06 08:03:23 | INFO    |     - agent_tasks: 26 itens
2026-08-06 08:03:23 | INFO    |     - alerts: 13 itens
2026-08-06 08:03:23 | INFO    |     - android_and_pc_registrations: 21 itens
2026-08-06 08:03:23 | INFO    |     - antigravity: 1 itens
2026-08-06 08:03:23 | INFO    |     - career: 1 itens
2026-08-06 08:03:23 | INFO    |     - delika: 1 itens
2026-08-06 08:03:23 | INFO    |     - design: 1 itens
2026-08-06 08:03:23 | INFO    |     - dev: 1 itens
2026-08-06 08:03:23 | INFO    |     - Drive Principal: 71 itens
2026-08-06 08:03:23 | INFO    |     - Drive Trabalho: 8 itens
2026-08-06 08:03:23 | INFO    |     - drive_docs: 21 itens
2026-08-06 08:03:23 | INFO    |     - drive_shared_files: 10 itens
2026-08-06 08:03:23 | INFO    |     - education: 1 itens
2026-08-06 08:03:23 | INFO    |     - family: 1 itens
2026-08-06 08:03:23 | INFO    |     - github_repos: 2 itens
2026-08-06 08:03:23 | INFO    |     - Gmail Principal: 79 itens
2026-08-06 08:03:23 | INFO    |     - Gmail Trabalho: 32 itens
2026-08-06 08:03:23 | INFO    |     - gmail_linked_accounts: 11 itens
2026-08-06 08:03:23 | INFO    |     - gmail_notifications: 16 itens
2026-08-06 08:03:23 | INFO    |     - google_docs: 36 itens
2026-08-06 08:03:23 | INFO    |     - hardware: 2 itens
2026-08-06 08:03:23 | INFO    |     - jubileu: 4 itens
2026-08-06 08:03:23 | INFO    |     - mary_kay: 1 itens
2026-08-06 08:03:23 | INFO    |     - neon_orbit: 1 itens
2026-08-06 08:03:23 | INFO    |     - onedrive: 1 itens
2026-08-06 08:03:23 | INFO    |     - personal: 2 itens
2026-08-06 08:03:23 | INFO    |     - reddit_godot: 1 itens
2026-08-06 08:03:23 | INFO    |     - router: 1 itens
2026-08-06 08:03:23 | INFO    |     - security: 1 itens
2026-08-06 08:03:23 | INFO    |     - sparkhub: 1 itens
2026-08-06 08:03:23 | INFO    |     - storage_parser: 1 itens
2026-08-06 08:03:23 | INFO    |     - sync_audit: 24 itens
2026-08-06 08:03:23 | INFO    |     - system_status: 13 itens
2026-08-06 08:03:23 | INFO    |     - terabox: 1 itens
2026-08-06 08:03:23 | INFO    |     - tiktok_shop: 1 itens
2026-08-06 08:03:23 | INFO    |     - web_research_insights: 62 itens
2026-08-06 08:03:24 | INFO    | [MemPalace] Gravado: Asa=Documento | Sala=drive:Principal:1qa4GRt3RGzMT_-LjHUh6CM9nv80TkocmMG0Td0rk1Cs
2026-08-06 08:03:24 | INFO    |     Documento: Plano_Adocao_Tecnologias_Antifragil_SparkHub.md

﻿📑 Plano Mestre de Adoção Tecnológica & Resiliência Antifrágil — SparkHub v3.0 Documento d...

2026-08-06 08:03:24 | INFO    | [MemPalace] Gravado: Asa=Email | Sala=gmail:Principal:19fb0998583a2fef
2026-08-06 08:03:24 | INFO    |     De: Fazendeira mila no TikTok <notification@service.tiktok.com> Assunto: Fazendeira mila enviou uma mensagem para você Data: Thu, 30 Jul 2026 01:17:58...

2026-08-06 08:03:25 | INFO    | [MEMPALACE] Resumo completo de agrupamento (Total: 512):
2026-08-06 08:03:25 | INFO    |     - 3d: 1 itens
2026-08-06 08:03:25 | INFO    |     - Diretorios: 4 itens
2026-08-06 08:03:25 | INFO    |     - Edicao: 1 itens
2026-08-06 08:03:25 | INFO    |     - Fisica: 1 itens
2026-08-06 08:03:25 | INFO    |     - MCP: 1 itens
2026-08-06 08:03:25 | INFO    |     - RH: 8 itens
2026-08-06 08:03:25 | INFO    |     - SalaComum: 9 itens
2026-08-06 08:03:25 | INFO    |     - TestRoom: 5 itens
2026-08-06 08:03:25 | INFO    |     - Validacao: 1 itens
2026-08-06 08:03:25 | INFO    |     - Windows_MCP: 7 itens
2026-08-06 08:03:25 | INFO    |     - accounts_contacts: 2 itens
2026-08-06 08:03:25 | INFO    |     - agent_tasks: 26 itens
2026-08-06 08:03:25 | INFO    |     - alerts: 13 itens
2026-08-06 08:03:25 | INFO    |     - android_and_pc_registrations: 21 itens
2026-08-06 08:03:25 | INFO    |     - antigravity: 1 itens
2026-08-06 08:03:25 | INFO    |     - career: 1 itens
2026-08-06 08:03:25 | INFO    |     - delika: 1 itens
2026-08-06 08:03:25 | INFO    |     - design: 1 itens
2026-08-06 08:03:25 | INFO    |     - dev: 1 itens
2026-08-06 08:03:25 | INFO    |     - Drive Principal: 72 itens
2026-08-06 08:03:25 | INFO    |     - Drive Trabalho: 8 itens
2026-08-06 08:03:25 | INFO    |     - drive_docs: 21 itens
2026-08-06 08:03:25 | INFO    |     - drive_shared_files: 10 itens
2026-08-06 08:03:25 | INFO    |     - education: 1 itens
2026-08-06 08:03:25 | INFO    |     - family: 1 itens
2026-08-06 08:03:25 | INFO    |     - github_repos: 2 itens
2026-08-06 08:03:25 | INFO    |     - Gmail Principal: 80 itens
2026-08-06 08:03:25 | INFO    |     - Gmail Trabalho: 32 itens
2026-08-06 08:03:25 | INFO    |     - gmail_linked_accounts: 11 itens
2026-08-06 08:03:25 | INFO    |     - gmail_notifications: 16 itens
2026-08-06 08:03:25 | INFO    |     - google_docs: 36 itens
2026-08-06 08:03:25 | INFO    |     - hardware: 2 itens
2026-08-06 08:03:25 | INFO    |     - jubileu: 4 itens
2026-08-06 08:03:25 | INFO    |     - mary_kay: 1 itens
2026-08-06 08:03:25 | INFO    |     - neon_orbit: 1 itens
2026-08-06 08:03:25 | INFO    |     - onedrive: 1 itens
2026-08-06 08:03:25 | INFO    |     - personal: 2 itens
2026-08-06 08:03:25 | INFO    |     - reddit_godot: 1 itens
2026-08-06 08:03:25 | INFO    |     - router: 1 itens
2026-08-06 08:03:25 | INFO    |     - security: 1 itens
2026-08-06 08:03:25 | INFO    |     - sparkhub: 1 itens
2026-08-06 08:03:25 | INFO    |     - storage_parser: 1 itens
2026-08-06 08:03:25 | INFO    |     - sync_audit: 24 itens
2026-08-06 08:03:25 | INFO    |     - system_status: 13 itens
2026-08-06 08:03:25 | INFO    |     - terabox: 1 itens
2026-08-06 08:03:25 | INFO    |     - tiktok_shop: 1 itens
2026-08-06 08:03:25 | INFO    |     - web_research_insights: 62 itens
2026-08-06 08:03:26 | INFO    | [MemPalace] Gravado: Asa=Email | Sala=gmail:Principal:19fafb8d8f93408b
2026-08-06 08:03:26 | INFO    |     De: Elis no TikTok <notification@service.tiktok.com> Assunto: Elis acabou de enviar uma mensagem para você Data: Wed, 29 Jul 2026 21:12:34 +0000 Korwo...

2026-08-06 08:03:26 | INFO    | [MEMPALACE] Resumo completo de agrupamento (Total: 513):
2026-08-06 08:03:26 | INFO    |     - 3d: 1 itens
2026-08-06 08:03:26 | INFO    |     - Diretorios: 4 itens
2026-08-06 08:03:26 | INFO    |     - Edicao: 1 itens
2026-08-06 08:03:26 | INFO    |     - Fisica: 1 itens
2026-08-06 08:03:26 | INFO    |     - MCP: 1 itens
2026-08-06 08:03:26 | INFO    |     - RH: 8 itens
2026-08-06 08:03:26 | INFO    |     - SalaComum: 9 itens
2026-08-06 08:03:26 | INFO    |     - TestRoom: 5 itens
2026-08-06 08:03:26 | INFO    |     - Validacao: 1 itens
2026-08-06 08:03:26 | INFO    |     - Windows_MCP: 7 itens
2026-08-06 08:03:26 | INFO    |     - accounts_contacts: 2 itens
2026-08-06 08:03:26 | INFO    |     - agent_tasks: 26 itens
2026-08-06 08:03:26 | INFO    |     - alerts: 13 itens
2026-08-06 08:03:26 | INFO    |     - android_and_pc_registrations: 21 itens
2026-08-06 08:03:26 | INFO    |     - antigravity: 1 itens
2026-08-06 08:03:26 | INFO    |     - career: 1 itens
2026-08-06 08:03:26 | INFO    |     - delika: 1 itens
2026-08-06 08:03:26 | INFO    |     - design: 1 itens
2026-08-06 08:03:26 | INFO    |     - dev: 1 itens
2026-08-06 08:03:26 | INFO    |     - Drive Principal: 72 itens
2026-08-06 08:03:26 | INFO    |     - Drive Trabalho: 8 itens
2026-08-06 08:03:26 | INFO    |     - drive_docs: 21 itens
2026-08-06 08:03:26 | INFO    |     - drive_shared_files: 10 itens
2026-08-06 08:03:26 | INFO    |     - education: 1 itens
2026-08-06 08:03:26 | INFO    |     - family: 1 itens
2026-08-06 08:03:26 | INFO    |     - github_repos: 2 itens
2026-08-06 08:03:26 | INFO    |     - Gmail Principal: 81 itens
2026-08-06 08:03:26 | INFO    |     - Gmail Trabalho: 32 itens
2026-08-06 08:03:26 | INFO    |     - gmail_linked_accounts: 11 itens
2026-08-06 08:03:26 | INFO    |     - gmail_notifications: 16 itens
2026-08-06 08:03:26 | INFO    |     - google_docs: 36 itens
2026-08-06 08:03:26 | INFO    |     - hardware: 2 itens
2026-08-06 08:03:26 | INFO    |     - jubileu: 4 itens
2026-08-06 08:03:26 | INFO    |     - mary_kay: 1 itens
2026-08-06 08:03:26 | INFO    |     - neon_orbit: 1 itens
2026-08-06 08:03:26 | INFO    |     - onedrive: 1 itens
2026-08-06 08:03:26 | INFO    |     - personal: 2 itens
2026-08-06 08:03:26 | INFO    |     - reddit_godot: 1 itens
2026-08-06 08:03:26 | INFO    |     - router: 1 itens
2026-08-06 08:03:26 | INFO    |     - security: 1 itens
2026-08-06 08:03:26 | INFO    |     - sparkhub: 1 itens
2026-08-06 08:03:26 | INFO    |     - storage_parser: 1 itens
2026-08-06 08:03:26 | INFO    |     - sync_audit: 24 itens
2026-08-06 08:03:26 | INFO    |     - system_status: 13 itens
2026-08-06 08:03:26 | INFO    |     - terabox: 1 itens
2026-08-06 08:03:26 | INFO    |     - tiktok_shop: 1 itens
2026-08-06 08:03:26 | INFO    |     - web_research_insights: 62 itens
2026-08-06 08:03:26 | INFO    | [MemPalace] Gravado: Asa=Documento | Sala=drive:Principal:1U-b5WfeAz5YYG5eILrjFsjAKrkjShoqWoCsi2kf3Ztg
2026-08-06 08:03:26 | INFO    |     Documento: Mapeamento_Tecnologias_e_Arquiteturas_SparkHub.md

﻿📑 Relatório Mestre de Mapeamento Tecnológico & Arquiteturas Compatíveis — SparkHub v3.0...

2026-08-06 08:03:27 | INFO    | [MemPalace] Gravado: Asa=Email | Sala=gmail:Principal:19fae5a1000c0e97
2026-08-06 08:03:27 | INFO    |     De: Laura l Alura <contato@alura.com.br> Assunto: 🕷️🎬 [Último dia] Garanta seu par de ingressos + até 38% OFF Data: Wed, 29 Jul 2026 11:48:56 -0300 Se...

2026-08-06 08:03:27 | INFO    | [MEMPALACE] Resumo completo de agrupamento (Total: 515):
2026-08-06 08:03:27 | INFO    |     - 3d: 1 itens
2026-08-06 08:03:27 | INFO    |     - Diretorios: 4 itens
2026-08-06 08:03:27 | INFO    |     - Edicao: 1 itens
2026-08-06 08:03:27 | INFO    |     - Fisica: 1 itens
2026-08-06 08:03:27 | INFO    |     - MCP: 1 itens
2026-08-06 08:03:27 | INFO    |     - RH: 8 itens
2026-08-06 08:03:27 | INFO    |     - SalaComum: 9 itens
2026-08-06 08:03:27 | INFO    |     - TestRoom: 5 itens
2026-08-06 08:03:27 | INFO    |     - Validacao: 1 itens
2026-08-06 08:03:27 | INFO    |     - Windows_MCP: 7 itens
2026-08-06 08:03:27 | INFO    |     - accounts_contacts: 2 itens
2026-08-06 08:03:27 | INFO    |     - agent_tasks: 26 itens
2026-08-06 08:03:27 | INFO    |     - alerts: 13 itens
2026-08-06 08:03:27 | INFO    |     - android_and_pc_registrations: 21 itens
2026-08-06 08:03:27 | INFO    |     - antigravity: 1 itens
2026-08-06 08:03:27 | INFO    |     - career: 1 itens
2026-08-06 08:03:27 | INFO    |     - delika: 1 itens
2026-08-06 08:03:27 | INFO    |     - design: 1 itens
2026-08-06 08:03:27 | INFO    |     - dev: 1 itens
2026-08-06 08:03:27 | INFO    |     - Drive Principal: 73 itens
2026-08-06 08:03:27 | INFO    |     - Drive Trabalho: 8 itens
2026-08-06 08:03:27 | INFO    |     - drive_docs: 21 itens
2026-08-06 08:03:27 | INFO    |     - drive_shared_files: 10 itens
2026-08-06 08:03:27 | INFO    |     - education: 1 itens
2026-08-06 08:03:27 | INFO    |     - family: 1 itens
2026-08-06 08:03:27 | INFO    |     - github_repos: 2 itens
2026-08-06 08:03:27 | INFO    |     - Gmail Principal: 82 itens
2026-08-06 08:03:27 | INFO    |     - Gmail Trabalho: 32 itens
2026-08-06 08:03:27 | INFO    |     - gmail_linked_accounts: 11 itens
2026-08-06 08:03:27 | INFO    |     - gmail_notifications: 16 itens
2026-08-06 08:03:27 | INFO    |     - google_docs: 36 itens
2026-08-06 08:03:27 | INFO    |     - hardware: 2 itens
2026-08-06 08:03:27 | INFO    |     - jubileu: 4 itens
2026-08-06 08:03:27 | INFO    |     - mary_kay: 1 itens
2026-08-06 08:03:27 | INFO    |     - neon_orbit: 1 itens
2026-08-06 08:03:27 | INFO    |     - onedrive: 1 itens
2026-08-06 08:03:27 | INFO    |     - personal: 2 itens
2026-08-06 08:03:27 | INFO    |     - reddit_godot: 1 itens
2026-08-06 08:03:27 | INFO    |     - router: 1 itens
2026-08-06 08:03:27 | INFO    |     - security: 1 itens
2026-08-06 08:03:27 | INFO    |     - sparkhub: 1 itens
2026-08-06 08:03:27 | INFO    |     - storage_parser: 1 itens
2026-08-06 08:03:27 | INFO    |     - sync_audit: 24 itens
2026-08-06 08:03:27 | INFO    |     - system_status: 13 itens
2026-08-06 08:03:27 | INFO    |     - terabox: 1 itens
2026-08-06 08:03:27 | INFO    |     - tiktok_shop: 1 itens
2026-08-06 08:03:27 | INFO    |     - web_research_insights: 62 itens
2026-08-06 08:03:28 | INFO    | [MemPalace] Gravado: Asa=Documento | Sala=drive:Principal:1_HJSTlit2YFVWtP4dmiLpWaz8nIOk9Isx5DpP14RxGw
2026-08-06 08:03:28 | INFO    |     Documento: Coletor_Multicanal_Proativo_MemPalace_SparkHub.md

﻿📡 Plano Mestre: Coletor Proativo Multicanal (PC Local + Google Workspace + Mídias Socia...

2026-08-06 08:03:28 | INFO    | [MemPalace] Gravado: Asa=Email | Sala=gmail:Principal:19fae4359eb024af
2026-08-06 08:03:28 | INFO    |     De: recuperacoes@santander.com.br Assunto: Seu FGTS pode ajudar voc� no Novo Desenrola Brasil. Data: Wed, 29 Jul 2026 11:24:24 -0300 (BRT) Seu FGTS po...

2026-08-06 08:03:29 | INFO    | [MEMPALACE] Resumo completo de agrupamento (Total: 517):
2026-08-06 08:03:29 | INFO    |     - 3d: 1 itens
2026-08-06 08:03:29 | INFO    |     - Diretorios: 4 itens
2026-08-06 08:03:29 | INFO    |     - Edicao: 1 itens
2026-08-06 08:03:29 | INFO    |     - Fisica: 1 itens
2026-08-06 08:03:29 | INFO    |     - MCP: 1 itens
2026-08-06 08:03:29 | INFO    |     - RH: 8 itens
2026-08-06 08:03:29 | INFO    |     - SalaComum: 9 itens
2026-08-06 08:03:29 | INFO    |     - TestRoom: 5 itens
2026-08-06 08:03:29 | INFO    |     - Validacao: 1 itens
2026-08-06 08:03:29 | INFO    |     - Windows_MCP: 7 itens
2026-08-06 08:03:29 | INFO    |     - accounts_contacts: 2 itens
2026-08-06 08:03:29 | INFO    |     - agent_tasks: 26 itens
2026-08-06 08:03:29 | INFO    |     - alerts: 13 itens
2026-08-06 08:03:29 | INFO    |     - android_and_pc_registrations: 21 itens
2026-08-06 08:03:29 | INFO    |     - antigravity: 1 itens
2026-08-06 08:03:29 | INFO    |     - career: 1 itens
2026-08-06 08:03:29 | INFO    |     - delika: 1 itens
2026-08-06 08:03:29 | INFO    |     - design: 1 itens
2026-08-06 08:03:29 | INFO    |     - dev: 1 itens
2026-08-06 08:03:29 | INFO    |     - Drive Principal: 74 itens
2026-08-06 08:03:29 | INFO    |     - Drive Trabalho: 8 itens
2026-08-06 08:03:29 | INFO    |     - drive_docs: 21 itens
2026-08-06 08:03:29 | INFO    |     - drive_shared_files: 10 itens
2026-08-06 08:03:29 | INFO    |     - education: 1 itens
2026-08-06 08:03:29 | INFO    |     - family: 1 itens
2026-08-06 08:03:29 | INFO    |     - github_repos: 2 itens
2026-08-06 08:03:29 | INFO    |     - Gmail Principal: 83 itens
2026-08-06 08:03:29 | INFO    |     - Gmail Trabalho: 32 itens
2026-08-06 08:03:29 | INFO    |     - gmail_linked_accounts: 11 itens
2026-08-06 08:03:29 | INFO    |     - gmail_notifications: 16 itens
2026-08-06 08:03:29 | INFO    |     - google_docs: 36 itens
2026-08-06 08:03:29 | INFO    |     - hardware: 2 itens
2026-08-06 08:03:29 | INFO    |     - jubileu: 4 itens
2026-08-06 08:03:29 | INFO    |     - mary_kay: 1 itens
2026-08-06 08:03:29 | INFO    |     - neon_orbit: 1 itens
2026-08-06 08:03:29 | INFO    |     - onedrive: 1 itens
2026-08-06 08:03:29 | INFO    |     - personal: 2 itens
2026-08-06 08:03:29 | INFO    |     - reddit_godot: 1 itens
2026-08-06 08:03:29 | INFO    |     - router: 1 itens
2026-08-06 08:03:29 | INFO    |     - security: 1 itens
2026-08-06 08:03:29 | INFO    |     - sparkhub: 1 itens
2026-08-06 08:03:29 | INFO    |     - storage_parser: 1 itens
2026-08-06 08:03:29 | INFO    |     - sync_audit: 24 itens
2026-08-06 08:03:29 | INFO    |     - system_status: 13 itens
2026-08-06 08:03:29 | INFO    |     - terabox: 1 itens
2026-08-06 08:03:29 | INFO    |     - tiktok_shop: 1 itens
2026-08-06 08:03:29 | INFO    |     - web_research_insights: 62 itens
2026-08-06 08:03:30 | INFO    | [MemPalace] Gravado: Asa=Email | Sala=gmail:Principal:19faa8a48b17c26c
2026-08-06 08:03:30 | INFO    |     De: Robson Costas no TikTok <notification@service.tiktok.com> Assunto: Robson Costas enviou uma mensagem para você Data: Tue, 28 Jul 2026 21:03:36 +00...

2026-08-06 08:03:31 | INFO    | [ROTEADOR] Tool Call Interceptado: search_gmail {'query': 'Alexandre esposa'}
2026-08-06 08:03:31 | INFO    | [MemPalace] Gravado: Asa=Documento | Sala=drive:Principal:1FyUxdrb4oDmWw-yk16gVA_TVclNQfpZhQGcPxdnCSg4
2026-08-06 08:03:31 | INFO    |     Documento: Ingestao_Proativa_MemPalace_SparkHub.md

﻿🗄️ Ingestão Proativa do MemPalace (mempalace.db) — SparkHub v3.0 Documento de Ingestão e Povoamen...

2026-08-06 08:03:31 | INFO    | [MEMPALACE] Resumo completo de agrupamento (Total: 519):
2026-08-06 08:03:31 | INFO    |     - 3d: 1 itens
2026-08-06 08:03:31 | INFO    |     - Diretorios: 4 itens
2026-08-06 08:03:31 | INFO    |     - Edicao: 1 itens
2026-08-06 08:03:31 | INFO    |     - Fisica: 1 itens
2026-08-06 08:03:31 | INFO    |     - MCP: 1 itens
2026-08-06 08:03:31 | INFO    |     - RH: 8 itens
2026-08-06 08:03:31 | INFO    |     - SalaComum: 9 itens
2026-08-06 08:03:31 | INFO    |     - TestRoom: 5 itens
2026-08-06 08:03:31 | INFO    |     - Validacao: 1 itens
2026-08-06 08:03:31 | INFO    |     - Windows_MCP: 7 itens
2026-08-06 08:03:31 | INFO    |     - accounts_contacts: 2 itens
2026-08-06 08:03:31 | INFO    |     - agent_tasks: 26 itens
2026-08-06 08:03:31 | INFO    |     - alerts: 13 itens
2026-08-06 08:03:31 | INFO    |     - android_and_pc_registrations: 21 itens
2026-08-06 08:03:31 | INFO    |     - antigravity: 1 itens
2026-08-06 08:03:31 | INFO    |     - career: 1 itens
2026-08-06 08:03:31 | INFO    |     - delika: 1 itens
2026-08-06 08:03:31 | INFO    |     - design: 1 itens
2026-08-06 08:03:31 | INFO    |     - dev: 1 itens
2026-08-06 08:03:31 | INFO    |     - Drive Principal: 75 itens
2026-08-06 08:03:31 | INFO    |     - Drive Trabalho: 8 itens
2026-08-06 08:03:31 | INFO    |     - drive_docs: 21 itens
2026-08-06 08:03:31 | INFO    |     - drive_shared_files: 10 itens
2026-08-06 08:03:31 | INFO    |     - education: 1 itens
2026-08-06 08:03:31 | INFO    |     - family: 1 itens
2026-08-06 08:03:31 | INFO    |     - github_repos: 2 itens
2026-08-06 08:03:31 | INFO    |     - Gmail Principal: 84 itens
2026-08-06 08:03:31 | INFO    |     - Gmail Trabalho: 32 itens
2026-08-06 08:03:31 | INFO    |     - gmail_linked_accounts: 11 itens
2026-08-06 08:03:31 | INFO    |     - gmail_notifications: 16 itens
2026-08-06 08:03:31 | INFO    |     - google_docs: 36 itens
2026-08-06 08:03:31 | INFO    |     - hardware: 2 itens
2026-08-06 08:03:31 | INFO    |     - jubileu: 4 itens
2026-08-06 08:03:31 | INFO    |     - mary_kay: 1 itens
2026-08-06 08:03:31 | INFO    |     - neon_orbit: 1 itens
2026-08-06 08:03:31 | INFO    |     - onedrive: 1 itens
2026-08-06 08:03:31 | INFO    |     - personal: 2 itens
2026-08-06 08:03:31 | INFO    |     - reddit_godot: 1 itens
2026-08-06 08:03:31 | INFO    |     - router: 1 itens
2026-08-06 08:03:31 | INFO    |     - security: 1 itens
2026-08-06 08:03:31 | INFO    |     - sparkhub: 1 itens
2026-08-06 08:03:31 | INFO    |     - storage_parser: 1 itens
2026-08-06 08:03:31 | INFO    |     - sync_audit: 24 itens
2026-08-06 08:03:31 | INFO    |     - system_status: 13 itens
2026-08-06 08:03:31 | INFO    |     - terabox: 1 itens
2026-08-06 08:03:31 | INFO    |     - tiktok_shop: 1 itens
2026-08-06 08:03:31 | INFO    |     - web_research_insights: 62 itens
2026-08-06 08:03:31 | INFO    | [MemPalace] Gravado: Asa=Email | Sala=gmail:Principal:19fa9f3743ec2754
2026-08-06 08:03:31 | INFO    |     De: recuperacoes@santander.com.br Assunto: Desenrola Brasil: entenda como negociar sua divida. Data: Tue, 28 Jul 2026 15:18:24 -0300 (BRT) Até 90% de ...

2026-08-06 08:03:33 | INFO    | [MemPalace] Gravado: Asa=Email | Sala=gmail:Principal:19fa9cb1d721a71a
2026-08-06 08:03:33 | INFO    |     De: Internet Archive <info@archive.org> Assunto: Join Us In-Person or Online For a Book Talk: Porcelain Rage Data: Tue, 28 Jul 2026 17:33:48 +0000 htt...

2026-08-06 08:03:33 | INFO    | [MEMPALACE] Resumo completo de agrupamento (Total: 521):
2026-08-06 08:03:33 | INFO    |     - 3d: 1 itens
2026-08-06 08:03:33 | INFO    |     - Diretorios: 4 itens
2026-08-06 08:03:33 | INFO    |     - Edicao: 1 itens
2026-08-06 08:03:33 | INFO    |     - Fisica: 1 itens
2026-08-06 08:03:33 | INFO    |     - MCP: 1 itens
2026-08-06 08:03:33 | INFO    |     - RH: 8 itens
2026-08-06 08:03:33 | INFO    |     - SalaComum: 9 itens
2026-08-06 08:03:33 | INFO    |     - TestRoom: 5 itens
2026-08-06 08:03:33 | INFO    |     - Validacao: 1 itens
2026-08-06 08:03:33 | INFO    |     - Windows_MCP: 7 itens
2026-08-06 08:03:33 | INFO    |     - accounts_contacts: 2 itens
2026-08-06 08:03:33 | INFO    |     - agent_tasks: 26 itens
2026-08-06 08:03:33 | INFO    |     - alerts: 13 itens
2026-08-06 08:03:33 | INFO    |     - android_and_pc_registrations: 21 itens
2026-08-06 08:03:33 | INFO    |     - antigravity: 1 itens
2026-08-06 08:03:33 | INFO    |     - career: 1 itens
2026-08-06 08:03:33 | INFO    |     - delika: 1 itens
2026-08-06 08:03:33 | INFO    |     - design: 1 itens
2026-08-06 08:03:33 | INFO    |     - dev: 1 itens
2026-08-06 08:03:33 | INFO    |     - Drive Principal: 75 itens
2026-08-06 08:03:33 | INFO    |     - Drive Trabalho: 8 itens
2026-08-06 08:03:33 | INFO    |     - drive_docs: 21 itens
2026-08-06 08:03:33 | INFO    |     - drive_shared_files: 10 itens
2026-08-06 08:03:33 | INFO    |     - education: 1 itens
2026-08-06 08:03:33 | INFO    |     - family: 1 itens
2026-08-06 08:03:33 | INFO    |     - github_repos: 2 itens
2026-08-06 08:03:33 | INFO    |     - Gmail Principal: 86 itens
2026-08-06 08:03:33 | INFO    |     - Gmail Trabalho: 32 itens
2026-08-06 08:03:33 | INFO    |     - gmail_linked_accounts: 11 itens
2026-08-06 08:03:33 | INFO    |     - gmail_notifications: 16 itens
2026-08-06 08:03:33 | INFO    |     - google_docs: 36 itens
2026-08-06 08:03:33 | INFO    |     - hardware: 2 itens
2026-08-06 08:03:33 | INFO    |     - jubileu: 4 itens
2026-08-06 08:03:33 | INFO    |     - mary_kay: 1 itens
2026-08-06 08:03:33 | INFO    |     - neon_orbit: 1 itens
2026-08-06 08:03:33 | INFO    |     - onedrive: 1 itens
2026-08-06 08:03:33 | INFO    |     - personal: 2 itens
2026-08-06 08:03:33 | INFO    |     - reddit_godot: 1 itens
2026-08-06 08:03:33 | INFO    |     - router: 1 itens
2026-08-06 08:03:33 | INFO    |     - security: 1 itens
2026-08-06 08:03:33 | INFO    |     - sparkhub: 1 itens
2026-08-06 08:03:33 | INFO    |     - storage_parser: 1 itens
2026-08-06 08:03:33 | INFO    |     - sync_audit: 24 itens
2026-08-06 08:03:33 | INFO    |     - system_status: 13 itens
2026-08-06 08:03:33 | INFO    |     - terabox: 1 itens
2026-08-06 08:03:33 | INFO    |     - tiktok_shop: 1 itens
2026-08-06 08:03:33 | INFO    |     - web_research_insights: 62 itens
2026-08-06 08:03:33 | INFO    | [MemPalace] Gravado: Asa=Documento | Sala=drive:Principal:1We9Z6zQQVwgWnGUbIlQt2GrUhidKUFmdwXYTo95QyU0
2026-08-06 08:03:33 | INFO    |     Documento: Aprimoramento_Decodificacao_Especulativa_SparkHub.md

﻿⚡ Aprimoramento 1: Decodificação Especulativa (Speculative Decoding) no SparkHub v3....

2026-08-06 08:03:34 | INFO    | [MemPalace] Gravado: Asa=Email | Sala=gmail:Principal:19fa8c2097525e1d
2026-08-06 08:03:34 | INFO    |     De: Steve Ogden Art <steveogdenart@creator.patreon.com> Assunto: Does anything ever happen here? Data: Tue, 28 Jul 2026 12:45:15 +0000 Does anything e...

2026-08-06 08:03:34 | INFO    | 
=== Gmail [Trabalho] ===
2026-08-06 08:03:35 | INFO    | [MEMPALACE] Resumo completo de agrupamento (Total: 523):
2026-08-06 08:03:35 | INFO    |     - 3d: 1 itens
2026-08-06 08:03:35 | INFO    |     - Diretorios: 4 itens
2026-08-06 08:03:35 | INFO    |     - Edicao: 1 itens
2026-08-06 08:03:35 | INFO    |     - Fisica: 1 itens
2026-08-06 08:03:35 | INFO    |     - MCP: 1 itens
2026-08-06 08:03:35 | INFO    |     - RH: 8 itens
2026-08-06 08:03:35 | INFO    |     - SalaComum: 9 itens
2026-08-06 08:03:35 | INFO    |     - TestRoom: 5 itens
2026-08-06 08:03:35 | INFO    |     - Validacao: 1 itens
2026-08-06 08:03:35 | INFO    |     - Windows_MCP: 7 itens
2026-08-06 08:03:35 | INFO    |     - accounts_contacts: 2 itens
2026-08-06 08:03:35 | INFO    |     - agent_tasks: 26 itens
2026-08-06 08:03:35 | INFO    |     - alerts: 13 itens
2026-08-06 08:03:35 | INFO    |     - android_and_pc_registrations: 21 itens
2026-08-06 08:03:35 | INFO    |     - antigravity: 1 itens
2026-08-06 08:03:35 | INFO    |     - career: 1 itens
2026-08-06 08:03:35 | INFO    |     - delika: 1 itens
2026-08-06 08:03:35 | INFO    |     - design: 1 itens
2026-08-06 08:03:35 | INFO    |     - dev: 1 itens
2026-08-06 08:03:35 | INFO    |     - Drive Principal: 76 itens
2026-08-06 08:03:35 | INFO    |     - Drive Trabalho: 8 itens
2026-08-06 08:03:35 | INFO    |     - drive_docs: 21 itens
2026-08-06 08:03:35 | INFO    |     - drive_shared_files: 10 itens
2026-08-06 08:03:35 | INFO    |     - education: 1 itens
2026-08-06 08:03:35 | INFO    |     - family: 1 itens
2026-08-06 08:03:35 | INFO    |     - github_repos: 2 itens
2026-08-06 08:03:35 | INFO    |     - Gmail Principal: 87 itens
2026-08-06 08:03:35 | INFO    |     - Gmail Trabalho: 32 itens
2026-08-06 08:03:35 | INFO    |     - gmail_linked_accounts: 11 itens
2026-08-06 08:03:35 | INFO    |     - gmail_notifications: 16 itens
2026-08-06 08:03:35 | INFO    |     - google_docs: 36 itens
2026-08-06 08:03:35 | INFO    |     - hardware: 2 itens
2026-08-06 08:03:35 | INFO    |     - jubileu: 4 itens
2026-08-06 08:03:35 | INFO    |     - mary_kay: 1 itens
2026-08-06 08:03:35 | INFO    |     - neon_orbit: 1 itens
2026-08-06 08:03:35 | INFO    |     - onedrive: 1 itens
2026-08-06 08:03:35 | INFO    |     - personal: 2 itens
2026-08-06 08:03:35 | INFO    |     - reddit_godot: 1 itens
2026-08-06 08:03:35 | INFO    |     - router: 1 itens
2026-08-06 08:03:35 | INFO    |     - security: 1 itens
2026-08-06 08:03:35 | INFO    |     - sparkhub: 1 itens
2026-08-06 08:03:35 | INFO    |     - storage_parser: 1 itens
2026-08-06 08:03:35 | INFO    |     - sync_audit: 24 itens
2026-08-06 08:03:35 | INFO    |     - system_status: 13 itens
2026-08-06 08:03:35 | INFO    |     - terabox: 1 itens
2026-08-06 08:03:35 | INFO    |     - tiktok_shop: 1 itens
2026-08-06 08:03:35 | INFO    |     - web_research_insights: 62 itens
2026-08-06 08:03:36 | INFO    | [MemPalace] Gravado: Asa=Documento | Sala=drive:Principal:19Sy2SFI03j58RWEOSH4lOPMfm94XY3A9_Uu5nmzbdrg
2026-08-06 08:03:36 | INFO    |     Documento: Plano_Taxonomia_Requisicoes_e_Fontes_SparkHub.md

﻿📑 Plano Mestre: Taxonomia de Requisições & Fontes de Resposta — SparkHub v3.0 Documento ...

2026-08-06 08:03:37 | INFO    | [MemPalace] Gravado: Asa=Email | Sala=gmail:Trabalho:19fd6b1e1baeb437
2026-08-06 08:03:37 | INFO    |     De: "Condições Oficiais – Claro com Acordo Certo" <contato@cp.acordocerto.com.br> Assunto: Tem um registro importante no seu nome Data: Thu, 6 Aug 202...

2026-08-06 08:03:37 | INFO    | [MEMPALACE] Resumo completo de agrupamento (Total: 525):
2026-08-06 08:03:37 | INFO    |     - 3d: 1 itens
2026-08-06 08:03:37 | INFO    |     - Diretorios: 4 itens
2026-08-06 08:03:37 | INFO    |     - Edicao: 1 itens
2026-08-06 08:03:37 | INFO    |     - Fisica: 1 itens
2026-08-06 08:03:37 | INFO    |     - MCP: 1 itens
2026-08-06 08:03:37 | INFO    |     - RH: 8 itens
2026-08-06 08:03:37 | INFO    |     - SalaComum: 9 itens
2026-08-06 08:03:37 | INFO    |     - TestRoom: 5 itens
2026-08-06 08:03:37 | INFO    |     - Validacao: 1 itens
2026-08-06 08:03:37 | INFO    |     - Windows_MCP: 7 itens
2026-08-06 08:03:37 | INFO    |     - accounts_contacts: 2 itens
2026-08-06 08:03:37 | INFO    |     - agent_tasks: 26 itens
2026-08-06 08:03:37 | INFO    |     - alerts: 13 itens
2026-08-06 08:03:37 | INFO    |     - android_and_pc_registrations: 21 itens
2026-08-06 08:03:37 | INFO    |     - antigravity: 1 itens
2026-08-06 08:03:37 | INFO    |     - career: 1 itens
2026-08-06 08:03:37 | INFO    |     - delika: 1 itens
2026-08-06 08:03:37 | INFO    |     - design: 1 itens
2026-08-06 08:03:37 | INFO    |     - dev: 1 itens
2026-08-06 08:03:37 | INFO    |     - Drive Principal: 77 itens
2026-08-06 08:03:37 | INFO    |     - Drive Trabalho: 8 itens
2026-08-06 08:03:37 | INFO    |     - drive_docs: 21 itens
2026-08-06 08:03:37 | INFO    |     - drive_shared_files: 10 itens
2026-08-06 08:03:37 | INFO    |     - education: 1 itens
2026-08-06 08:03:37 | INFO    |     - family: 1 itens
2026-08-06 08:03:37 | INFO    |     - github_repos: 2 itens
2026-08-06 08:03:37 | INFO    |     - Gmail Principal: 87 itens
2026-08-06 08:03:37 | INFO    |     - Gmail Trabalho: 33 itens
2026-08-06 08:03:37 | INFO    |     - gmail_linked_accounts: 11 itens
2026-08-06 08:03:37 | INFO    |     - gmail_notifications: 16 itens
2026-08-06 08:03:37 | INFO    |     - google_docs: 36 itens
2026-08-06 08:03:37 | INFO    |     - hardware: 2 itens
2026-08-06 08:03:37 | INFO    |     - jubileu: 4 itens
2026-08-06 08:03:37 | INFO    |     - mary_kay: 1 itens
2026-08-06 08:03:37 | INFO    |     - neon_orbit: 1 itens
2026-08-06 08:03:37 | INFO    |     - onedrive: 1 itens
2026-08-06 08:03:37 | INFO    |     - personal: 2 itens
2026-08-06 08:03:37 | INFO    |     - reddit_godot: 1 itens
2026-08-06 08:03:37 | INFO    |     - router: 1 itens
2026-08-06 08:03:37 | INFO    |     - security: 1 itens
2026-08-06 08:03:37 | INFO    |     - sparkhub: 1 itens
2026-08-06 08:03:37 | INFO    |     - storage_parser: 1 itens
2026-08-06 08:03:37 | INFO    |     - sync_audit: 24 itens
2026-08-06 08:03:37 | INFO    |     - system_status: 13 itens
2026-08-06 08:03:37 | INFO    |     - terabox: 1 itens
2026-08-06 08:03:37 | INFO    |     - tiktok_shop: 1 itens
2026-08-06 08:03:37 | INFO    |     - web_research_insights: 62 itens
2026-08-06 08:03:38 | INFO    | [MemPalace] Gravado: Asa=Documento | Sala=drive:Principal:1pJ_29Gommw53T5vSHyEQQvSLbvGcRoBBqOhiKgs3_cM
2026-08-06 08:03:38 | INFO    |     Documento: Plano_WhatsApp_Conversacional_Input_Output.md

﻿📑 Plano Mestre: WhatsApp Conversacional Bidirecional (Input & Output) — SparkHub v3.0 Docum...

2026-08-06 08:03:38 | INFO    | [MemPalace] Gravado: Asa=Email | Sala=gmail:Trabalho:19fd65e76a63cff4
2026-08-06 08:03:38 | INFO    |     De: "Start Seu Dia — StartSe" <relacionamento@mail1.startse.com> Assunto: Como fugir de hype ao implementar IA Data: Thu, 6 Aug 2026 06:18:58 -0300 Fl...

2026-08-06 08:03:39 | INFO    | [MEMPALACE] Resumo completo de agrupamento (Total: 527):
2026-08-06 08:03:39 | INFO    |     - 3d: 1 itens
2026-08-06 08:03:39 | INFO    |     - Diretorios: 4 itens
2026-08-06 08:03:39 | INFO    |     - Edicao: 1 itens
2026-08-06 08:03:39 | INFO    |     - Fisica: 1 itens
2026-08-06 08:03:39 | INFO    |     - MCP: 1 itens
2026-08-06 08:03:39 | INFO    |     - RH: 8 itens
2026-08-06 08:03:39 | INFO    |     - SalaComum: 9 itens
2026-08-06 08:03:39 | INFO    |     - TestRoom: 5 itens
2026-08-06 08:03:39 | INFO    |     - Validacao: 1 itens
2026-08-06 08:03:39 | INFO    |     - Windows_MCP: 7 itens
2026-08-06 08:03:39 | INFO    |     - accounts_contacts: 2 itens
2026-08-06 08:03:39 | INFO    |     - agent_tasks: 26 itens
2026-08-06 08:03:39 | INFO    |     - alerts: 13 itens
2026-08-06 08:03:39 | INFO    |     - android_and_pc_registrations: 21 itens
2026-08-06 08:03:39 | INFO    |     - antigravity: 1 itens
2026-08-06 08:03:39 | INFO    |     - career: 1 itens
2026-08-06 08:03:39 | INFO    |     - delika: 1 itens
2026-08-06 08:03:39 | INFO    |     - design: 1 itens
2026-08-06 08:03:39 | INFO    |     - dev: 1 itens
2026-08-06 08:03:39 | INFO    |     - Drive Principal: 78 itens
2026-08-06 08:03:39 | INFO    |     - Drive Trabalho: 8 itens
2026-08-06 08:03:39 | INFO    |     - drive_docs: 21 itens
2026-08-06 08:03:39 | INFO    |     - drive_shared_files: 10 itens
2026-08-06 08:03:39 | INFO    |     - education: 1 itens
2026-08-06 08:03:39 | INFO    |     - family: 1 itens
2026-08-06 08:03:39 | INFO    |     - github_repos: 2 itens
2026-08-06 08:03:39 | INFO    |     - Gmail Principal: 87 itens
2026-08-06 08:03:39 | INFO    |     - Gmail Trabalho: 34 itens
2026-08-06 08:03:39 | INFO    |     - gmail_linked_accounts: 11 itens
2026-08-06 08:03:39 | INFO    |     - gmail_notifications: 16 itens
2026-08-06 08:03:39 | INFO    |     - google_docs: 36 itens
2026-08-06 08:03:39 | INFO    |     - hardware: 2 itens
2026-08-06 08:03:39 | INFO    |     - jubileu: 4 itens
2026-08-06 08:03:39 | INFO    |     - mary_kay: 1 itens
2026-08-06 08:03:39 | INFO    |     - neon_orbit: 1 itens
2026-08-06 08:03:39 | INFO    |     - onedrive: 1 itens
2026-08-06 08:03:39 | INFO    |     - personal: 2 itens
2026-08-06 08:03:39 | INFO    |     - reddit_godot: 1 itens
2026-08-06 08:03:39 | INFO    |     - router: 1 itens
2026-08-06 08:03:39 | INFO    |     - security: 1 itens
2026-08-06 08:03:39 | INFO    |     - sparkhub: 1 itens
2026-08-06 08:03:39 | INFO    |     - storage_parser: 1 itens
2026-08-06 08:03:39 | INFO    |     - sync_audit: 24 itens
2026-08-06 08:03:39 | INFO    |     - system_status: 13 itens
2026-08-06 08:03:39 | INFO    |     - terabox: 1 itens
2026-08-06 08:03:39 | INFO    |     - tiktok_shop: 1 itens
2026-08-06 08:03:39 | INFO    |     - web_research_insights: 62 itens
2026-08-06 08:03:40 | INFO    | [MemPalace] Gravado: Asa=Email | Sala=gmail:Trabalho:19fd61c99eea2d2d
2026-08-06 08:03:40 | INFO    |     De: Google Agenda <calendar-notification@google.com> Assunto: Compromissos diários de Alexandre Curvelo a partir das 5:00 Data: Thu, 06 Aug 2026 08:07...

2026-08-06 08:03:40 | INFO    | [MemPalace] Gravado: Asa=Documento | Sala=drive:Principal:1eU9J2vZpeIhsGNH9sVe0uQJk5okuPQKIpILo2VIGtzw
2026-08-06 08:03:40 | INFO    |     Documento: Plano_Entrada_Universal_Omnichannel_SparkHub.md

﻿📑 Plano Mestre: Entrada Universal Omnichannel SparkHub v3.0 Documento de Arquitetura de I...

2026-08-06 08:03:40 | INFO    | [SKIP] Arquivo 'Relatorio_Oficial_Ecossistema_SparkHub.md' ignorado (duplicata na conta Principal).
2026-08-06 08:03:40 | INFO    | 
=== Drive [Trabalho] ===
2026-08-06 08:03:41 | INFO    | [MEMPALACE] Resumo completo de agrupamento (Total: 529):
2026-08-06 08:03:41 | INFO    |     - 3d: 1 itens
2026-08-06 08:03:41 | INFO    |     - Diretorios: 4 itens
2026-08-06 08:03:41 | INFO    |     - Edicao: 1 itens
2026-08-06 08:03:41 | INFO    |     - Fisica: 1 itens
2026-08-06 08:03:41 | INFO    |     - MCP: 1 itens
2026-08-06 08:03:41 | INFO    |     - RH: 8 itens
2026-08-06 08:03:41 | INFO    |     - SalaComum: 9 itens
2026-08-06 08:03:41 | INFO    |     - TestRoom: 5 itens
2026-08-06 08:03:41 | INFO    |     - Validacao: 1 itens
2026-08-06 08:03:41 | INFO    |     - Windows_MCP: 7 itens
2026-08-06 08:03:41 | INFO    |     - accounts_contacts: 2 itens
2026-08-06 08:03:41 | INFO    |     - agent_tasks: 26 itens
2026-08-06 08:03:41 | INFO    |     - alerts: 13 itens
2026-08-06 08:03:41 | INFO    |     - android_and_pc_registrations: 21 itens
2026-08-06 08:03:41 | INFO    |     - antigravity: 1 itens
2026-08-06 08:03:41 | INFO    |     - career: 1 itens
2026-08-06 08:03:41 | INFO    |     - delika: 1 itens
2026-08-06 08:03:41 | INFO    |     - design: 1 itens
2026-08-06 08:03:41 | INFO    |     - dev: 1 itens
2026-08-06 08:03:41 | INFO    |     - Drive Principal: 79 itens
2026-08-06 08:03:41 | INFO    |     - Drive Trabalho: 8 itens
2026-08-06 08:03:41 | INFO    |     - drive_docs: 21 itens
2026-08-06 08:03:41 | INFO    |     - drive_shared_files: 10 itens
2026-08-06 08:03:41 | INFO    |     - education: 1 itens
2026-08-06 08:03:41 | INFO    |     - family: 1 itens
2026-08-06 08:03:41 | INFO    |     - github_repos: 2 itens
2026-08-06 08:03:41 | INFO    |     - Gmail Principal: 87 itens
2026-08-06 08:03:41 | INFO    |     - Gmail Trabalho: 35 itens
2026-08-06 08:03:41 | INFO    |     - gmail_linked_accounts: 11 itens
2026-08-06 08:03:41 | INFO    |     - gmail_notifications: 16 itens
2026-08-06 08:03:41 | INFO    |     - google_docs: 36 itens
2026-08-06 08:03:41 | INFO    |     - hardware: 2 itens
2026-08-06 08:03:41 | INFO    |     - jubileu: 4 itens
2026-08-06 08:03:41 | INFO    |     - mary_kay: 1 itens
2026-08-06 08:03:41 | INFO    |     - neon_orbit: 1 itens
2026-08-06 08:03:41 | INFO    |     - onedrive: 1 itens
2026-08-06 08:03:41 | INFO    |     - personal: 2 itens
2026-08-06 08:03:41 | INFO    |     - reddit_godot: 1 itens
2026-08-06 08:03:41 | INFO    |     - router: 1 itens
2026-08-06 08:03:41 | INFO    |     - security: 1 itens
2026-08-06 08:03:41 | INFO    |     - sparkhub: 1 itens
2026-08-06 08:03:41 | INFO    |     - storage_parser: 1 itens
2026-08-06 08:03:41 | INFO    |     - sync_audit: 24 itens
2026-08-06 08:03:41 | INFO    |     - system_status: 13 itens
2026-08-06 08:03:41 | INFO    |     - terabox: 1 itens
2026-08-06 08:03:41 | INFO    |     - tiktok_shop: 1 itens
2026-08-06 08:03:41 | INFO    |     - web_research_insights: 62 itens
2026-08-06 08:03:41 | INFO    | [MemPalace] Gravado: Asa=Email | Sala=gmail:Trabalho:19fd58b8994a3246
2026-08-06 08:03:41 | INFO    |     De: Laura Costa da Catho <sugestaovagas@catho.com.br> Assunto: Alexandre, chegou a sua vaga do dia (06/08) para Analista de Atendimento Call Center Da...

2026-08-06 08:03:42 | INFO    | [SECURITY] Arquivo 'Adobe Photoshop 2025 - New Boss -.rar' marcado como sensível (Origem: conta Trabalho).
2026-08-06 08:03:42 | INFO    | [SECURITY] Arquivo 'CorelDRAW Graphics Suite 2025 - New Boss -.rar' marcado como sensível (Origem: conta Trabalho).
2026-08-06 08:03:42 | INFO    | [SECURITY] Arquivo 'laudo perícia doc_508085963_1785173726479443.pdf' marcado como sensível (Origem: conta Trabalho).
2026-08-06 08:03:43 | INFO    | [MemPalace] Gravado: Asa=Email | Sala=gmail:Trabalho:19fd528779f1aa1a
2026-08-06 08:03:43 | INFO    |     De: curvelo.ac@gmail.com Assunto: Autodelete Relatorio Diario Data: Thu, 6 Aug 2026 12:40:26 +0900 Foram deletadas 100 mensagens com mais de 30 dias. ...

2026-08-06 08:03:43 | INFO    | [MEMPALACE] Resumo completo de agrupamento (Total: 531):
2026-08-06 08:03:43 | INFO    |     - 3d: 1 itens
2026-08-06 08:03:43 | INFO    |     - Diretorios: 4 itens
2026-08-06 08:03:43 | INFO    |     - Edicao: 1 itens
2026-08-06 08:03:43 | INFO    |     - Fisica: 1 itens
2026-08-06 08:03:43 | INFO    |     - MCP: 1 itens
2026-08-06 08:03:43 | INFO    |     - RH: 8 itens
2026-08-06 08:03:43 | INFO    |     - SalaComum: 9 itens
2026-08-06 08:03:43 | INFO    |     - TestRoom: 5 itens
2026-08-06 08:03:43 | INFO    |     - Validacao: 1 itens
2026-08-06 08:03:43 | INFO    |     - Windows_MCP: 7 itens
2026-08-06 08:03:43 | INFO    |     - accounts_contacts: 2 itens
2026-08-06 08:03:43 | INFO    |     - agent_tasks: 26 itens
2026-08-06 08:03:43 | INFO    |     - alerts: 13 itens
2026-08-06 08:03:43 | INFO    |     - android_and_pc_registrations: 21 itens
2026-08-06 08:03:43 | INFO    |     - antigravity: 1 itens
2026-08-06 08:03:43 | INFO    |     - career: 1 itens
2026-08-06 08:03:43 | INFO    |     - delika: 1 itens
2026-08-06 08:03:43 | INFO    |     - design: 1 itens
2026-08-06 08:03:43 | INFO    |     - dev: 1 itens
2026-08-06 08:03:43 | INFO    |     - Drive Principal: 79 itens
2026-08-06 08:03:43 | INFO    |     - Drive Trabalho: 8 itens
2026-08-06 08:03:43 | INFO    |     - drive_docs: 21 itens
2026-08-06 08:03:43 | INFO    |     - drive_shared_files: 10 itens
2026-08-06 08:03:43 | INFO    |     - education: 1 itens
2026-08-06 08:03:43 | INFO    |     - family: 1 itens
2026-08-06 08:03:43 | INFO    |     - github_repos: 2 itens
2026-08-06 08:03:43 | INFO    |     - Gmail Principal: 87 itens
2026-08-06 08:03:43 | INFO    |     - Gmail Trabalho: 37 itens
2026-08-06 08:03:43 | INFO    |     - gmail_linked_accounts: 11 itens
2026-08-06 08:03:43 | INFO    |     - gmail_notifications: 16 itens
2026-08-06 08:03:43 | INFO    |     - google_docs: 36 itens
2026-08-06 08:03:43 | INFO    |     - hardware: 2 itens
2026-08-06 08:03:43 | INFO    |     - jubileu: 4 itens
2026-08-06 08:03:43 | INFO    |     - mary_kay: 1 itens
2026-08-06 08:03:43 | INFO    |     - neon_orbit: 1 itens
2026-08-06 08:03:43 | INFO    |     - onedrive: 1 itens
2026-08-06 08:03:43 | INFO    |     - personal: 2 itens
2026-08-06 08:03:43 | INFO    |     - reddit_godot: 1 itens
2026-08-06 08:03:43 | INFO    |     - router: 1 itens
2026-08-06 08:03:43 | INFO    |     - security: 1 itens
2026-08-06 08:03:43 | INFO    |     - sparkhub: 1 itens
2026-08-06 08:03:43 | INFO    |     - storage_parser: 1 itens
2026-08-06 08:03:43 | INFO    |     - sync_audit: 24 itens
2026-08-06 08:03:43 | INFO    |     - system_status: 13 itens
2026-08-06 08:03:43 | INFO    |     - terabox: 1 itens
2026-08-06 08:03:43 | INFO    |     - tiktok_shop: 1 itens
2026-08-06 08:03:43 | INFO    |     - web_research_insights: 62 itens
2026-08-06 08:03:44 | INFO    | [MemPalace] Gravado: Asa=Documento | Sala=drive:Trabalho:1kqExGvdMtd2TbZsOJ47hqYlM9jT9W5S3
2026-08-06 08:03:44 | INFO    |     Documento: laudo perícia doc_508085963_1785173726479443.pdf

PERÍCIA MÉDICA – AÇÃO CONDENATÓRIA DE CONCESSÃO DE AUXÍLIO-ACIDENTE PROCESSO: 1008917-41....

2026-08-06 08:03:44 | INFO    | [SECURITY] Arquivo 'Art&Estilo' marcado como sensível (Origem: conta Trabalho).
2026-08-06 08:03:44 | INFO    | [SECURITY] Arquivo 'Arte&Stilo.cdr' marcado como sensível (Origem: conta Trabalho).
2026-08-06 08:03:44 | INFO    | [SKIP] Arquivo 'Arte&Stilo.cdr' ignorado (duplicata na conta Trabalho).
2026-08-06 08:03:44 | INFO    | [SECURITY] Arquivo 'Arte&Stilo_wire_ladrilho.pdf' marcado como sensível (Origem: conta Trabalho).
2026-08-06 08:03:44 | INFO    | [MemPalace] Gravado: Asa=Email | Sala=gmail:Trabalho:19fd44d78c04ddba
2026-08-06 08:03:44 | INFO    |     De: "Jobbol @Camila" <camila.as@jobbol.com.br> Assunto: Alexandre, Administrativo de Auditoria híbrido na Metlife Brasil em São Paulo Data: Wed, 5 Aug...

2026-08-06 08:03:45 | INFO    | [MEMPALACE] Resumo completo de agrupamento (Total: 533):
2026-08-06 08:03:45 | INFO    |     - 3d: 1 itens
2026-08-06 08:03:45 | INFO    |     - Diretorios: 4 itens
2026-08-06 08:03:45 | INFO    |     - Edicao: 1 itens
2026-08-06 08:03:45 | INFO    |     - Fisica: 1 itens
2026-08-06 08:03:45 | INFO    |     - MCP: 1 itens
2026-08-06 08:03:45 | INFO    |     - RH: 8 itens
2026-08-06 08:03:45 | INFO    |     - SalaComum: 9 itens
2026-08-06 08:03:45 | INFO    |     - TestRoom: 5 itens
2026-08-06 08:03:45 | INFO    |     - Validacao: 1 itens
2026-08-06 08:03:45 | INFO    |     - Windows_MCP: 7 itens
2026-08-06 08:03:45 | INFO    |     - accounts_contacts: 2 itens
2026-08-06 08:03:45 | INFO    |     - agent_tasks: 26 itens
2026-08-06 08:03:45 | INFO    |     - alerts: 13 itens
2026-08-06 08:03:45 | INFO    |     - android_and_pc_registrations: 21 itens
2026-08-06 08:03:45 | INFO    |     - antigravity: 1 itens
2026-08-06 08:03:45 | INFO    |     - career: 1 itens
2026-08-06 08:03:45 | INFO    |     - delika: 1 itens
2026-08-06 08:03:45 | INFO    |     - design: 1 itens
2026-08-06 08:03:45 | INFO    |     - dev: 1 itens
2026-08-06 08:03:45 | INFO    |     - Drive Principal: 79 itens
2026-08-06 08:03:45 | INFO    |     - Drive Trabalho: 9 itens
2026-08-06 08:03:45 | INFO    |     - drive_docs: 21 itens
2026-08-06 08:03:45 | INFO    |     - drive_shared_files: 10 itens
2026-08-06 08:03:45 | INFO    |     - education: 1 itens
2026-08-06 08:03:45 | INFO    |     - family: 1 itens
2026-08-06 08:03:45 | INFO    |     - github_repos: 2 itens
2026-08-06 08:03:45 | INFO    |     - Gmail Principal: 87 itens
2026-08-06 08:03:45 | INFO    |     - Gmail Trabalho: 38 itens
2026-08-06 08:03:45 | INFO    |     - gmail_linked_accounts: 11 itens
2026-08-06 08:03:45 | INFO    |     - gmail_notifications: 16 itens
2026-08-06 08:03:45 | INFO    |     - google_docs: 36 itens
2026-08-06 08:03:45 | INFO    |     - hardware: 2 itens
2026-08-06 08:03:45 | INFO    |     - jubileu: 4 itens
2026-08-06 08:03:45 | INFO    |     - mary_kay: 1 itens
2026-08-06 08:03:45 | INFO    |     - neon_orbit: 1 itens
2026-08-06 08:03:45 | INFO    |     - onedrive: 1 itens
2026-08-06 08:03:45 | INFO    |     - personal: 2 itens
2026-08-06 08:03:45 | INFO    |     - reddit_godot: 1 itens
2026-08-06 08:03:45 | INFO    |     - router: 1 itens
2026-08-06 08:03:45 | INFO    |     - security: 1 itens
2026-08-06 08:03:45 | INFO    |     - sparkhub: 1 itens
2026-08-06 08:03:45 | INFO    |     - storage_parser: 1 itens
2026-08-06 08:03:45 | INFO    |     - sync_audit: 24 itens
2026-08-06 08:03:45 | INFO    |     - system_status: 13 itens
2026-08-06 08:03:45 | INFO    |     - terabox: 1 itens
2026-08-06 08:03:45 | INFO    |     - tiktok_shop: 1 itens
2026-08-06 08:03:45 | INFO    |     - web_research_insights: 62 itens
2026-08-06 08:03:46 | INFO    | [MemPalace] Gravado: Asa=Email | Sala=gmail:Trabalho:19fd3e349825e8ea
2026-08-06 08:03:46 | INFO    |     De: Infojobs Brasil <alerts@infojobs.com.br> Assunto: Contrata-se com urgência em Victor Hugo - Loja Em Shopping Data: 5 Aug 2026 21:44:45 +0000 96 Vo...

2026-08-06 08:03:46 | INFO    | [MemPalace] Gravado: Asa=Documento | Sala=drive:Trabalho:1-oEc8OkEf3c7etu-G6GFmuCZofwCCekV
2026-08-06 08:03:46 | INFO    |     Documento: Arte&Stilo_wire_ladrilho.pdf



2026-08-06 08:03:46 | INFO    | [SKIP] Arquivo 'Arte&Stilo_wire_ladrilho.pdf' ignorado (duplicata na conta Trabalho).
2026-08-06 08:03:46 | INFO    | [SECURITY] Arquivo 'WhatsApp Video 2026-07-22 at 15.37.42.mp4' marcado como sensível (Origem: conta Trabalho).
2026-08-06 08:03:46 | INFO    | [SKIP] Arquivo 'WhatsApp Video 2026-07-22 at 15.37.42.mp4' ignorado (duplicata na conta Trabalho).
2026-08-06 08:03:46 | INFO    | [SECURITY] Arquivo 'video' marcado como sensível (Origem: conta Trabalho).
2026-08-06 08:03:46 | INFO    | [SECURITY] Arquivo 'Cópia_de_segurança_de_Arte&Stilo.cdr' marcado como sensível (Origem: conta Trabalho).
2026-08-06 08:03:46 | INFO    | [SKIP] Arquivo 'Cópia_de_segurança_de_Arte&Stilo.cdr' ignorado (duplicata na conta Trabalho).
2026-08-06 08:03:46 | INFO    | [SECURITY] Arquivo 'WhatsApp Image 2026-07-22 at 14.02.09.jpeg' marcado como sensível (Origem: conta Trabalho).
2026-08-06 08:03:46 | INFO    | [SKIP] Arquivo 'WhatsApp Image 2026-07-22 at 14.02.09.jpeg' ignorado (duplicata na conta Trabalho).
2026-08-06 08:03:46 | INFO    | [SECURITY] Arquivo 'WhatsApp Video 2026-07-22 at 14.02.09.mp4' marcado como sensível (Origem: conta Trabalho).
2026-08-06 08:03:46 | INFO    | [SKIP] Arquivo 'WhatsApp Video 2026-07-22 at 14.02.09.mp4' ignorado (duplicata na conta Trabalho).
2026-08-06 08:03:46 | INFO    | [SECURITY] Arquivo 'WhatsApp Image 2026-07-22 at 14.02.08 (3).jpeg' marcado como sensível (Origem: conta Trabalho).
2026-08-06 08:03:46 | INFO    | [SKIP] Arquivo 'WhatsApp Image 2026-07-22 at 14.02.08 (3).jpeg' ignorado (duplicata na conta Trabalho).
2026-08-06 08:03:46 | INFO    | [SECURITY] Arquivo 'WhatsApp Image 2026-07-22 at 14.02.08 (2).jpeg' marcado como sensível (Origem: conta Trabalho).
2026-08-06 08:03:46 | INFO    | 
[OK] Ingestão concluída.
2026-08-06 08:03:47 | INFO    | [MEMPALACE] Resumo completo de agrupamento (Total: 535):
2026-08-06 08:03:47 | INFO    |     - 3d: 1 itens
2026-08-06 08:03:47 | INFO    |     - Diretorios: 4 itens
2026-08-06 08:03:47 | INFO    |     - Edicao: 1 itens
2026-08-06 08:03:47 | INFO    |     - Fisica: 1 itens
2026-08-06 08:03:47 | INFO    |     - MCP: 1 itens
2026-08-06 08:03:47 | INFO    |     - RH: 8 itens
2026-08-06 08:03:47 | INFO    |     - SalaComum: 9 itens
2026-08-06 08:03:47 | INFO    |     - TestRoom: 5 itens
2026-08-06 08:03:47 | INFO    |     - Validacao: 1 itens
2026-08-06 08:03:47 | INFO    |     - Windows_MCP: 7 itens
2026-08-06 08:03:47 | INFO    |     - accounts_contacts: 2 itens
2026-08-06 08:03:47 | INFO    |     - agent_tasks: 26 itens
2026-08-06 08:03:47 | INFO    |     - alerts: 13 itens
2026-08-06 08:03:47 | INFO    |     - android_and_pc_registrations: 21 itens
2026-08-06 08:03:47 | INFO    |     - antigravity: 1 itens
2026-08-06 08:03:47 | INFO    |     - career: 1 itens
2026-08-06 08:03:47 | INFO    |     - delika: 1 itens
2026-08-06 08:03:47 | INFO    |     - design: 1 itens
2026-08-06 08:03:47 | INFO    |     - dev: 1 itens
2026-08-06 08:03:47 | INFO    |     - Drive Principal: 79 itens
2026-08-06 08:03:47 | INFO    |     - Drive Trabalho: 10 itens
2026-08-06 08:03:47 | INFO    |     - drive_docs: 21 itens
2026-08-06 08:03:47 | INFO    |     - drive_shared_files: 10 itens
2026-08-06 08:03:47 | INFO    |     - education: 1 itens
2026-08-06 08:03:47 | INFO    |     - family: 1 itens
2026-08-06 08:03:47 | INFO    |     - github_repos: 2 itens
2026-08-06 08:03:47 | INFO    |     - Gmail Principal: 87 itens
2026-08-06 08:03:47 | INFO    |     - Gmail Trabalho: 39 itens
2026-08-06 08:03:47 | INFO    |     - gmail_linked_accounts: 11 itens
2026-08-06 08:03:47 | INFO    |     - gmail_notifications: 16 itens
2026-08-06 08:03:47 | INFO    |     - google_docs: 36 itens
2026-08-06 08:03:47 | INFO    |     - hardware: 2 itens
2026-08-06 08:03:47 | INFO    |     - jubileu: 4 itens
2026-08-06 08:03:47 | INFO    |     - mary_kay: 1 itens
2026-08-06 08:03:47 | INFO    |     - neon_orbit: 1 itens
2026-08-06 08:03:47 | INFO    |     - onedrive: 1 itens
2026-08-06 08:03:47 | INFO    |     - personal: 2 itens
2026-08-06 08:03:47 | INFO    |     - reddit_godot: 1 itens
2026-08-06 08:03:47 | INFO    |     - router: 1 itens
2026-08-06 08:03:47 | INFO    |     - security: 1 itens
2026-08-06 08:03:47 | INFO    |     - sparkhub: 1 itens
2026-08-06 08:03:47 | INFO    |     - storage_parser: 1 itens
2026-08-06 08:03:47 | INFO    |     - sync_audit: 24 itens
2026-08-06 08:03:47 | INFO    |     - system_status: 13 itens
2026-08-06 08:03:47 | INFO    |     - terabox: 1 itens
2026-08-06 08:03:47 | INFO    |     - tiktok_shop: 1 itens
2026-08-06 08:03:47 | INFO    |     - web_research_insights: 62 itens
2026-08-06 08:03:47 | INFO    | [MemPalace] Gravado: Asa=Email | Sala=gmail:Trabalho:19fd3c25796a9781
2026-08-06 08:03:47 | INFO    |     De: "Não responda a esta mensagem. (via UFBRA)" <info@emailava.aprimorardigital.com.br> Assunto: UFBRA: Resumo do fórum Data: Wed, 5 Aug 2026 18:09:12...

2026-08-06 08:03:49 | INFO    | [MemPalace] Gravado: Asa=Email | Sala=gmail:Trabalho:19fd3ba45c6c8efa
2026-08-06 08:03:49 | INFO    |     De: Infojobs <info@infojobs.com.br> Assunto: Quer saber mais sobre a empresa PIETRA BARIVIERA? Data: 5 Aug 2026 21:00:20 +0000 96 Confira informações ...

2026-08-06 08:03:49 | INFO    | [MEMPALACE] Resumo completo de agrupamento (Total: 537):
2026-08-06 08:03:49 | INFO    |     - 3d: 1 itens
2026-08-06 08:03:49 | INFO    |     - Diretorios: 4 itens
2026-08-06 08:03:49 | INFO    |     - Edicao: 1 itens
2026-08-06 08:03:49 | INFO    |     - Fisica: 1 itens
2026-08-06 08:03:49 | INFO    |     - MCP: 1 itens
2026-08-06 08:03:49 | INFO    |     - RH: 8 itens
2026-08-06 08:03:49 | INFO    |     - SalaComum: 9 itens
2026-08-06 08:03:49 | INFO    |     - TestRoom: 5 itens
2026-08-06 08:03:49 | INFO    |     - Validacao: 1 itens
2026-08-06 08:03:49 | INFO    |     - Windows_MCP: 7 itens
2026-08-06 08:03:49 | INFO    |     - accounts_contacts: 2 itens
2026-08-06 08:03:49 | INFO    |     - agent_tasks: 26 itens
2026-08-06 08:03:49 | INFO    |     - alerts: 13 itens
2026-08-06 08:03:49 | INFO    |     - android_and_pc_registrations: 21 itens
2026-08-06 08:03:49 | INFO    |     - antigravity: 1 itens
2026-08-06 08:03:49 | INFO    |     - career: 1 itens
2026-08-06 08:03:49 | INFO    |     - delika: 1 itens
2026-08-06 08:03:49 | INFO    |     - design: 1 itens
2026-08-06 08:03:49 | INFO    |     - dev: 1 itens
2026-08-06 08:03:49 | INFO    |     - Drive Principal: 79 itens
2026-08-06 08:03:49 | INFO    |     - Drive Trabalho: 10 itens
2026-08-06 08:03:49 | INFO    |     - drive_docs: 21 itens
2026-08-06 08:03:49 | INFO    |     - drive_shared_files: 10 itens
2026-08-06 08:03:49 | INFO    |     - education: 1 itens
2026-08-06 08:03:49 | INFO    |     - family: 1 itens
2026-08-06 08:03:49 | INFO    |     - github_repos: 2 itens
2026-08-06 08:03:49 | INFO    |     - Gmail Principal: 87 itens
2026-08-06 08:03:49 | INFO    |     - Gmail Trabalho: 41 itens
2026-08-06 08:03:49 | INFO    |     - gmail_linked_accounts: 11 itens
2026-08-06 08:03:49 | INFO    |     - gmail_notifications: 16 itens
2026-08-06 08:03:49 | INFO    |     - google_docs: 36 itens
2026-08-06 08:03:49 | INFO    |     - hardware: 2 itens
2026-08-06 08:03:49 | INFO    |     - jubileu: 4 itens
2026-08-06 08:03:49 | INFO    |     - mary_kay: 1 itens
2026-08-06 08:03:49 | INFO    |     - neon_orbit: 1 itens
2026-08-06 08:03:49 | INFO    |     - onedrive: 1 itens
2026-08-06 08:03:49 | INFO    |     - personal: 2 itens
2026-08-06 08:03:49 | INFO    |     - reddit_godot: 1 itens
2026-08-06 08:03:49 | INFO    |     - router: 1 itens
2026-08-06 08:03:49 | INFO    |     - security: 1 itens
2026-08-06 08:03:49 | INFO    |     - sparkhub: 1 itens
2026-08-06 08:03:49 | INFO    |     - storage_parser: 1 itens
2026-08-06 08:03:49 | INFO    |     - sync_audit: 24 itens
2026-08-06 08:03:49 | INFO    |     - system_status: 13 itens
2026-08-06 08:03:49 | INFO    |     - terabox: 1 itens
2026-08-06 08:03:49 | INFO    |     - tiktok_shop: 1 itens
2026-08-06 08:03:49 | INFO    |     - web_research_insights: 62 itens
2026-08-06 08:03:50 | INFO    | [MemPalace] Gravado: Asa=Email | Sala=gmail:Trabalho:19fd3ba4500106df
2026-08-06 08:03:50 | INFO    |     De: Infojobs <info@infojobs.com.br> Assunto: Quer saber mais sobre a empresa New Vision Edtech? Data: 5 Aug 2026 21:00:20 +0000 96 Confira informações...

2026-08-06 08:03:51 | INFO    | [MEMPALACE] Resumo completo de agrupamento (Total: 538):
2026-08-06 08:03:51 | INFO    |     - 3d: 1 itens
2026-08-06 08:03:51 | INFO    |     - Diretorios: 4 itens
2026-08-06 08:03:51 | INFO    |     - Edicao: 1 itens
2026-08-06 08:03:51 | INFO    |     - Fisica: 1 itens
2026-08-06 08:03:51 | INFO    |     - MCP: 1 itens
2026-08-06 08:03:51 | INFO    |     - RH: 8 itens
2026-08-06 08:03:51 | INFO    |     - SalaComum: 9 itens
2026-08-06 08:03:51 | INFO    |     - TestRoom: 5 itens
2026-08-06 08:03:51 | INFO    |     - Validacao: 1 itens
2026-08-06 08:03:51 | INFO    |     - Windows_MCP: 7 itens
2026-08-06 08:03:51 | INFO    |     - accounts_contacts: 2 itens
2026-08-06 08:03:51 | INFO    |     - agent_tasks: 26 itens
2026-08-06 08:03:51 | INFO    |     - alerts: 13 itens
2026-08-06 08:03:51 | INFO    |     - android_and_pc_registrations: 21 itens
2026-08-06 08:03:51 | INFO    |     - antigravity: 1 itens
2026-08-06 08:03:51 | INFO    |     - career: 1 itens
2026-08-06 08:03:51 | INFO    |     - delika: 1 itens
2026-08-06 08:03:51 | INFO    |     - design: 1 itens
2026-08-06 08:03:51 | INFO    |     - dev: 1 itens
2026-08-06 08:03:51 | INFO    |     - Drive Principal: 79 itens
2026-08-06 08:03:51 | INFO    |     - Drive Trabalho: 10 itens
2026-08-06 08:03:51 | INFO    |     - drive_docs: 21 itens
2026-08-06 08:03:51 | INFO    |     - drive_shared_files: 10 itens
2026-08-06 08:03:51 | INFO    |     - education: 1 itens
2026-08-06 08:03:51 | INFO    |     - family: 1 itens
2026-08-06 08:03:51 | INFO    |     - github_repos: 2 itens
2026-08-06 08:03:51 | INFO    |     - Gmail Principal: 87 itens
2026-08-06 08:03:51 | INFO    |     - Gmail Trabalho: 42 itens
2026-08-06 08:03:51 | INFO    |     - gmail_linked_accounts: 11 itens
2026-08-06 08:03:51 | INFO    |     - gmail_notifications: 16 itens
2026-08-06 08:03:51 | INFO    |     - google_docs: 36 itens
2026-08-06 08:03:51 | INFO    |     - hardware: 2 itens
2026-08-06 08:03:51 | INFO    |     - jubileu: 4 itens
2026-08-06 08:03:51 | INFO    |     - mary_kay: 1 itens
2026-08-06 08:03:51 | INFO    |     - neon_orbit: 1 itens
2026-08-06 08:03:51 | INFO    |     - onedrive: 1 itens
2026-08-06 08:03:51 | INFO    |     - personal: 2 itens
2026-08-06 08:03:51 | INFO    |     - reddit_godot: 1 itens
2026-08-06 08:03:51 | INFO    |     - router: 1 itens
2026-08-06 08:03:51 | INFO    |     - security: 1 itens
2026-08-06 08:03:51 | INFO    |     - sparkhub: 1 itens
2026-08-06 08:03:51 | INFO    |     - storage_parser: 1 itens
2026-08-06 08:03:51 | INFO    |     - sync_audit: 24 itens
2026-08-06 08:03:51 | INFO    |     - system_status: 13 itens
2026-08-06 08:03:51 | INFO    |     - terabox: 1 itens
2026-08-06 08:03:51 | INFO    |     - tiktok_shop: 1 itens
2026-08-06 08:03:51 | INFO    |     - web_research_insights: 62 itens
2026-08-06 08:03:51 | INFO    | [MemPalace] Gravado: Asa=Email | Sala=gmail:Trabalho:19fd3783f893157c
2026-08-06 08:03:51 | INFO    |     De: Uber <uber@uber.com> Assunto: O Táxi Promo ajuda você a vencer o trânsito Data: Wed, 05 Aug 2026 19:48:20 +0000 96 Viaje com motoristas parceiros ...

2026-08-06 08:03:53 | INFO    | [MemPalace] Gravado: Asa=Email | Sala=gmail:Trabalho:19fd36d2c87fd932
2026-08-06 08:03:53 | INFO    |     De: Atento <reply+8c47df8c-b40c-4754-a520-7e0237cde7a4@reply.gupy.com.br> Assunto: Agendamento de Entrevista para a vaga Data: Wed, 05 Aug 2026 19:36:...

2026-08-06 08:03:53 | INFO    | [MEMPALACE] Resumo completo de agrupamento (Total: 540):
2026-08-06 08:03:53 | INFO    |     - 3d: 1 itens
2026-08-06 08:03:53 | INFO    |     - Diretorios: 4 itens
2026-08-06 08:03:53 | INFO    |     - Edicao: 1 itens
2026-08-06 08:03:53 | INFO    |     - Fisica: 1 itens
2026-08-06 08:03:53 | INFO    |     - MCP: 1 itens
2026-08-06 08:03:53 | INFO    |     - RH: 8 itens
2026-08-06 08:03:53 | INFO    |     - SalaComum: 9 itens
2026-08-06 08:03:53 | INFO    |     - TestRoom: 5 itens
2026-08-06 08:03:53 | INFO    |     - Validacao: 1 itens
2026-08-06 08:03:53 | INFO    |     - Windows_MCP: 7 itens
2026-08-06 08:03:53 | INFO    |     - accounts_contacts: 2 itens
2026-08-06 08:03:53 | INFO    |     - agent_tasks: 26 itens
2026-08-06 08:03:53 | INFO    |     - alerts: 13 itens
2026-08-06 08:03:53 | INFO    |     - android_and_pc_registrations: 21 itens
2026-08-06 08:03:53 | INFO    |     - antigravity: 1 itens
2026-08-06 08:03:53 | INFO    |     - career: 1 itens
2026-08-06 08:03:53 | INFO    |     - delika: 1 itens
2026-08-06 08:03:53 | INFO    |     - design: 1 itens
2026-08-06 08:03:53 | INFO    |     - dev: 1 itens
2026-08-06 08:03:53 | INFO    |     - Drive Principal: 79 itens
2026-08-06 08:03:53 | INFO    |     - Drive Trabalho: 10 itens
2026-08-06 08:03:53 | INFO    |     - drive_docs: 21 itens
2026-08-06 08:03:53 | INFO    |     - drive_shared_files: 10 itens
2026-08-06 08:03:53 | INFO    |     - education: 1 itens
2026-08-06 08:03:53 | INFO    |     - family: 1 itens
2026-08-06 08:03:53 | INFO    |     - github_repos: 2 itens
2026-08-06 08:03:53 | INFO    |     - Gmail Principal: 87 itens
2026-08-06 08:03:53 | INFO    |     - Gmail Trabalho: 44 itens
2026-08-06 08:03:53 | INFO    |     - gmail_linked_accounts: 11 itens
2026-08-06 08:03:53 | INFO    |     - gmail_notifications: 16 itens
2026-08-06 08:03:53 | INFO    |     - google_docs: 36 itens
2026-08-06 08:03:53 | INFO    |     - hardware: 2 itens
2026-08-06 08:03:53 | INFO    |     - jubileu: 4 itens
2026-08-06 08:03:53 | INFO    |     - mary_kay: 1 itens
2026-08-06 08:03:53 | INFO    |     - neon_orbit: 1 itens
2026-08-06 08:03:53 | INFO    |     - onedrive: 1 itens
2026-08-06 08:03:53 | INFO    |     - personal: 2 itens
2026-08-06 08:03:53 | INFO    |     - reddit_godot: 1 itens
2026-08-06 08:03:53 | INFO    |     - router: 1 itens
2026-08-06 08:03:53 | INFO    |     - security: 1 itens
2026-08-06 08:03:53 | INFO    |     - sparkhub: 1 itens
2026-08-06 08:03:53 | INFO    |     - storage_parser: 1 itens
2026-08-06 08:03:53 | INFO    |     - sync_audit: 24 itens
2026-08-06 08:03:53 | INFO    |     - system_status: 13 itens
2026-08-06 08:03:53 | INFO    |     - terabox: 1 itens
2026-08-06 08:03:53 | INFO    |     - tiktok_shop: 1 itens
2026-08-06 08:03:53 | INFO    |     - web_research_insights: 62 itens
2026-08-06 08:03:54 | INFO    | [MemPalace] Gravado: Asa=Email | Sala=gmail:Trabalho:19fd3356197ea9ac
2026-08-06 08:03:54 | INFO    |     De: Indeed <donotreply@jobalert.indeed.com> Assunto: designer gráfico em Barueri, SP. DESIGNER SÊNIOR em TIPO PUBLICIDADE LTDA e mais 17 novas vagas D...

2026-08-06 08:03:55 | INFO    | [MEMPALACE] Resumo completo de agrupamento (Total: 541):
2026-08-06 08:03:55 | INFO    |     - 3d: 1 itens
2026-08-06 08:03:55 | INFO    |     - Diretorios: 4 itens
2026-08-06 08:03:55 | INFO    |     - Edicao: 1 itens
2026-08-06 08:03:55 | INFO    |     - Fisica: 1 itens
2026-08-06 08:03:55 | INFO    |     - MCP: 1 itens
2026-08-06 08:03:55 | INFO    |     - RH: 8 itens
2026-08-06 08:03:55 | INFO    |     - SalaComum: 9 itens
2026-08-06 08:03:55 | INFO    |     - TestRoom: 5 itens
2026-08-06 08:03:55 | INFO    |     - Validacao: 1 itens
2026-08-06 08:03:55 | INFO    |     - Windows_MCP: 7 itens
2026-08-06 08:03:55 | INFO    |     - accounts_contacts: 2 itens
2026-08-06 08:03:55 | INFO    |     - agent_tasks: 26 itens
2026-08-06 08:03:55 | INFO    |     - alerts: 13 itens
2026-08-06 08:03:55 | INFO    |     - android_and_pc_registrations: 21 itens
2026-08-06 08:03:55 | INFO    |     - antigravity: 1 itens
2026-08-06 08:03:55 | INFO    |     - career: 1 itens
2026-08-06 08:03:55 | INFO    |     - delika: 1 itens
2026-08-06 08:03:55 | INFO    |     - design: 1 itens
2026-08-06 08:03:55 | INFO    |     - dev: 1 itens
2026-08-06 08:03:55 | INFO    |     - Drive Principal: 79 itens
2026-08-06 08:03:55 | INFO    |     - Drive Trabalho: 10 itens
2026-08-06 08:03:55 | INFO    |     - drive_docs: 21 itens
2026-08-06 08:03:55 | INFO    |     - drive_shared_files: 10 itens
2026-08-06 08:03:55 | INFO    |     - education: 1 itens
2026-08-06 08:03:55 | INFO    |     - family: 1 itens
2026-08-06 08:03:55 | INFO    |     - github_repos: 2 itens
2026-08-06 08:03:55 | INFO    |     - Gmail Principal: 87 itens
2026-08-06 08:03:55 | INFO    |     - Gmail Trabalho: 45 itens
2026-08-06 08:03:55 | INFO    |     - gmail_linked_accounts: 11 itens
2026-08-06 08:03:55 | INFO    |     - gmail_notifications: 16 itens
2026-08-06 08:03:55 | INFO    |     - google_docs: 36 itens
2026-08-06 08:03:55 | INFO    |     - hardware: 2 itens
2026-08-06 08:03:55 | INFO    |     - jubileu: 4 itens
2026-08-06 08:03:55 | INFO    |     - mary_kay: 1 itens
2026-08-06 08:03:55 | INFO    |     - neon_orbit: 1 itens
2026-08-06 08:03:55 | INFO    |     - onedrive: 1 itens
2026-08-06 08:03:55 | INFO    |     - personal: 2 itens
2026-08-06 08:03:55 | INFO    |     - reddit_godot: 1 itens
2026-08-06 08:03:55 | INFO    |     - router: 1 itens
2026-08-06 08:03:55 | INFO    |     - security: 1 itens
2026-08-06 08:03:55 | INFO    |     - sparkhub: 1 itens
2026-08-06 08:03:55 | INFO    |     - storage_parser: 1 itens
2026-08-06 08:03:55 | INFO    |     - sync_audit: 24 itens
2026-08-06 08:03:55 | INFO    |     - system_status: 13 itens
2026-08-06 08:03:55 | INFO    |     - terabox: 1 itens
2026-08-06 08:03:55 | INFO    |     - tiktok_shop: 1 itens
2026-08-06 08:03:55 | INFO    |     - web_research_insights: 62 itens
2026-08-06 08:03:56 | INFO    | [MemPalace] Gravado: Asa=Email | Sala=gmail:Trabalho:19fd3341307f7050
2026-08-06 08:03:56 | INFO    |     De: Indeed <donotreply@jobalert.indeed.com> Assunto: analista de suporte júnior em São Paulo, SP. Analista de Suporte e Qualidade (Junior) em RRSIGN P...

2026-08-06 08:03:57 | INFO    | [MEMPALACE] Resumo completo de agrupamento (Total: 542):
2026-08-06 08:03:57 | INFO    |     - 3d: 1 itens
2026-08-06 08:03:57 | INFO    |     - Diretorios: 4 itens
2026-08-06 08:03:57 | INFO    |     - Edicao: 1 itens
2026-08-06 08:03:57 | INFO    |     - Fisica: 1 itens
2026-08-06 08:03:57 | INFO    |     - MCP: 1 itens
2026-08-06 08:03:57 | INFO    |     - RH: 8 itens
2026-08-06 08:03:57 | INFO    |     - SalaComum: 9 itens
2026-08-06 08:03:57 | INFO    |     - TestRoom: 5 itens
2026-08-06 08:03:57 | INFO    |     - Validacao: 1 itens
2026-08-06 08:03:57 | INFO    |     - Windows_MCP: 7 itens
2026-08-06 08:03:57 | INFO    |     - accounts_contacts: 2 itens
2026-08-06 08:03:57 | INFO    |     - agent_tasks: 26 itens
2026-08-06 08:03:57 | INFO    |     - alerts: 13 itens
2026-08-06 08:03:57 | INFO    |     - android_and_pc_registrations: 21 itens
2026-08-06 08:03:57 | INFO    |     - antigravity: 1 itens
2026-08-06 08:03:57 | INFO    |     - career: 1 itens
2026-08-06 08:03:57 | INFO    |     - delika: 1 itens
2026-08-06 08:03:57 | INFO    |     - design: 1 itens
2026-08-06 08:03:57 | INFO    |     - dev: 1 itens
2026-08-06 08:03:57 | INFO    |     - Drive Principal: 79 itens
2026-08-06 08:03:57 | INFO    |     - Drive Trabalho: 10 itens
2026-08-06 08:03:57 | INFO    |     - drive_docs: 21 itens
2026-08-06 08:03:57 | INFO    |     - drive_shared_files: 10 itens
2026-08-06 08:03:57 | INFO    |     - education: 1 itens
2026-08-06 08:03:57 | INFO    |     - family: 1 itens
2026-08-06 08:03:57 | INFO    |     - github_repos: 2 itens
2026-08-06 08:03:57 | INFO    |     - Gmail Principal: 87 itens
2026-08-06 08:03:57 | INFO    |     - Gmail Trabalho: 46 itens
2026-08-06 08:03:57 | INFO    |     - gmail_linked_accounts: 11 itens
2026-08-06 08:03:57 | INFO    |     - gmail_notifications: 16 itens
2026-08-06 08:03:57 | INFO    |     - google_docs: 36 itens
2026-08-06 08:03:57 | INFO    |     - hardware: 2 itens
2026-08-06 08:03:57 | INFO    |     - jubileu: 4 itens
2026-08-06 08:03:57 | INFO    |     - mary_kay: 1 itens
2026-08-06 08:03:57 | INFO    |     - neon_orbit: 1 itens
2026-08-06 08:03:57 | INFO    |     - onedrive: 1 itens
2026-08-06 08:03:57 | INFO    |     - personal: 2 itens
2026-08-06 08:03:57 | INFO    |     - reddit_godot: 1 itens
2026-08-06 08:03:57 | INFO    |     - router: 1 itens
2026-08-06 08:03:57 | INFO    |     - security: 1 itens
2026-08-06 08:03:57 | INFO    |     - sparkhub: 1 itens
2026-08-06 08:03:57 | INFO    |     - storage_parser: 1 itens
2026-08-06 08:03:57 | INFO    |     - sync_audit: 24 itens
2026-08-06 08:03:57 | INFO    |     - system_status: 13 itens
2026-08-06 08:03:57 | INFO    |     - terabox: 1 itens
2026-08-06 08:03:57 | INFO    |     - tiktok_shop: 1 itens
2026-08-06 08:03:57 | INFO    |     - web_research_insights: 62 itens
2026-08-06 08:03:57 | INFO    | [MemPalace] Gravado: Asa=Email | Sala=gmail:Trabalho:19fd32bfbd92ea9d
2026-08-06 08:03:57 | INFO    |     De: Indeed <donotreply@jobalert.indeed.com> Assunto: designer gráfico em São Paulo, SP. DESIGNER SÊNIOR em TIPO PUBLICIDADE LTDA e mais 12 novas vagas...

2026-08-06 08:03:59 | INFO    | [MemPalace] Gravado: Asa=Email | Sala=gmail:Trabalho:19fd2ebf11ee5a35
2026-08-06 08:03:59 | INFO    |     De: "Tratore 🚜" <contato@tratore.com.br> Assunto: 🧬 #DNAINDEPENDENTE, com Catto Data: Wed, 05 Aug 2026 17:15:05 +0000 (UTC) Visualizar este e-mail com...

2026-08-06 08:03:59 | INFO    | [MEMPALACE] Resumo completo de agrupamento (Total: 544):
2026-08-06 08:03:59 | INFO    |     - 3d: 1 itens
2026-08-06 08:03:59 | INFO    |     - Diretorios: 4 itens
2026-08-06 08:03:59 | INFO    |     - Edicao: 1 itens
2026-08-06 08:03:59 | INFO    |     - Fisica: 1 itens
2026-08-06 08:03:59 | INFO    |     - MCP: 1 itens
2026-08-06 08:03:59 | INFO    |     - RH: 8 itens
2026-08-06 08:03:59 | INFO    |     - SalaComum: 9 itens
2026-08-06 08:03:59 | INFO    |     - TestRoom: 5 itens
2026-08-06 08:03:59 | INFO    |     - Validacao: 1 itens
2026-08-06 08:03:59 | INFO    |     - Windows_MCP: 7 itens
2026-08-06 08:03:59 | INFO    |     - accounts_contacts: 2 itens
2026-08-06 08:03:59 | INFO    |     - agent_tasks: 26 itens
2026-08-06 08:03:59 | INFO    |     - alerts: 13 itens
2026-08-06 08:03:59 | INFO    |     - android_and_pc_registrations: 21 itens
2026-08-06 08:03:59 | INFO    |     - antigravity: 1 itens
2026-08-06 08:03:59 | INFO    |     - career: 1 itens
2026-08-06 08:03:59 | INFO    |     - delika: 1 itens
2026-08-06 08:03:59 | INFO    |     - design: 1 itens
2026-08-06 08:03:59 | INFO    |     - dev: 1 itens
2026-08-06 08:03:59 | INFO    |     - Drive Principal: 79 itens
2026-08-06 08:03:59 | INFO    |     - Drive Trabalho: 10 itens
2026-08-06 08:03:59 | INFO    |     - drive_docs: 21 itens
2026-08-06 08:03:59 | INFO    |     - drive_shared_files: 10 itens
2026-08-06 08:03:59 | INFO    |     - education: 1 itens
2026-08-06 08:03:59 | INFO    |     - family: 1 itens
2026-08-06 08:03:59 | INFO    |     - github_repos: 2 itens
2026-08-06 08:03:59 | INFO    |     - Gmail Principal: 87 itens
2026-08-06 08:03:59 | INFO    |     - Gmail Trabalho: 48 itens
2026-08-06 08:03:59 | INFO    |     - gmail_linked_accounts: 11 itens
2026-08-06 08:03:59 | INFO    |     - gmail_notifications: 16 itens
2026-08-06 08:03:59 | INFO    |     - google_docs: 36 itens
2026-08-06 08:03:59 | INFO    |     - hardware: 2 itens
2026-08-06 08:03:59 | INFO    |     - jubileu: 4 itens
2026-08-06 08:03:59 | INFO    |     - mary_kay: 1 itens
2026-08-06 08:03:59 | INFO    |     - neon_orbit: 1 itens
2026-08-06 08:03:59 | INFO    |     - onedrive: 1 itens
2026-08-06 08:03:59 | INFO    |     - personal: 2 itens
2026-08-06 08:03:59 | INFO    |     - reddit_godot: 1 itens
2026-08-06 08:03:59 | INFO    |     - router: 1 itens
2026-08-06 08:03:59 | INFO    |     - security: 1 itens
2026-08-06 08:03:59 | INFO    |     - sparkhub: 1 itens
2026-08-06 08:03:59 | INFO    |     - storage_parser: 1 itens
2026-08-06 08:03:59 | INFO    |     - sync_audit: 24 itens
2026-08-06 08:03:59 | INFO    |     - system_status: 13 itens
2026-08-06 08:03:59 | INFO    |     - terabox: 1 itens
2026-08-06 08:03:59 | INFO    |     - tiktok_shop: 1 itens
2026-08-06 08:03:59 | INFO    |     - web_research_insights: 62 itens
2026-08-06 08:04:00 | INFO    | [MemPalace] Gravado: Asa=Email | Sala=gmail:Trabalho:19fd27f8ba2f50cc
2026-08-06 08:04:00 | INFO    |     De: Stack Overflow <do-not-reply@hello.stackoverflow.email> Assunto: Issue 341: Are you a human or a robot? Data: Wed, 05 Aug 2026 14:15:34 +0000 Huma...

2026-08-06 08:04:01 | INFO    | [MEMPALACE] Resumo completo de agrupamento (Total: 545):
2026-08-06 08:04:01 | INFO    |     - 3d: 1 itens
2026-08-06 08:04:01 | INFO    |     - Diretorios: 4 itens
2026-08-06 08:04:01 | INFO    |     - Edicao: 1 itens
2026-08-06 08:04:01 | INFO    |     - Fisica: 1 itens
2026-08-06 08:04:01 | INFO    |     - MCP: 1 itens
2026-08-06 08:04:01 | INFO    |     - RH: 8 itens
2026-08-06 08:04:01 | INFO    |     - SalaComum: 9 itens
2026-08-06 08:04:01 | INFO    |     - TestRoom: 5 itens
2026-08-06 08:04:01 | INFO    |     - Validacao: 1 itens
2026-08-06 08:04:01 | INFO    |     - Windows_MCP: 7 itens
2026-08-06 08:04:01 | INFO    |     - accounts_contacts: 2 itens
2026-08-06 08:04:01 | INFO    |     - agent_tasks: 26 itens
2026-08-06 08:04:01 | INFO    |     - alerts: 13 itens
2026-08-06 08:04:01 | INFO    |     - android_and_pc_registrations: 21 itens
2026-08-06 08:04:01 | INFO    |     - antigravity: 1 itens
2026-08-06 08:04:01 | INFO    |     - career: 1 itens
2026-08-06 08:04:01 | INFO    |     - delika: 1 itens
2026-08-06 08:04:01 | INFO    |     - design: 1 itens
2026-08-06 08:04:01 | INFO    |     - dev: 1 itens
2026-08-06 08:04:01 | INFO    |     - Drive Principal: 79 itens
2026-08-06 08:04:01 | INFO    |     - Drive Trabalho: 10 itens
2026-08-06 08:04:01 | INFO    |     - drive_docs: 21 itens
2026-08-06 08:04:01 | INFO    |     - drive_shared_files: 10 itens
2026-08-06 08:04:01 | INFO    |     - education: 1 itens
2026-08-06 08:04:01 | INFO    |     - family: 1 itens
2026-08-06 08:04:01 | INFO    |     - github_repos: 2 itens
2026-08-06 08:04:01 | INFO    |     - Gmail Principal: 87 itens
2026-08-06 08:04:01 | INFO    |     - Gmail Trabalho: 49 itens
2026-08-06 08:04:01 | INFO    |     - gmail_linked_accounts: 11 itens
2026-08-06 08:04:01 | INFO    |     - gmail_notifications: 16 itens
2026-08-06 08:04:01 | INFO    |     - google_docs: 36 itens
2026-08-06 08:04:01 | INFO    |     - hardware: 2 itens
2026-08-06 08:04:01 | INFO    |     - jubileu: 4 itens
2026-08-06 08:04:01 | INFO    |     - mary_kay: 1 itens
2026-08-06 08:04:01 | INFO    |     - neon_orbit: 1 itens
2026-08-06 08:04:01 | INFO    |     - onedrive: 1 itens
2026-08-06 08:04:01 | INFO    |     - personal: 2 itens
2026-08-06 08:04:01 | INFO    |     - reddit_godot: 1 itens
2026-08-06 08:04:01 | INFO    |     - router: 1 itens
2026-08-06 08:04:01 | INFO    |     - security: 1 itens
2026-08-06 08:04:01 | INFO    |     - sparkhub: 1 itens
2026-08-06 08:04:01 | INFO    |     - storage_parser: 1 itens
2026-08-06 08:04:01 | INFO    |     - sync_audit: 24 itens
2026-08-06 08:04:01 | INFO    |     - system_status: 13 itens
2026-08-06 08:04:01 | INFO    |     - terabox: 1 itens
2026-08-06 08:04:01 | INFO    |     - tiktok_shop: 1 itens
2026-08-06 08:04:01 | INFO    |     - web_research_insights: 62 itens
2026-08-06 08:04:02 | INFO    | [MemPalace] Gravado: Asa=Email | Sala=gmail:Trabalho:19fd27dd6f6a4dbe
2026-08-06 08:04:02 | INFO    |     De: ArtStation <notifications@artstation.com> Assunto: New jobs on ArtStation Data: Wed, 5 Aug 2026 15:14:49 +0000 ArtStation Email Hello Alexandre Cu...

2026-08-06 08:04:03 | INFO    | [MemPalace] Gravado: Asa=Email | Sala=gmail:Trabalho:19fd26f395226f9e
2026-08-06 08:04:03 | INFO    |     De: recuperacoes@santander.com.br Assunto: Seu FGTS pode ajudar voc� no Novo Desenrola Brasil. Data: Wed, 5 Aug 2026 11:58:12 -0300 (BRT) Seu FGTS pod...

2026-08-06 08:04:03 | INFO    | [MEMPALACE] Resumo completo de agrupamento (Total: 547):
2026-08-06 08:04:03 | INFO    |     - 3d: 1 itens
2026-08-06 08:04:03 | INFO    |     - Diretorios: 4 itens
2026-08-06 08:04:03 | INFO    |     - Edicao: 1 itens
2026-08-06 08:04:03 | INFO    |     - Fisica: 1 itens
2026-08-06 08:04:03 | INFO    |     - MCP: 1 itens
2026-08-06 08:04:03 | INFO    |     - RH: 8 itens
2026-08-06 08:04:03 | INFO    |     - SalaComum: 9 itens
2026-08-06 08:04:03 | INFO    |     - TestRoom: 5 itens
2026-08-06 08:04:03 | INFO    |     - Validacao: 1 itens
2026-08-06 08:04:03 | INFO    |     - Windows_MCP: 7 itens
2026-08-06 08:04:03 | INFO    |     - accounts_contacts: 2 itens
2026-08-06 08:04:03 | INFO    |     - agent_tasks: 26 itens
2026-08-06 08:04:03 | INFO    |     - alerts: 13 itens
2026-08-06 08:04:03 | INFO    |     - android_and_pc_registrations: 21 itens
2026-08-06 08:04:03 | INFO    |     - antigravity: 1 itens
2026-08-06 08:04:03 | INFO    |     - career: 1 itens
2026-08-06 08:04:03 | INFO    |     - delika: 1 itens
2026-08-06 08:04:03 | INFO    |     - design: 1 itens
2026-08-06 08:04:03 | INFO    |     - dev: 1 itens
2026-08-06 08:04:03 | INFO    |     - Drive Principal: 79 itens
2026-08-06 08:04:03 | INFO    |     - Drive Trabalho: 10 itens
2026-08-06 08:04:03 | INFO    |     - drive_docs: 21 itens
2026-08-06 08:04:03 | INFO    |     - drive_shared_files: 10 itens
2026-08-06 08:04:03 | INFO    |     - education: 1 itens
2026-08-06 08:04:03 | INFO    |     - family: 1 itens
2026-08-06 08:04:03 | INFO    |     - github_repos: 2 itens
2026-08-06 08:04:03 | INFO    |     - Gmail Principal: 87 itens
2026-08-06 08:04:03 | INFO    |     - Gmail Trabalho: 51 itens
2026-08-06 08:04:03 | INFO    |     - gmail_linked_accounts: 11 itens
2026-08-06 08:04:03 | INFO    |     - gmail_notifications: 16 itens
2026-08-06 08:04:03 | INFO    |     - google_docs: 36 itens
2026-08-06 08:04:03 | INFO    |     - hardware: 2 itens
2026-08-06 08:04:03 | INFO    |     - jubileu: 4 itens
2026-08-06 08:04:03 | INFO    |     - mary_kay: 1 itens
2026-08-06 08:04:03 | INFO    |     - neon_orbit: 1 itens
2026-08-06 08:04:03 | INFO    |     - onedrive: 1 itens
2026-08-06 08:04:03 | INFO    |     - personal: 2 itens
2026-08-06 08:04:03 | INFO    |     - reddit_godot: 1 itens
2026-08-06 08:04:03 | INFO    |     - router: 1 itens
2026-08-06 08:04:03 | INFO    |     - security: 1 itens
2026-08-06 08:04:03 | INFO    |     - sparkhub: 1 itens
2026-08-06 08:04:03 | INFO    |     - storage_parser: 1 itens
2026-08-06 08:04:03 | INFO    |     - sync_audit: 24 itens
2026-08-06 08:04:03 | INFO    |     - system_status: 13 itens
2026-08-06 08:04:03 | INFO    |     - terabox: 1 itens
2026-08-06 08:04:03 | INFO    |     - tiktok_shop: 1 itens
2026-08-06 08:04:03 | INFO    |     - web_research_insights: 62 itens
2026-08-06 08:04:04 | INFO    | [MemPalace] Gravado: Asa=Email | Sala=gmail:Trabalho:19fd2617d7942425
2026-08-06 08:04:04 | INFO    |     De: Vagas de Emprego na Catho <avisovagas@catho.com.br> Assunto: AEC CONSULTING está contratando para Operador de Atendimento + 10 novas vagas em São ...

2026-08-06 08:04:05 | INFO    | [MEMPALACE] Resumo completo de agrupamento (Total: 548):
2026-08-06 08:04:05 | INFO    |     - 3d: 1 itens
2026-08-06 08:04:05 | INFO    |     - Diretorios: 4 itens
2026-08-06 08:04:05 | INFO    |     - Edicao: 1 itens
2026-08-06 08:04:05 | INFO    |     - Fisica: 1 itens
2026-08-06 08:04:05 | INFO    |     - MCP: 1 itens
2026-08-06 08:04:05 | INFO    |     - RH: 8 itens
2026-08-06 08:04:05 | INFO    |     - SalaComum: 9 itens
2026-08-06 08:04:05 | INFO    |     - TestRoom: 5 itens
2026-08-06 08:04:05 | INFO    |     - Validacao: 1 itens
2026-08-06 08:04:05 | INFO    |     - Windows_MCP: 7 itens
2026-08-06 08:04:05 | INFO    |     - accounts_contacts: 2 itens
2026-08-06 08:04:05 | INFO    |     - agent_tasks: 26 itens
2026-08-06 08:04:05 | INFO    |     - alerts: 13 itens
2026-08-06 08:04:05 | INFO    |     - android_and_pc_registrations: 21 itens
2026-08-06 08:04:05 | INFO    |     - antigravity: 1 itens
2026-08-06 08:04:05 | INFO    |     - career: 1 itens
2026-08-06 08:04:05 | INFO    |     - delika: 1 itens
2026-08-06 08:04:05 | INFO    |     - design: 1 itens
2026-08-06 08:04:05 | INFO    |     - dev: 1 itens
2026-08-06 08:04:05 | INFO    |     - Drive Principal: 79 itens
2026-08-06 08:04:05 | INFO    |     - Drive Trabalho: 10 itens
2026-08-06 08:04:05 | INFO    |     - drive_docs: 21 itens
2026-08-06 08:04:05 | INFO    |     - drive_shared_files: 10 itens
2026-08-06 08:04:05 | INFO    |     - education: 1 itens
2026-08-06 08:04:05 | INFO    |     - family: 1 itens
2026-08-06 08:04:05 | INFO    |     - github_repos: 2 itens
2026-08-06 08:04:05 | INFO    |     - Gmail Principal: 87 itens
2026-08-06 08:04:05 | INFO    |     - Gmail Trabalho: 52 itens
2026-08-06 08:04:05 | INFO    |     - gmail_linked_accounts: 11 itens
2026-08-06 08:04:05 | INFO    |     - gmail_notifications: 16 itens
2026-08-06 08:04:05 | INFO    |     - google_docs: 36 itens
2026-08-06 08:04:05 | INFO    |     - hardware: 2 itens
2026-08-06 08:04:05 | INFO    |     - jubileu: 4 itens
2026-08-06 08:04:05 | INFO    |     - mary_kay: 1 itens
2026-08-06 08:04:05 | INFO    |     - neon_orbit: 1 itens
2026-08-06 08:04:05 | INFO    |     - onedrive: 1 itens
2026-08-06 08:04:05 | INFO    |     - personal: 2 itens
2026-08-06 08:04:05 | INFO    |     - reddit_godot: 1 itens
2026-08-06 08:04:05 | INFO    |     - router: 1 itens
2026-08-06 08:04:05 | INFO    |     - security: 1 itens
2026-08-06 08:04:05 | INFO    |     - sparkhub: 1 itens
2026-08-06 08:04:05 | INFO    |     - storage_parser: 1 itens
2026-08-06 08:04:05 | INFO    |     - sync_audit: 24 itens
2026-08-06 08:04:05 | INFO    |     - system_status: 13 itens
2026-08-06 08:04:05 | INFO    |     - terabox: 1 itens
2026-08-06 08:04:05 | INFO    |     - tiktok_shop: 1 itens
2026-08-06 08:04:05 | INFO    |     - web_research_insights: 62 itens
2026-08-06 08:04:06 | INFO    | [MemPalace] Gravado: Asa=Email | Sala=gmail:Trabalho:19fd2617ccea87f0
2026-08-06 08:04:06 | INFO    |     De: Vagas de Emprego na Catho <avisovagas@catho.com.br> Assunto: DUIMPWEB está contratando para Estágio na área de Análise e Desenvolvimento de Sistem...

2026-08-06 08:04:07 | INFO    | [MEMPALACE] Resumo completo de agrupamento (Total: 549):
2026-08-06 08:04:07 | INFO    |     - 3d: 1 itens
2026-08-06 08:04:07 | INFO    |     - Diretorios: 4 itens
2026-08-06 08:04:07 | INFO    |     - Edicao: 1 itens
2026-08-06 08:04:07 | INFO    |     - Fisica: 1 itens
2026-08-06 08:04:07 | INFO    |     - MCP: 1 itens
2026-08-06 08:04:07 | INFO    |     - RH: 8 itens
2026-08-06 08:04:07 | INFO    |     - SalaComum: 9 itens
2026-08-06 08:04:07 | INFO    |     - TestRoom: 5 itens
2026-08-06 08:04:07 | INFO    |     - Validacao: 1 itens
2026-08-06 08:04:07 | INFO    |     - Windows_MCP: 7 itens
2026-08-06 08:04:07 | INFO    |     - accounts_contacts: 2 itens
2026-08-06 08:04:07 | INFO    |     - agent_tasks: 26 itens
2026-08-06 08:04:07 | INFO    |     - alerts: 13 itens
2026-08-06 08:04:07 | INFO    |     - android_and_pc_registrations: 21 itens
2026-08-06 08:04:07 | INFO    |     - antigravity: 1 itens
2026-08-06 08:04:07 | INFO    |     - career: 1 itens
2026-08-06 08:04:07 | INFO    |     - delika: 1 itens
2026-08-06 08:04:07 | INFO    |     - design: 1 itens
2026-08-06 08:04:07 | INFO    |     - dev: 1 itens
2026-08-06 08:04:07 | INFO    |     - Drive Principal: 79 itens
2026-08-06 08:04:07 | INFO    |     - Drive Trabalho: 10 itens
2026-08-06 08:04:07 | INFO    |     - drive_docs: 21 itens
2026-08-06 08:04:07 | INFO    |     - drive_shared_files: 10 itens
2026-08-06 08:04:07 | INFO    |     - education: 1 itens
2026-08-06 08:04:07 | INFO    |     - family: 1 itens
2026-08-06 08:04:07 | INFO    |     - github_repos: 2 itens
2026-08-06 08:04:07 | INFO    |     - Gmail Principal: 87 itens
2026-08-06 08:04:07 | INFO    |     - Gmail Trabalho: 53 itens
2026-08-06 08:04:07 | INFO    |     - gmail_linked_accounts: 11 itens
2026-08-06 08:04:07 | INFO    |     - gmail_notifications: 16 itens
2026-08-06 08:04:07 | INFO    |     - google_docs: 36 itens
2026-08-06 08:04:07 | INFO    |     - hardware: 2 itens
2026-08-06 08:04:07 | INFO    |     - jubileu: 4 itens
2026-08-06 08:04:07 | INFO    |     - mary_kay: 1 itens
2026-08-06 08:04:07 | INFO    |     - neon_orbit: 1 itens
2026-08-06 08:04:07 | INFO    |     - onedrive: 1 itens
2026-08-06 08:04:07 | INFO    |     - personal: 2 itens
2026-08-06 08:04:07 | INFO    |     - reddit_godot: 1 itens
2026-08-06 08:04:07 | INFO    |     - router: 1 itens
2026-08-06 08:04:07 | INFO    |     - security: 1 itens
2026-08-06 08:04:07 | INFO    |     - sparkhub: 1 itens
2026-08-06 08:04:07 | INFO    |     - storage_parser: 1 itens
2026-08-06 08:04:07 | INFO    |     - sync_audit: 24 itens
2026-08-06 08:04:07 | INFO    |     - system_status: 13 itens
2026-08-06 08:04:07 | INFO    |     - terabox: 1 itens
2026-08-06 08:04:07 | INFO    |     - tiktok_shop: 1 itens
2026-08-06 08:04:07 | INFO    |     - web_research_insights: 62 itens
2026-08-06 08:04:07 | INFO    | [MemPalace] Gravado: Asa=Email | Sala=gmail:Trabalho:19fd2617cb0b2549
2026-08-06 08:04:07 | INFO    |     De: Vagas de Emprego na Catho <avisovagas@catho.com.br> Assunto: DIGITEX TRIO está contratando para Designer + 10 novas vagas em São Paulo Data: Wed, ...

2026-08-06 08:04:09 | INFO    | [MemPalace] Gravado: Asa=Email | Sala=gmail:Trabalho:19fd257afb8db0c8
2026-08-06 08:04:09 | INFO    |     De: Esporte Ao Minuto Brasil <info@esporte.noticiasaominutobr.com> Assunto: Cristiano Ronaldo mostra coleção de carros | Neymar se envolve em confusão...

2026-08-06 08:04:09 | INFO    | [MEMPALACE] Resumo completo de agrupamento (Total: 551):
2026-08-06 08:04:09 | INFO    |     - 3d: 1 itens
2026-08-06 08:04:09 | INFO    |     - Diretorios: 4 itens
2026-08-06 08:04:09 | INFO    |     - Edicao: 1 itens
2026-08-06 08:04:09 | INFO    |     - Fisica: 1 itens
2026-08-06 08:04:09 | INFO    |     - MCP: 1 itens
2026-08-06 08:04:09 | INFO    |     - RH: 8 itens
2026-08-06 08:04:09 | INFO    |     - SalaComum: 9 itens
2026-08-06 08:04:09 | INFO    |     - TestRoom: 5 itens
2026-08-06 08:04:09 | INFO    |     - Validacao: 1 itens
2026-08-06 08:04:09 | INFO    |     - Windows_MCP: 7 itens
2026-08-06 08:04:09 | INFO    |     - accounts_contacts: 2 itens
2026-08-06 08:04:09 | INFO    |     - agent_tasks: 26 itens
2026-08-06 08:04:09 | INFO    |     - alerts: 13 itens
2026-08-06 08:04:09 | INFO    |     - android_and_pc_registrations: 21 itens
2026-08-06 08:04:09 | INFO    |     - antigravity: 1 itens
2026-08-06 08:04:09 | INFO    |     - career: 1 itens
2026-08-06 08:04:09 | INFO    |     - delika: 1 itens
2026-08-06 08:04:09 | INFO    |     - design: 1 itens
2026-08-06 08:04:09 | INFO    |     - dev: 1 itens
2026-08-06 08:04:09 | INFO    |     - Drive Principal: 79 itens
2026-08-06 08:04:09 | INFO    |     - Drive Trabalho: 10 itens
2026-08-06 08:04:09 | INFO    |     - drive_docs: 21 itens
2026-08-06 08:04:09 | INFO    |     - drive_shared_files: 10 itens
2026-08-06 08:04:09 | INFO    |     - education: 1 itens
2026-08-06 08:04:09 | INFO    |     - family: 1 itens
2026-08-06 08:04:09 | INFO    |     - github_repos: 2 itens
2026-08-06 08:04:09 | INFO    |     - Gmail Principal: 87 itens
2026-08-06 08:04:09 | INFO    |     - Gmail Trabalho: 55 itens
2026-08-06 08:04:09 | INFO    |     - gmail_linked_accounts: 11 itens
2026-08-06 08:04:09 | INFO    |     - gmail_notifications: 16 itens
2026-08-06 08:04:09 | INFO    |     - google_docs: 36 itens
2026-08-06 08:04:09 | INFO    |     - hardware: 2 itens
2026-08-06 08:04:09 | INFO    |     - jubileu: 4 itens
2026-08-06 08:04:09 | INFO    |     - mary_kay: 1 itens
2026-08-06 08:04:09 | INFO    |     - neon_orbit: 1 itens
2026-08-06 08:04:09 | INFO    |     - onedrive: 1 itens
2026-08-06 08:04:09 | INFO    |     - personal: 2 itens
2026-08-06 08:04:09 | INFO    |     - reddit_godot: 1 itens
2026-08-06 08:04:09 | INFO    |     - router: 1 itens
2026-08-06 08:04:09 | INFO    |     - security: 1 itens
2026-08-06 08:04:09 | INFO    |     - sparkhub: 1 itens
2026-08-06 08:04:09 | INFO    |     - storage_parser: 1 itens
2026-08-06 08:04:09 | INFO    |     - sync_audit: 24 itens
2026-08-06 08:04:09 | INFO    |     - system_status: 13 itens
2026-08-06 08:04:09 | INFO    |     - terabox: 1 itens
2026-08-06 08:04:09 | INFO    |     - tiktok_shop: 1 itens
2026-08-06 08:04:09 | INFO    |     - web_research_insights: 62 itens
2026-08-06 08:04:10 | INFO    | [MemPalace] Gravado: Asa=Email | Sala=gmail:Trabalho:19fd2526d256d593
2026-08-06 08:04:10 | INFO    |     De: Indeed <donotreply@jobalert.indeed.com> Assunto: remoto em embu guaçu, sp. Bombeiro Civil em Libbs Farmacêutica e mais 5 novas vagas Data: Wed, 05...

2026-08-06 08:04:11 | INFO    | [MEMPALACE] Resumo completo de agrupamento (Total: 552):
2026-08-06 08:04:11 | INFO    |     - 3d: 1 itens
2026-08-06 08:04:11 | INFO    |     - Diretorios: 4 itens
2026-08-06 08:04:11 | INFO    |     - Edicao: 1 itens
2026-08-06 08:04:11 | INFO    |     - Fisica: 1 itens
2026-08-06 08:04:11 | INFO    |     - MCP: 1 itens
2026-08-06 08:04:11 | INFO    |     - RH: 8 itens
2026-08-06 08:04:11 | INFO    |     - SalaComum: 9 itens
2026-08-06 08:04:11 | INFO    |     - TestRoom: 5 itens
2026-08-06 08:04:11 | INFO    |     - Validacao: 1 itens
2026-08-06 08:04:11 | INFO    |     - Windows_MCP: 7 itens
2026-08-06 08:04:11 | INFO    |     - accounts_contacts: 2 itens
2026-08-06 08:04:11 | INFO    |     - agent_tasks: 26 itens
2026-08-06 08:04:11 | INFO    |     - alerts: 13 itens
2026-08-06 08:04:11 | INFO    |     - android_and_pc_registrations: 21 itens
2026-08-06 08:04:11 | INFO    |     - antigravity: 1 itens
2026-08-06 08:04:11 | INFO    |     - career: 1 itens
2026-08-06 08:04:11 | INFO    |     - delika: 1 itens
2026-08-06 08:04:11 | INFO    |     - design: 1 itens
2026-08-06 08:04:11 | INFO    |     - dev: 1 itens
2026-08-06 08:04:11 | INFO    |     - Drive Principal: 79 itens
2026-08-06 08:04:11 | INFO    |     - Drive Trabalho: 10 itens
2026-08-06 08:04:11 | INFO    |     - drive_docs: 21 itens
2026-08-06 08:04:11 | INFO    |     - drive_shared_files: 10 itens
2026-08-06 08:04:11 | INFO    |     - education: 1 itens
2026-08-06 08:04:11 | INFO    |     - family: 1 itens
2026-08-06 08:04:11 | INFO    |     - github_repos: 2 itens
2026-08-06 08:04:11 | INFO    |     - Gmail Principal: 87 itens
2026-08-06 08:04:11 | INFO    |     - Gmail Trabalho: 56 itens
2026-08-06 08:04:11 | INFO    |     - gmail_linked_accounts: 11 itens
2026-08-06 08:04:11 | INFO    |     - gmail_notifications: 16 itens
2026-08-06 08:04:11 | INFO    |     - google_docs: 36 itens
2026-08-06 08:04:11 | INFO    |     - hardware: 2 itens
2026-08-06 08:04:11 | INFO    |     - jubileu: 4 itens
2026-08-06 08:04:11 | INFO    |     - mary_kay: 1 itens
2026-08-06 08:04:11 | INFO    |     - neon_orbit: 1 itens
2026-08-06 08:04:11 | INFO    |     - onedrive: 1 itens
2026-08-06 08:04:11 | INFO    |     - personal: 2 itens
2026-08-06 08:04:11 | INFO    |     - reddit_godot: 1 itens
2026-08-06 08:04:11 | INFO    |     - router: 1 itens
2026-08-06 08:04:11 | INFO    |     - security: 1 itens
2026-08-06 08:04:11 | INFO    |     - sparkhub: 1 itens
2026-08-06 08:04:11 | INFO    |     - storage_parser: 1 itens
2026-08-06 08:04:11 | INFO    |     - sync_audit: 24 itens
2026-08-06 08:04:11 | INFO    |     - system_status: 13 itens
2026-08-06 08:04:11 | INFO    |     - terabox: 1 itens
2026-08-06 08:04:11 | INFO    |     - tiktok_shop: 1 itens
2026-08-06 08:04:11 | INFO    |     - web_research_insights: 62 itens
2026-08-06 08:04:11 | INFO    | [MemPalace] Gravado: Asa=Email | Sala=gmail:Trabalho:19fd24762dd64d73
2026-08-06 08:04:11 | INFO    |     De: "Claro – Soluções de Pagamento com Acordo Certo" <contato@mkt.acordocerto.com.br> Assunto: Atualização sobre o status do seu débito Data: Wed, 5 A...

2026-08-06 08:04:13 | INFO    | [MemPalace] Gravado: Asa=Email | Sala=gmail:Trabalho:19fd2386d968bf4a
2026-08-06 08:04:13 | INFO    |     De: Vagas de Emprego na Catho <avisovagas@catho.com.br> Assunto: INSTRUCORP INSTRUMENTOS DE MEDICAO está contratando para Assistente de Design Gráfico...

2026-08-06 08:04:13 | INFO    | [MEMPALACE] Resumo completo de agrupamento (Total: 554):
2026-08-06 08:04:13 | INFO    |     - 3d: 1 itens
2026-08-06 08:04:13 | INFO    |     - Diretorios: 4 itens
2026-08-06 08:04:13 | INFO    |     - Edicao: 1 itens
2026-08-06 08:04:13 | INFO    |     - Fisica: 1 itens
2026-08-06 08:04:13 | INFO    |     - MCP: 1 itens
2026-08-06 08:04:13 | INFO    |     - RH: 8 itens
2026-08-06 08:04:13 | INFO    |     - SalaComum: 9 itens
2026-08-06 08:04:13 | INFO    |     - TestRoom: 5 itens
2026-08-06 08:04:13 | INFO    |     - Validacao: 1 itens
2026-08-06 08:04:13 | INFO    |     - Windows_MCP: 7 itens
2026-08-06 08:04:13 | INFO    |     - accounts_contacts: 2 itens
2026-08-06 08:04:13 | INFO    |     - agent_tasks: 26 itens
2026-08-06 08:04:13 | INFO    |     - alerts: 13 itens
2026-08-06 08:04:13 | INFO    |     - android_and_pc_registrations: 21 itens
2026-08-06 08:04:13 | INFO    |     - antigravity: 1 itens
2026-08-06 08:04:13 | INFO    |     - career: 1 itens
2026-08-06 08:04:13 | INFO    |     - delika: 1 itens
2026-08-06 08:04:13 | INFO    |     - design: 1 itens
2026-08-06 08:04:13 | INFO    |     - dev: 1 itens
2026-08-06 08:04:13 | INFO    |     - Drive Principal: 79 itens
2026-08-06 08:04:13 | INFO    |     - Drive Trabalho: 10 itens
2026-08-06 08:04:13 | INFO    |     - drive_docs: 21 itens
2026-08-06 08:04:13 | INFO    |     - drive_shared_files: 10 itens
2026-08-06 08:04:13 | INFO    |     - education: 1 itens
2026-08-06 08:04:13 | INFO    |     - family: 1 itens
2026-08-06 08:04:13 | INFO    |     - github_repos: 2 itens
2026-08-06 08:04:13 | INFO    |     - Gmail Principal: 87 itens
2026-08-06 08:04:13 | INFO    |     - Gmail Trabalho: 58 itens
2026-08-06 08:04:13 | INFO    |     - gmail_linked_accounts: 11 itens
2026-08-06 08:04:13 | INFO    |     - gmail_notifications: 16 itens
2026-08-06 08:04:13 | INFO    |     - google_docs: 36 itens
2026-08-06 08:04:13 | INFO    |     - hardware: 2 itens
2026-08-06 08:04:13 | INFO    |     - jubileu: 4 itens
2026-08-06 08:04:13 | INFO    |     - mary_kay: 1 itens
2026-08-06 08:04:13 | INFO    |     - neon_orbit: 1 itens
2026-08-06 08:04:13 | INFO    |     - onedrive: 1 itens
2026-08-06 08:04:13 | INFO    |     - personal: 2 itens
2026-08-06 08:04:13 | INFO    |     - reddit_godot: 1 itens
2026-08-06 08:04:13 | INFO    |     - router: 1 itens
2026-08-06 08:04:13 | INFO    |     - security: 1 itens
2026-08-06 08:04:13 | INFO    |     - sparkhub: 1 itens
2026-08-06 08:04:13 | INFO    |     - storage_parser: 1 itens
2026-08-06 08:04:13 | INFO    |     - sync_audit: 24 itens
2026-08-06 08:04:13 | INFO    |     - system_status: 13 itens
2026-08-06 08:04:13 | INFO    |     - terabox: 1 itens
2026-08-06 08:04:13 | INFO    |     - tiktok_shop: 1 itens
2026-08-06 08:04:13 | INFO    |     - web_research_insights: 62 itens
2026-08-06 08:04:14 | INFO    | [MemPalace] Gravado: Asa=Email | Sala=gmail:Trabalho:19fd2386c3322a01
2026-08-06 08:04:14 | INFO    |     De: Vagas de Emprego na Catho <avisovagas@catho.com.br> Assunto: DIGITEX TRIO está contratando para Designer + 10 novas vagas em São Paulo Data: Wed, ...

2026-08-06 08:04:15 | INFO    | [MEMPALACE] Resumo completo de agrupamento (Total: 555):
2026-08-06 08:04:15 | INFO    |     - 3d: 1 itens
2026-08-06 08:04:15 | INFO    |     - Diretorios: 4 itens
2026-08-06 08:04:15 | INFO    |     - Edicao: 1 itens
2026-08-06 08:04:15 | INFO    |     - Fisica: 1 itens
2026-08-06 08:04:15 | INFO    |     - MCP: 1 itens
2026-08-06 08:04:15 | INFO    |     - RH: 8 itens
2026-08-06 08:04:15 | INFO    |     - SalaComum: 9 itens
2026-08-06 08:04:15 | INFO    |     - TestRoom: 5 itens
2026-08-06 08:04:15 | INFO    |     - Validacao: 1 itens
2026-08-06 08:04:15 | INFO    |     - Windows_MCP: 7 itens
2026-08-06 08:04:15 | INFO    |     - accounts_contacts: 2 itens
2026-08-06 08:04:15 | INFO    |     - agent_tasks: 26 itens
2026-08-06 08:04:15 | INFO    |     - alerts: 13 itens
2026-08-06 08:04:15 | INFO    |     - android_and_pc_registrations: 21 itens
2026-08-06 08:04:15 | INFO    |     - antigravity: 1 itens
2026-08-06 08:04:15 | INFO    |     - career: 1 itens
2026-08-06 08:04:15 | INFO    |     - delika: 1 itens
2026-08-06 08:04:15 | INFO    |     - design: 1 itens
2026-08-06 08:04:15 | INFO    |     - dev: 1 itens
2026-08-06 08:04:15 | INFO    |     - Drive Principal: 79 itens
2026-08-06 08:04:15 | INFO    |     - Drive Trabalho: 10 itens
2026-08-06 08:04:15 | INFO    |     - drive_docs: 21 itens
2026-08-06 08:04:15 | INFO    |     - drive_shared_files: 10 itens
2026-08-06 08:04:15 | INFO    |     - education: 1 itens
2026-08-06 08:04:15 | INFO    |     - family: 1 itens
2026-08-06 08:04:15 | INFO    |     - github_repos: 2 itens
2026-08-06 08:04:15 | INFO    |     - Gmail Principal: 87 itens
2026-08-06 08:04:15 | INFO    |     - Gmail Trabalho: 59 itens
2026-08-06 08:04:15 | INFO    |     - gmail_linked_accounts: 11 itens
2026-08-06 08:04:15 | INFO    |     - gmail_notifications: 16 itens
2026-08-06 08:04:15 | INFO    |     - google_docs: 36 itens
2026-08-06 08:04:15 | INFO    |     - hardware: 2 itens
2026-08-06 08:04:15 | INFO    |     - jubileu: 4 itens
2026-08-06 08:04:15 | INFO    |     - mary_kay: 1 itens
2026-08-06 08:04:15 | INFO    |     - neon_orbit: 1 itens
2026-08-06 08:04:15 | INFO    |     - onedrive: 1 itens
2026-08-06 08:04:15 | INFO    |     - personal: 2 itens
2026-08-06 08:04:15 | INFO    |     - reddit_godot: 1 itens
2026-08-06 08:04:15 | INFO    |     - router: 1 itens
2026-08-06 08:04:15 | INFO    |     - security: 1 itens
2026-08-06 08:04:15 | INFO    |     - sparkhub: 1 itens
2026-08-06 08:04:15 | INFO    |     - storage_parser: 1 itens
2026-08-06 08:04:15 | INFO    |     - sync_audit: 24 itens
2026-08-06 08:04:15 | INFO    |     - system_status: 13 itens
2026-08-06 08:04:15 | INFO    |     - terabox: 1 itens
2026-08-06 08:04:15 | INFO    |     - tiktok_shop: 1 itens
2026-08-06 08:04:15 | INFO    |     - web_research_insights: 62 itens
2026-08-06 08:04:15 | INFO    | [MemPalace] Gravado: Asa=Email | Sala=gmail:Trabalho:19fd2213ffb9064a
2026-08-06 08:04:15 | INFO    |     De: Nubank <todomundo@nubank.com.br> Assunto: Qual é a melhor forma de falar com o Nubank? Data: Wed, 05 Aug 2026 13:33:39 +0000 96 Chat ou aplicativo...

2026-08-06 08:04:17 | INFO    | [MemPalace] Gravado: Asa=Email | Sala=gmail:Trabalho:19fd21ddfb564a02
2026-08-06 08:04:17 | INFO    |     De: Infojobs Brasil <alerts@infojobs.com.br> Assunto: Contrata-se com urgência em Empresa confidencial Data: 5 Aug 2026 13:29:49 +0000 96 Você recebeu...

2026-08-06 08:04:17 | INFO    | [MEMPALACE] Resumo completo de agrupamento (Total: 557):
2026-08-06 08:04:17 | INFO    |     - 3d: 1 itens
2026-08-06 08:04:17 | INFO    |     - Diretorios: 4 itens
2026-08-06 08:04:17 | INFO    |     - Edicao: 1 itens
2026-08-06 08:04:17 | INFO    |     - Fisica: 1 itens
2026-08-06 08:04:17 | INFO    |     - MCP: 1 itens
2026-08-06 08:04:17 | INFO    |     - RH: 8 itens
2026-08-06 08:04:17 | INFO    |     - SalaComum: 9 itens
2026-08-06 08:04:17 | INFO    |     - TestRoom: 5 itens
2026-08-06 08:04:17 | INFO    |     - Validacao: 1 itens
2026-08-06 08:04:17 | INFO    |     - Windows_MCP: 7 itens
2026-08-06 08:04:17 | INFO    |     - accounts_contacts: 2 itens
2026-08-06 08:04:17 | INFO    |     - agent_tasks: 26 itens
2026-08-06 08:04:17 | INFO    |     - alerts: 13 itens
2026-08-06 08:04:17 | INFO    |     - android_and_pc_registrations: 21 itens
2026-08-06 08:04:17 | INFO    |     - antigravity: 1 itens
2026-08-06 08:04:17 | INFO    |     - career: 1 itens
2026-08-06 08:04:17 | INFO    |     - delika: 1 itens
2026-08-06 08:04:17 | INFO    |     - design: 1 itens
2026-08-06 08:04:17 | INFO    |     - dev: 1 itens
2026-08-06 08:04:17 | INFO    |     - Drive Principal: 79 itens
2026-08-06 08:04:17 | INFO    |     - Drive Trabalho: 10 itens
2026-08-06 08:04:17 | INFO    |     - drive_docs: 21 itens
2026-08-06 08:04:17 | INFO    |     - drive_shared_files: 10 itens
2026-08-06 08:04:17 | INFO    |     - education: 1 itens
2026-08-06 08:04:17 | INFO    |     - family: 1 itens
2026-08-06 08:04:17 | INFO    |     - github_repos: 2 itens
2026-08-06 08:04:17 | INFO    |     - Gmail Principal: 87 itens
2026-08-06 08:04:17 | INFO    |     - Gmail Trabalho: 61 itens
2026-08-06 08:04:17 | INFO    |     - gmail_linked_accounts: 11 itens
2026-08-06 08:04:17 | INFO    |     - gmail_notifications: 16 itens
2026-08-06 08:04:17 | INFO    |     - google_docs: 36 itens
2026-08-06 08:04:17 | INFO    |     - hardware: 2 itens
2026-08-06 08:04:17 | INFO    |     - jubileu: 4 itens
2026-08-06 08:04:17 | INFO    |     - mary_kay: 1 itens
2026-08-06 08:04:17 | INFO    |     - neon_orbit: 1 itens
2026-08-06 08:04:17 | INFO    |     - onedrive: 1 itens
2026-08-06 08:04:17 | INFO    |     - personal: 2 itens
2026-08-06 08:04:17 | INFO    |     - reddit_godot: 1 itens
2026-08-06 08:04:17 | INFO    |     - router: 1 itens
2026-08-06 08:04:17 | INFO    |     - security: 1 itens
2026-08-06 08:04:17 | INFO    |     - sparkhub: 1 itens
2026-08-06 08:04:17 | INFO    |     - storage_parser: 1 itens
2026-08-06 08:04:17 | INFO    |     - sync_audit: 24 itens
2026-08-06 08:04:17 | INFO    |     - system_status: 13 itens
2026-08-06 08:04:17 | INFO    |     - terabox: 1 itens
2026-08-06 08:04:17 | INFO    |     - tiktok_shop: 1 itens
2026-08-06 08:04:17 | INFO    |     - web_research_insights: 62 itens
2026-08-06 08:04:18 | INFO    | [MemPalace] Gravado: Asa=Email | Sala=gmail:Trabalho:19fd211f313777bb
2026-08-06 08:04:18 | INFO    |     De: Infojobs <info@infojobs.com.br> Assunto: Há novas vagas de Auxiliar Administrativo perto de você Data: 5 Aug 2026 13:16:48 +0000 96 Localiza Rent ...

2026-08-06 08:04:19 | INFO    | [MEMPALACE] Resumo completo de agrupamento (Total: 558):
2026-08-06 08:04:19 | INFO    |     - 3d: 1 itens
2026-08-06 08:04:19 | INFO    |     - Diretorios: 4 itens
2026-08-06 08:04:19 | INFO    |     - Edicao: 1 itens
2026-08-06 08:04:19 | INFO    |     - Fisica: 1 itens
2026-08-06 08:04:19 | INFO    |     - MCP: 1 itens
2026-08-06 08:04:19 | INFO    |     - RH: 8 itens
2026-08-06 08:04:19 | INFO    |     - SalaComum: 9 itens
2026-08-06 08:04:19 | INFO    |     - TestRoom: 5 itens
2026-08-06 08:04:19 | INFO    |     - Validacao: 1 itens
2026-08-06 08:04:19 | INFO    |     - Windows_MCP: 7 itens
2026-08-06 08:04:19 | INFO    |     - accounts_contacts: 2 itens
2026-08-06 08:04:19 | INFO    |     - agent_tasks: 26 itens
2026-08-06 08:04:19 | INFO    |     - alerts: 13 itens
2026-08-06 08:04:19 | INFO    |     - android_and_pc_registrations: 21 itens
2026-08-06 08:04:19 | INFO    |     - antigravity: 1 itens
2026-08-06 08:04:19 | INFO    |     - career: 1 itens
2026-08-06 08:04:19 | INFO    |     - delika: 1 itens
2026-08-06 08:04:19 | INFO    |     - design: 1 itens
2026-08-06 08:04:19 | INFO    |     - dev: 1 itens
2026-08-06 08:04:19 | INFO    |     - Drive Principal: 79 itens
2026-08-06 08:04:19 | INFO    |     - Drive Trabalho: 10 itens
2026-08-06 08:04:19 | INFO    |     - drive_docs: 21 itens
2026-08-06 08:04:19 | INFO    |     - drive_shared_files: 10 itens
2026-08-06 08:04:19 | INFO    |     - education: 1 itens
2026-08-06 08:04:19 | INFO    |     - family: 1 itens
2026-08-06 08:04:19 | INFO    |     - github_repos: 2 itens
2026-08-06 08:04:19 | INFO    |     - Gmail Principal: 87 itens
2026-08-06 08:04:19 | INFO    |     - Gmail Trabalho: 62 itens
2026-08-06 08:04:19 | INFO    |     - gmail_linked_accounts: 11 itens
2026-08-06 08:04:19 | INFO    |     - gmail_notifications: 16 itens
2026-08-06 08:04:19 | INFO    |     - google_docs: 36 itens
2026-08-06 08:04:19 | INFO    |     - hardware: 2 itens
2026-08-06 08:04:19 | INFO    |     - jubileu: 4 itens
2026-08-06 08:04:19 | INFO    |     - mary_kay: 1 itens
2026-08-06 08:04:19 | INFO    |     - neon_orbit: 1 itens
2026-08-06 08:04:19 | INFO    |     - onedrive: 1 itens
2026-08-06 08:04:19 | INFO    |     - personal: 2 itens
2026-08-06 08:04:19 | INFO    |     - reddit_godot: 1 itens
2026-08-06 08:04:19 | INFO    |     - router: 1 itens
2026-08-06 08:04:19 | INFO    |     - security: 1 itens
2026-08-06 08:04:19 | INFO    |     - sparkhub: 1 itens
2026-08-06 08:04:19 | INFO    |     - storage_parser: 1 itens
2026-08-06 08:04:19 | INFO    |     - sync_audit: 24 itens
2026-08-06 08:04:19 | INFO    |     - system_status: 13 itens
2026-08-06 08:04:19 | INFO    |     - terabox: 1 itens
2026-08-06 08:04:19 | INFO    |     - tiktok_shop: 1 itens
2026-08-06 08:04:19 | INFO    |     - web_research_insights: 62 itens
2026-08-06 08:04:20 | INFO    | [MemPalace] Gravado: Asa=Email | Sala=gmail:Trabalho:19fd20eaaa665025
2026-08-06 08:04:20 | INFO    |     De: Santander e Acordo Certo <contato@renegociacao.acordocerto.com.br> Assunto: Seu CPF pode estar na lista Data: Wed, 5 Aug 2026 13:13:23 +0000 96 Sa...

2026-08-06 08:04:21 | INFO    | [MEMPALACE] Resumo completo de agrupamento (Total: 559):
2026-08-06 08:04:21 | INFO    |     - 3d: 1 itens
2026-08-06 08:04:21 | INFO    |     - Diretorios: 4 itens
2026-08-06 08:04:21 | INFO    |     - Edicao: 1 itens
2026-08-06 08:04:21 | INFO    |     - Fisica: 1 itens
2026-08-06 08:04:21 | INFO    |     - MCP: 1 itens
2026-08-06 08:04:21 | INFO    |     - RH: 8 itens
2026-08-06 08:04:21 | INFO    |     - SalaComum: 9 itens
2026-08-06 08:04:21 | INFO    |     - TestRoom: 5 itens
2026-08-06 08:04:21 | INFO    |     - Validacao: 1 itens
2026-08-06 08:04:21 | INFO    |     - Windows_MCP: 7 itens
2026-08-06 08:04:21 | INFO    |     - accounts_contacts: 2 itens
2026-08-06 08:04:21 | INFO    |     - agent_tasks: 26 itens
l | Sala=gmail:Trabalho:19fd20a4745c865c
2026-08-06 08:04:21 | INFO    |     De: Infojobs <info@infojobs.com.br> Assunto: Empresa contrata Atendente De Chat +8 novas vagas de Operador De Telemarketing em São Paulo - SP Data: 5 ...

2026-08-06 08:04:21 | INFO    |     - alerts: 13 itens
2026-08-06 08:04:21 | INFO    |     - android_and_pc_registrations: 21 itens
2026-08-06 08:04:21 | INFO    |     - antigravity: 1 itens
2026-08-06 08:04:21 | INFO    |     - career: 1 itens
2026-08-06 08:04:21 | INFO    |     - delika: 1 itens
2026-08-06 08:04:21 | INFO    |     - design: 1 itens
2026-08-06 08:04:21 | INFO    |     - dev: 1 itens
2026-08-06 08:04:21 | INFO    |     - Drive Principal: 79 itens
2026-08-06 08:04:21 | INFO    |     - Drive Trabalho: 10 itens
2026-08-06 08:04:21 | INFO    |     - drive_docs: 21 itens
2026-08-06 08:04:21 | INFO    |     - drive_shared_files: 10 itens
2026-08-06 08:04:21 | INFO    |     - education: 1 itens
2026-08-06 08:04:21 | INFO    |     - family: 1 itens
2026-08-06 08:04:21 | INFO    |     - github_repos: 2 itens
2026-08-06 08:04:21 | INFO    |     - Gmail Principal: 87 itens
2026-08-06 08:04:21 | INFO    |     - Gmail Trabalho: 63 itens
2026-08-06 08:04:21 | INFO    |     - gmail_linked_accounts: 11 itens
2026-08-06 08:04:21 | INFO    |     - gmail_notifications: 16 itens
2026-08-06 08:04:21 | INFO    |     - google_docs: 36 itens
2026-08-06 08:04:21 | INFO    |     - hardware: 2 itens
2026-08-06 08:04:21 | INFO    |     - jubileu: 4 itens
2026-08-06 08:04:21 | INFO    |     - mary_kay: 1 itens
2026-08-06 08:04:21 | INFO    |     - neon_orbit: 1 itens
2026-08-06 08:04:21 | INFO    |     - onedrive: 1 itens
2026-08-06 08:04:21 | INFO    |     - personal: 2 itens
2026-08-06 08:04:21 | INFO    |     - reddit_godot: 1 itens
2026-08-06 08:04:21 | INFO    |     - router: 1 itens
2026-08-06 08:04:21 | INFO    |     - security: 1 itens
2026-08-06 08:04:21 | INFO    |     - sparkhub: 1 itens
2026-08-06 08:04:21 | INFO    |     - storage_parser: 1 itens
2026-08-06 08:04:21 | INFO    |     - sync_audit: 24 itens
2026-08-06 08:04:21 | INFO    |     - system_status: 13 itens
2026-08-06 08:04:21 | INFO    |     - terabox: 1 itens
2026-08-06 08:04:21 | INFO    |     - tiktok_shop: 1 itens
2026-08-06 08:04:21 | INFO    |     - web_research_insights: 62 itens
2026-08-06 08:04:23 | INFO    | [MemPalace] Gravado: Asa=Email | Sala=gmail:Trabalho:19fd209114d33848
2026-08-06 08:04:23 | INFO    |     De: "Bruna @Jobbol" <bruna@jobbol.com.br> Assunto: 🛄 Nova oportunidade na J&T Express Brasil Data: Wed, 5 Aug 2026 13:07:16 +0000 [Processo seletivo] ...

2026-08-06 08:04:23 | INFO    | [MEMPALACE] Resumo completo de agrupamento (Total: 561):
2026-08-06 08:04:23 | INFO    |     - 3d: 1 itens
2026-08-06 08:04:23 | INFO    |     - Diretorios: 4 itens
2026-08-06 08:04:23 | INFO    |     - Edicao: 1 itens
2026-08-06 08:04:23 | INFO    |     - Fisica: 1 itens
2026-08-06 08:04:23 | INFO    |     - MCP: 1 itens
2026-08-06 08:04:23 | INFO    |     - RH: 8 itens
2026-08-06 08:04:23 | INFO    |     - SalaComum: 9 itens
2026-08-06 08:04:23 | INFO    |     - TestRoom: 5 itens
2026-08-06 08:04:23 | INFO    |     - Validacao: 1 itens
2026-08-06 08:04:23 | INFO    |     - Windows_MCP: 7 itens
2026-08-06 08:04:23 | INFO    |     - accounts_contacts: 2 itens
2026-08-06 08:04:23 | INFO    |     - agent_tasks: 26 itens
2026-08-06 08:04:23 | INFO    |     - alerts: 13 itens
2026-08-06 08:04:23 | INFO    |     - android_and_pc_registrations: 21 itens
2026-08-06 08:04:23 | INFO    |     - antigravity: 1 itens
2026-08-06 08:04:23 | INFO    |     - career: 1 itens
2026-08-06 08:04:23 | INFO    |     - delika: 1 itens
2026-08-06 08:04:23 | INFO    |     - design: 1 itens
2026-08-06 08:04:23 | INFO    |     - dev: 1 itens
2026-08-06 08:04:23 | INFO    |     - Drive Principal: 79 itens
2026-08-06 08:04:23 | INFO    |     - Drive Trabalho: 10 itens
2026-08-06 08:04:23 | INFO    |     - drive_docs: 21 itens
2026-08-06 08:04:23 | INFO    |     - drive_shared_files: 10 itens
2026-08-06 08:04:23 | INFO    |     - education: 1 itens
2026-08-06 08:04:23 | INFO    |     - family: 1 itens
2026-08-06 08:04:23 | INFO    |     - github_repos: 2 itens
2026-08-06 08:04:23 | INFO    |     - Gmail Principal: 87 itens
2026-08-06 08:04:23 | INFO    |     - Gmail Trabalho: 65 itens
2026-08-06 08:04:23 | INFO    |     - gmail_linked_accounts: 11 itens
2026-08-06 08:04:23 | INFO    |     - gmail_notifications: 16 itens
2026-08-06 08:04:23 | INFO    |     - google_docs: 36 itens
2026-08-06 08:04:23 | INFO    |     - hardware: 2 itens
2026-08-06 08:04:23 | INFO    |     - jubileu: 4 itens
2026-08-06 08:04:23 | INFO    |     - mary_kay: 1 itens
2026-08-06 08:04:23 | INFO    |     - neon_orbit: 1 itens
2026-08-06 08:04:23 | INFO    |     - onedrive: 1 itens
2026-08-06 08:04:23 | INFO    |     - personal: 2 itens
2026-08-06 08:04:23 | INFO    |     - reddit_godot: 1 itens
2026-08-06 08:04:23 | INFO    |     - router: 1 itens
2026-08-06 08:04:23 | INFO    |     - security: 1 itens
2026-08-06 08:04:23 | INFO    |     - sparkhub: 1 itens
2026-08-06 08:04:23 | INFO    |     - storage_parser: 1 itens
2026-08-06 08:04:23 | INFO    |     - sync_audit: 24 itens
2026-08-06 08:04:23 | INFO    |     - system_status: 13 itens
2026-08-06 08:04:23 | INFO    |     - terabox: 1 itens
2026-08-06 08:04:23 | INFO    |     - tiktok_shop: 1 itens
2026-08-06 08:04:23 | INFO    |     - web_research_insights: 62 itens
2026-08-06 08:04:24 | INFO    | [MemPalace] Gravado: Asa=Email | Sala=gmail:Trabalho:19fd204f88532e6f
2026-08-06 08:04:24 | INFO    |     De: Infojobs <info@infojobs.com.br> Assunto: Empresa contrata Atendente De Chat +7 novas vagas de Teleatendente em São Paulo - SP Data: 5 Aug 2026 13:...

2026-08-06 08:04:25 | INFO    | [MEMPALACE] Resumo completo de agrupamento (Total: 562):
2026-08-06 08:04:25 | INFO    |     - 3d: 1 itens
2026-08-06 08:04:25 | INFO    |     - Diretorios: 4 itens
2026-08-06 08:04:25 | INFO    |     - Edicao: 1 itens
2026-08-06 08:04:25 | INFO    |     - Fisica: 1 itens
2026-08-06 08:04:25 | INFO    |     - MCP: 1 itens
2026-08-06 08:04:25 | INFO    |     - RH: 8 itens
2026-08-06 08:04:25 | INFO    |     - SalaComum: 9 itens
2026-08-06 08:04:25 | INFO    |     - TestRoom: 5 itens
2026-08-06 08:04:25 | INFO    |     - Validacao: 1 itens
2026-08-06 08:04:25 | INFO    |     - Windows_MCP: 7 itens
2026-08-06 08:04:25 | INFO    |     - accounts_contacts: 2 itens
2026-08-06 08:04:25 | INFO    |     - agent_tasks: 26 itens
2026-08-06 08:04:25 | INFO    |     - alerts: 13 itens
2026-08-06 08:04:25 | INFO    |     - android_and_pc_registrations: 21 itens
2026-08-06 08:04:25 | INFO    |     - antigravity: 1 itens
2026-08-06 08:04:25 | INFO    |     - career: 1 itens
2026-08-06 08:04:25 | INFO    |     - delika: 1 itens
2026-08-06 08:04:25 | INFO    |     - design: 1 itens
2026-08-06 08:04:25 | INFO    |     - dev: 1 itens
2026-08-06 08:04:25 | INFO    |     - Drive Principal: 79 itens
2026-08-06 08:04:25 | INFO    |     - Drive Trabalho: 10 itens
2026-08-06 08:04:25 | INFO    |     - drive_docs: 21 itens
2026-08-06 08:04:25 | INFO    |     - drive_shared_files: 10 itens
2026-08-06 08:04:25 | INFO    |     - education: 1 itens
2026-08-06 08:04:25 | INFO    |     - family: 1 itens
2026-08-06 08:04:25 | INFO    |     - github_repos: 2 itens
2026-08-06 08:04:25 | INFO    |     - Gmail Principal: 87 itens
2026-08-06 08:04:25 | INFO    |     - Gmail Trabalho: 66 itens
2026-08-06 08:04:25 | INFO    |     - gmail_linked_accounts: 11 itens
2026-08-06 08:04:25 | INFO    |     - gmail_notifications: 16 itens
2026-08-06 08:04:25 | INFO    |     - google_docs: 36 itens
2026-08-06 08:04:25 | INFO    |     - hardware: 2 itens
2026-08-06 08:04:25 | INFO    |     - jubileu: 4 itens
2026-08-06 08:04:25 | INFO    |     - mary_kay: 1 itens
2026-08-06 08:04:25 | INFO    |     - neon_orbit: 1 itens
2026-08-06 08:04:25 | INFO    |     - onedrive: 1 itens
2026-08-06 08:04:25 | INFO    |     - personal: 2 itens
2026-08-06 08:04:25 | INFO    |     - reddit_godot: 1 itens
2026-08-06 08:04:25 | INFO    |     - router: 1 itens
2026-08-06 08:04:25 | INFO    |     - security: 1 itens
2026-08-06 08:04:25 | INFO    |     - sparkhub: 1 itens
2026-08-06 08:04:25 | INFO    |     - storage_parser: 1 itens
2026-08-06 08:04:25 | INFO    |     - sync_audit: 24 itens
2026-08-06 08:04:25 | INFO    |     - system_status: 13 itens
2026-08-06 08:04:25 | INFO    |     - terabox: 1 itens
2026-08-06 08:04:25 | INFO    |     - tiktok_shop: 1 itens
2026-08-06 08:04:25 | INFO    |     - web_research_insights: 62 itens
2026-08-06 08:04:26 | INFO    | [MemPalace] Gravado: Asa=Email | Sala=gmail:Trabalho:19fd204c60add0be
2026-08-06 08:04:26 | INFO    |     De: General Compute News <algoritmo@mail.beehiiv.com> Assunto: Casa Branca cria framework para testar modelos de IA Data: Wed, 5 Aug 2026 13:02:34 +00...

2026-08-06 08:04:27 | INFO    | [MemPalace] Gravado: Asa=Email | Sala=gmail:Trabalho:19fd204c353f9136
2026-08-06 08:04:27 | INFO    |     De: Infojobs <info@infojobs.com.br> Assunto: Empresa contrata Atendente De Chat +7 novas vagas de Agente De Telemarketing em São Paulo - SP Data: 5 Au...

2026-08-06 08:04:27 | INFO    | [MEMPALACE] Resumo completo de agrupamento (Total: 564):
2026-08-06 08:04:27 | INFO    |     - 3d: 1 itens
2026-08-06 08:04:27 | INFO    |     - Diretorios: 4 itens
2026-08-06 08:04:27 | INFO    |     - Edicao: 1 itens
2026-08-06 08:04:27 | INFO    |     - Fisica: 1 itens
2026-08-06 08:04:27 | INFO    |     - MCP: 1 itens
2026-08-06 08:04:27 | INFO    |     - RH: 8 itens
2026-08-06 08:04:27 | INFO    |     - SalaComum: 9 itens
2026-08-06 08:04:27 | INFO    |     - TestRoom: 5 itens
2026-08-06 08:04:27 | INFO    |     - Validacao: 1 itens
2026-08-06 08:04:27 | INFO    |     - Windows_MCP: 7 itens
2026-08-06 08:04:27 | INFO    |     - accounts_contacts: 2 itens
2026-08-06 08:04:27 | INFO    |     - agent_tasks: 26 itens
2026-08-06 08:04:27 | INFO    |     - alerts: 13 itens
2026-08-06 08:04:27 | INFO    |     - android_and_pc_registrations: 21 itens
2026-08-06 08:04:27 | INFO    |     - antigravity: 1 itens
2026-08-06 08:04:27 | INFO    |     - career: 1 itens
2026-08-06 08:04:27 | INFO    |     - delika: 1 itens
2026-08-06 08:04:27 | INFO    |     - design: 1 itens
2026-08-06 08:04:27 | INFO    |     - dev: 1 itens
2026-08-06 08:04:27 | INFO    |     - Drive Principal: 79 itens
2026-08-06 08:04:27 | INFO    |     - Drive Trabalho: 10 itens
2026-08-06 08:04:27 | INFO    |     - drive_docs: 21 itens
2026-08-06 08:04:27 | INFO    |     - drive_shared_files: 10 itens
2026-08-06 08:04:27 | INFO    |     - education: 1 itens
2026-08-06 08:04:27 | INFO    |     - family: 1 itens
2026-08-06 08:04:27 | INFO    |     - github_repos: 2 itens
2026-08-06 08:04:27 | INFO    |     - Gmail Principal: 87 itens
2026-08-06 08:04:27 | INFO    |     - Gmail Trabalho: 68 itens
2026-08-06 08:04:27 | INFO    |     - gmail_linked_accounts: 11 itens
2026-08-06 08:04:27 | INFO    |     - gmail_notifications: 16 itens
2026-08-06 08:04:27 | INFO    |     - google_docs: 36 itens
2026-08-06 08:04:27 | INFO    |     - hardware: 2 itens
2026-08-06 08:04:27 | INFO    |     - jubileu: 4 itens
2026-08-06 08:04:27 | INFO    |     - mary_kay: 1 itens
2026-08-06 08:04:27 | INFO    |     - neon_orbit: 1 itens
2026-08-06 08:04:27 | INFO    |     - onedrive: 1 itens
2026-08-06 08:04:27 | INFO    |     - personal: 2 itens
2026-08-06 08:04:27 | INFO    |     - reddit_godot: 1 itens
2026-08-06 08:04:27 | INFO    |     - router: 1 itens
2026-08-06 08:04:27 | INFO    |     - security: 1 itens
2026-08-06 08:04:27 | INFO    |     - sparkhub: 1 itens
2026-08-06 08:04:27 | INFO    |     - storage_parser: 1 itens
2026-08-06 08:04:27 | INFO    |     - sync_audit: 24 itens
2026-08-06 08:04:27 | INFO    |     - system_status: 13 itens
2026-08-06 08:04:27 | INFO    |     - terabox: 1 itens
2026-08-06 08:04:27 | INFO    |     - tiktok_shop: 1 itens
2026-08-06 08:04:27 | INFO    |     - web_research_insights: 62 itens
2026-08-06 08:04:28 | INFO    | [MemPalace] Gravado: Asa=Email | Sala=gmail:Trabalho:19fd202e44b684ec
2026-08-06 08:04:28 | INFO    |     De: Infojobs <info@infojobs.com.br> Assunto: Operador De Atendimento em São Paulo Data: 5 Aug 2026 13:00:21 +0000 96 Konecta Brasil (3.93⭐), Actionlin...

2026-08-06 08:04:29 | INFO    | [MEMPALACE] Resumo completo de agrupamento (Total: 565):
2026-08-06 08:04:29 | INFO    |     - 3d: 1 itens
2026-08-06 08:04:29 | INFO    |     - Diretorios: 4 itens
2026-08-06 08:04:29 | INFO    |     - Edicao: 1 itens
2026-08-06 08:04:29 | INFO    |     - Fisica: 1 itens
2026-08-06 08:04:29 | INFO    |     - MCP: 1 itens
2026-08-06 08:04:29 | INFO    |     - RH: 8 itens
2026-08-06 08:04:29 | INFO    |     - SalaComum: 9 itens
2026-08-06 08:04:29 | INFO    |     - TestRoom: 5 itens
2026-08-06 08:04:29 | INFO    |     - Validacao: 1 itens
2026-08-06 08:04:29 | INFO    |     - Windows_MCP: 7 itens
2026-08-06 08:04:29 | INFO    |     - accounts_contacts: 2 itens
2026-08-06 08:04:29 | INFO    |     - agent_tasks: 26 itens
2026-08-06 08:04:29 | INFO    |     - alerts: 13 itens
2026-08-06 08:04:29 | INFO    |     - android_and_pc_registrations: 21 itens
2026-08-06 08:04:29 | INFO    |     - antigravity: 1 itens
2026-08-06 08:04:29 | INFO    |     - career: 1 itens
2026-08-06 08:04:29 | INFO    |     - delika: 1 itens
2026-08-06 08:04:29 | INFO    |     - design: 1 itens
2026-08-06 08:04:29 | INFO    |     - dev: 1 itens
2026-08-06 08:04:29 | INFO    |     - Drive Principal: 79 itens
2026-08-06 08:04:29 | INFO    |     - Drive Trabalho: 10 itens
2026-08-06 08:04:29 | INFO    |     - drive_docs: 21 itens
2026-08-06 08:04:29 | INFO    |     - drive_shared_files: 10 itens
2026-08-06 08:04:29 | INFO    |     - education: 1 itens
2026-08-06 08:04:29 | INFO    |     - family: 1 itens
2026-08-06 08:04:29 | INFO    |     - github_repos: 2 itens
2026-08-06 08:04:29 | INFO    |     - Gmail Principal: 87 itens
2026-08-06 08:04:29 | INFO    |     - Gmail Trabalho: 69 itens
2026-08-06 08:04:29 | INFO    |     - gmail_linked_accounts: 11 itens
2026-08-06 08:04:29 | INFO    |     - gmail_notifications: 16 itens
2026-08-06 08:04:29 | INFO    |     - google_docs: 36 itens
2026-08-06 08:04:29 | INFO    |     - hardware: 2 itens
2026-08-06 08:04:29 | INFO    |     - jubileu: 4 itens
2026-08-06 08:04:29 | INFO    |     - mary_kay: 1 itens
2026-08-06 08:04:29 | INFO    |     - neon_orbit: 1 itens
2026-08-06 08:04:29 | INFO    |     - onedrive: 1 itens
2026-08-06 08:04:29 | INFO    |     - personal: 2 itens
2026-08-06 08:04:29 | INFO    |     - reddit_godot: 1 itens
2026-08-06 08:04:29 | INFO    |     - router: 1 itens
2026-08-06 08:04:29 | INFO    |     - security: 1 itens
2026-08-06 08:04:29 | INFO    |     - sparkhub: 1 itens
2026-08-06 08:04:29 | INFO    |     - storage_parser: 1 itens
2026-08-06 08:04:29 | INFO    |     - sync_audit: 24 itens
2026-08-06 08:04:29 | INFO    |     - system_status: 13 itens
2026-08-06 08:04:29 | INFO    |     - terabox: 1 itens
2026-08-06 08:04:29 | INFO    |     - tiktok_shop: 1 itens
2026-08-06 08:04:29 | INFO    |     - web_research_insights: 62 itens
2026-08-06 08:04:30 | INFO    | [MemPalace] Gravado: Asa=Email | Sala=gmail:Trabalho:19fd1ffb66d71687
2026-08-06 08:04:30 | INFO    |     De: Infojobs <info@infojobs.com.br> Assunto: Konecta Brasil contrata Analista De Ti - Datacenter em São Paulo - SP Data: 5 Aug 2026 12:56:55 +0000 96 ...

2026-08-06 08:04:31 | INFO    | [MEMPALACE] Resumo completo de agrupamento (Total: 566):
2026-08-06 08:04:31 | INFO    |     - 3d: 1 itens
2026-08-06 08:04:31 | INFO    |     - Diretorios: 4 itens
2026-08-06 08:04:31 | INFO    |     - Edicao: 1 itens
2026-08-06 08:04:31 | INFO    |     - Fisica: 1 itens
2026-08-06 08:04:31 | INFO    |     - MCP: 1 itens
2026-08-06 08:04:31 | INFO    |     - RH: 8 itens
2026-08-06 08:04:31 | INFO    |     - SalaComum: 9 itens
2026-08-06 08:04:31 | INFO    |     - TestRoom: 5 itens
2026-08-06 08:04:31 | INFO    |     - Validacao: 1 itens
2026-08-06 08:04:31 | INFO    |     - Windows_MCP: 7 itens
2026-08-06 08:04:31 | INFO    |     - accounts_contacts: 2 itens
2026-08-06 08:04:31 | INFO    |     - agent_tasks: 26 itens
2026-08-06 08:04:31 | INFO    |     - alerts: 13 itens
2026-08-06 08:04:31 | INFO    |     - android_and_pc_registrations: 21 itens
2026-08-06 08:04:31 | INFO    |     - antigravity: 1 itens
2026-08-06 08:04:31 | INFO    |     - career: 1 itens
2026-08-06 08:04:31 | INFO    |     - delika: 1 itens
2026-08-06 08:04:31 | INFO    |     - design: 1 itens
2026-08-06 08:04:31 | INFO    |     - dev: 1 itens
2026-08-06 08:04:31 | INFO    |     - Drive Principal: 79 itens
2026-08-06 08:04:31 | INFO    |     - Drive Trabalho: 10 itens
2026-08-06 08:04:31 | INFO    |     - drive_docs: 21 itens
2026-08-06 08:04:31 | INFO    |     - drive_shared_files: 10 itens
2026-08-06 08:04:31 | INFO    |     - education: 1 itens
2026-08-06 08:04:31 | INFO    |     - family: 1 itens
2026-08-06 08:04:31 | INFO    |     - github_repos: 2 itens
2026-08-06 08:04:31 | INFO    |     - Gmail Principal: 87 itens
2026-08-06 08:04:31 | INFO    |     - Gmail Trabalho: 70 itens
2026-08-06 08:04:31 | INFO    |     - gmail_linked_accounts: 11 itens
2026-08-06 08:04:31 | INFO    |     - gmail_notifications: 16 itens
2026-08-06 08:04:31 | INFO    |     - google_docs: 36 itens
2026-08-06 08:04:31 | INFO    |     - hardware: 2 itens
2026-08-06 08:04:31 | INFO    |     - jubileu: 4 itens
2026-08-06 08:04:31 | INFO    |     - mary_kay: 1 itens
2026-08-06 08:04:31 | INFO    |     - neon_orbit: 1 itens
2026-08-06 08:04:31 | INFO    |     - onedrive: 1 itens
2026-08-06 08:04:31 | INFO    |     - personal: 2 itens
2026-08-06 08:04:31 | INFO    |     - reddit_godot: 1 itens
2026-08-06 08:04:31 | INFO    |     - router: 1 itens
2026-08-06 08:04:31 | INFO    |     - security: 1 itens
2026-08-06 08:04:31 | INFO    |     - sparkhub: 1 itens
2026-08-06 08:04:31 | INFO    |     - storage_parser: 1 itens
2026-08-06 08:04:31 | INFO    |     - sync_audit: 24 itens
2026-08-06 08:04:31 | INFO    |     - system_status: 13 itens
2026-08-06 08:04:31 | INFO    |     - terabox: 1 itens
2026-08-06 08:04:31 | INFO    |     - tiktok_shop: 1 itens
2026-08-06 08:04:31 | INFO    |     - web_research_insights: 62 itens
2026-08-06 08:04:31 | INFO    | [MemPalace] Gravado: Asa=Email | Sala=gmail:Trabalho:19fd1ff94a41247e
2026-08-06 08:04:31 | INFO    |     De: Infojobs <info@infojobs.com.br> Assunto: Empresa contrata Atendente De Chat +8 novas vagas de Agente De Telemarketing em São Paulo - SP Data: 5 Au...

2026-08-06 08:04:33 | INFO    | [MemPalace] Gravado: Asa=Email | Sala=gmail:Trabalho:19fd1ff7cc4b6a58
2026-08-06 08:04:33 | INFO    |     De: Infojobs <info@infojobs.com.br> Assunto: Depilol Distribuidora E Comercio contrata Estagiário +1 novas vagas de Estagiário em São Paulo - SP Data:...

2026-08-06 08:04:33 | INFO    | [MEMPALACE] Resumo completo de agrupamento (Total: 568):
2026-08-06 08:04:33 | INFO    |     - 3d: 1 itens
2026-08-06 08:04:33 | INFO    |     - Diretorios: 4 itens
2026-08-06 08:04:33 | INFO    |     - Edicao: 1 itens
2026-08-06 08:04:33 | INFO    |     - Fisica: 1 itens
2026-08-06 08:04:33 | INFO    |     - MCP: 1 itens
2026-08-06 08:04:33 | INFO    |     - RH: 8 itens
2026-08-06 08:04:33 | INFO    |     - SalaComum: 9 itens
2026-08-06 08:04:33 | INFO    |     - TestRoom: 5 itens
2026-08-06 08:04:33 | INFO    |     - Validacao: 1 itens
2026-08-06 08:04:33 | INFO    |     - Windows_MCP: 7 itens
2026-08-06 08:04:33 | INFO    |     - accounts_contacts: 2 itens
2026-08-06 08:04:33 | INFO    |     - agent_tasks: 26 itens
2026-08-06 08:04:33 | INFO    |     - alerts: 13 itens
2026-08-06 08:04:33 | INFO    |     - android_and_pc_registrations: 21 itens
2026-08-06 08:04:33 | INFO    |     - antigravity: 1 itens
2026-08-06 08:04:33 | INFO    |     - career: 1 itens
2026-08-06 08:04:33 | INFO    |     - delika: 1 itens
2026-08-06 08:04:33 | INFO    |     - design: 1 itens
2026-08-06 08:04:33 | INFO    |     - dev: 1 itens
2026-08-06 08:04:33 | INFO    |     - Drive Principal: 79 itens
2026-08-06 08:04:33 | INFO    |     - Drive Trabalho: 10 itens
2026-08-06 08:04:33 | INFO    |     - drive_docs: 21 itens
2026-08-06 08:04:33 | INFO    |     - drive_shared_files: 10 itens
2026-08-06 08:04:33 | INFO    |     - education: 1 itens
2026-08-06 08:04:33 | INFO    |     - family: 1 itens
2026-08-06 08:04:33 | INFO    |     - github_repos: 2 itens
2026-08-06 08:04:33 | INFO    |     - Gmail Principal: 87 itens
2026-08-06 08:04:33 | INFO    |     - Gmail Trabalho: 72 itens
2026-08-06 08:04:33 | INFO    |     - gmail_linked_accounts: 11 itens
2026-08-06 08:04:33 | INFO    |     - gmail_notifications: 16 itens
2026-08-06 08:04:33 | INFO    |     - google_docs: 36 itens
2026-08-06 08:04:33 | INFO    |     - hardware: 2 itens
2026-08-06 08:04:33 | INFO    |     - jubileu: 4 itens
2026-08-06 08:04:33 | INFO    |     - mary_kay: 1 itens
2026-08-06 08:04:33 | INFO    |     - neon_orbit: 1 itens
2026-08-06 08:04:33 | INFO    |     - onedrive: 1 itens
2026-08-06 08:04:33 | INFO    |     - personal: 2 itens
2026-08-06 08:04:33 | INFO    |     - reddit_godot: 1 itens
2026-08-06 08:04:33 | INFO    |     - router: 1 itens
2026-08-06 08:04:33 | INFO    |     - security: 1 itens
2026-08-06 08:04:33 | INFO    |     - sparkhub: 1 itens
2026-08-06 08:04:33 | INFO    |     - storage_parser: 1 itens
2026-08-06 08:04:33 | INFO    |     - sync_audit: 24 itens
2026-08-06 08:04:33 | INFO    |     - system_status: 13 itens
2026-08-06 08:04:33 | INFO    |     - terabox: 1 itens
2026-08-06 08:04:33 | INFO    |     - tiktok_shop: 1 itens
2026-08-06 08:04:33 | INFO    |     - web_research_insights: 62 itens
2026-08-06 08:04:34 | INFO    | [MemPalace] Gravado: Asa=Email | Sala=gmail:Trabalho:19fd1ff0a04aeaac
2026-08-06 08:04:34 | INFO    |     De: Infojobs <info@infojobs.com.br> Assunto: Consultor De Relacionamento em São Paulo - SP (5 de Agosto) Data: 5 Aug 2026 12:56:11 +0000 96 Yapp (4.19...

2026-08-06 08:04:35 | INFO    | [MEMPALACE] Resumo completo de agrupamento (Total: 569):
2026-08-06 08:04:35 | INFO    |     - 3d: 1 itens
2026-08-06 08:04:35 | INFO    |     - Diretorios: 4 itens
2026-08-06 08:04:35 | INFO    |     - Edicao: 1 itens
2026-08-06 08:04:35 | INFO    |     - Fisica: 1 itens
2026-08-06 08:04:35 | INFO    |     - MCP: 1 itens
2026-08-06 08:04:35 | INFO    |     - RH: 8 itens
2026-08-06 08:04:35 | INFO    |     - SalaComum: 9 itens
2026-08-06 08:04:35 | INFO    |     - TestRoom: 5 itens
2026-08-06 08:04:35 | INFO    |     - Validacao: 1 itens
2026-08-06 08:04:35 | INFO    |     - Windows_MCP: 7 itens
2026-08-06 08:04:35 | INFO    |     - accounts_contacts: 2 itens
2026-08-06 08:04:35 | INFO    |     - agent_tasks: 26 itens
2026-08-06 08:04:35 | INFO    |     - alerts: 13 itens
2026-08-06 08:04:35 | INFO    |     - android_and_pc_registrations: 21 itens
2026-08-06 08:04:35 | INFO    |     - antigravity: 1 itens
2026-08-06 08:04:35 | INFO    |     - career: 1 itens
2026-08-06 08:04:35 | INFO    |     - delika: 1 itens
2026-08-06 08:04:35 | INFO    |     - design: 1 itens
2026-08-06 08:04:35 | INFO    |     - dev: 1 itens
2026-08-06 08:04:35 | INFO    |     - Drive Principal: 79 itens
2026-08-06 08:04:35 | INFO    |     - Drive Trabalho: 10 itens
2026-08-06 08:04:35 | INFO    |     - drive_docs: 21 itens
2026-08-06 08:04:35 | INFO    |     - drive_shared_files: 10 itens
2026-08-06 08:04:35 | INFO    |     - education: 1 itens
2026-08-06 08:04:35 | INFO    |     - family: 1 itens
2026-08-06 08:04:35 | INFO    |     - github_repos: 2 itens
2026-08-06 08:04:35 | INFO    |     - Gmail Principal: 87 itens
2026-08-06 08:04:35 | INFO    |     - Gmail Trabalho: 73 itens
2026-08-06 08:04:35 | INFO    |     - gmail_linked_accounts: 11 itens
2026-08-06 08:04:35 | INFO    |     - gmail_notifications: 16 itens
2026-08-06 08:04:35 | INFO    |     - google_docs: 36 itens
2026-08-06 08:04:35 | INFO    |     - hardware: 2 itens
2026-08-06 08:04:35 | INFO    |     - jubileu: 4 itens
2026-08-06 08:04:35 | INFO    |     - mary_kay: 1 itens
2026-08-06 08:04:35 | INFO    |     - neon_orbit: 1 itens
2026-08-06 08:04:35 | INFO    |     - onedrive: 1 itens
2026-08-06 08:04:35 | INFO    |     - personal: 2 itens
2026-08-06 08:04:35 | INFO    |     - reddit_godot: 1 itens
2026-08-06 08:04:35 | INFO    |     - router: 1 itens
2026-08-06 08:04:35 | INFO    |     - security: 1 itens
2026-08-06 08:04:35 | INFO    |     - sparkhub: 1 itens
2026-08-06 08:04:35 | INFO    |     - storage_parser: 1 itens
2026-08-06 08:04:35 | INFO    |     - sync_audit: 24 itens
2026-08-06 08:04:35 | INFO    |     - system_status: 13 itens
2026-08-06 08:04:35 | INFO    |     - terabox: 1 itens
2026-08-06 08:04:35 | INFO    |     - tiktok_shop: 1 itens
2026-08-06 08:04:35 | INFO    |     - web_research_insights: 62 itens
2026-08-06 08:04:36 | INFO    | [MemPalace] Gravado: Asa=Email | Sala=gmail:Trabalho:19fd1fd57c61cf0c
2026-08-06 08:04:36 | INFO    |     De: Infojobs <info@infojobs.com.br> Assunto: Consultor De Vendas Internas em São Paulo Data: 5 Aug 2026 12:54:19 +0000 96 Instituto Stech Têm Novas Va...

2026-08-06 08:04:37 | INFO    | [MEMPALACE] Resumo completo de agrupamento (Total: 570):
2026-08-06 08:04:37 | INFO    |     - 3d: 1 itens
2026-08-06 08:04:37 | INFO    |     - Diretorios: 4 itens
2026-08-06 08:04:37 | INFO    |     - Edicao: 1 itens
2026-08-06 08:04:37 | INFO    |     - Fisica: 1 itens
2026-08-06 08:04:37 | INFO    |     - MCP: 1 itens
2026-08-06 08:04:37 | INFO    |     - RH: 8 itens
2026-08-06 08:04:37 | INFO    |     - SalaComum: 9 itens
2026-08-06 08:04:37 | INFO    |     - TestRoom: 5 itens
2026-08-06 08:04:37 | INFO    |     - Validacao: 1 itens
2026-08-06 08:04:37 | INFO    |     - Windows_MCP: 7 itens
2026-08-06 08:04:37 | INFO    |     - accounts_contacts: 2 itens
2026-08-06 08:04:37 | INFO    |     - agent_tasks: 26 itens
2026-08-06 08:04:37 | INFO    |     - alerts: 13 itens
2026-08-06 08:04:37 | INFO    |     - android_and_pc_registrations: 21 itens
2026-08-06 08:04:37 | INFO    |     - antigravity: 1 itens
2026-08-06 08:04:37 | INFO    |     - career: 1 itens
2026-08-06 08:04:37 | INFO    |     - delika: 1 itens
2026-08-06 08:04:37 | INFO    |     - design: 1 itens
2026-08-06 08:04:37 | INFO    |     - dev: 1 itens
2026-08-06 08:04:37 | INFO    |     - Drive Principal: 79 itens
2026-08-06 08:04:37 | INFO    |     - Drive Trabalho: 10 itens
2026-08-06 08:04:37 | INFO    |     - drive_docs: 21 itens
2026-08-06 08:04:37 | INFO    |     - drive_shared_files: 10 itens
2026-08-06 08:04:37 | INFO    |     - education: 1 itens
2026-08-06 08:04:37 | INFO    |     - family: 1 itens
2026-08-06 08:04:37 | INFO    |     - github_repos: 2 itens
2026-08-06 08:04:37 | INFO    |     - Gmail Principal: 87 itens
2026-08-06 08:04:37 | INFO    |     - Gmail Trabalho: 74 itens
2026-08-06 08:04:37 | INFO    |     - gmail_linked_accounts: 11 itens
2026-08-06 08:04:37 | INFO    |     - gmail_notifications: 16 itens
2026-08-06 08:04:37 | INFO    |     - google_docs: 36 itens
2026-08-06 08:04:37 | INFO    |     - hardware: 2 itens
2026-08-06 08:04:37 | INFO    |     - jubileu: 4 itens
2026-08-06 08:04:37 | INFO    |     - mary_kay: 1 itens
2026-08-06 08:04:37 | INFO    |     - neon_orbit: 1 itens
2026-08-06 08:04:37 | INFO    |     - onedrive: 1 itens
2026-08-06 08:04:37 | INFO    |     - personal: 2 itens
2026-08-06 08:04:37 | INFO    |     - reddit_godot: 1 itens
2026-08-06 08:04:37 | INFO    |     - router: 1 itens
2026-08-06 08:04:37 | INFO    |     - security: 1 itens
2026-08-06 08:04:37 | INFO    |     - sparkhub: 1 itens
2026-08-06 08:04:37 | INFO    |     - storage_parser: 1 itens
2026-08-06 08:04:37 | INFO    |     - sync_audit: 24 itens
2026-08-06 08:04:37 | INFO    |     - system_status: 13 itens
2026-08-06 08:04:37 | INFO    |     - terabox: 1 itens
2026-08-06 08:04:37 | INFO    |     - tiktok_shop: 1 itens
2026-08-06 08:04:37 | INFO    |     - web_research_insights: 62 itens
2026-08-06 08:04:37 | INFO    | [MemPalace] Gravado: Asa=Email | Sala=gmail:Trabalho:19fd1fce17204241
2026-08-06 08:04:37 | INFO    |     De: Infojobs <info@infojobs.com.br> Assunto: Assistente De Suporte Técnico em São Paulo Data: 5 Aug 2026 12:53:49 +0000 96 Stefanini (4.28⭐), Willisa ...

2026-08-06 08:04:39 | INFO    | [MemPalace] Gravado: Asa=Email | Sala=gmail:Trabalho:19fd1fbfec02bf5c
2026-08-06 08:04:39 | INFO    |     De: Infojobs <info@infojobs.com.br> Assunto: Jcdecaux Do Brasil S.A contrata Analista De Ti Júnior | Service Desk/Infraestrutura - Sp +3 novas vagas d...

2026-08-06 08:04:39 | INFO    | [MEMPALACE] Resumo completo de agrupamento (Total: 572):
2026-08-06 08:04:39 | INFO    |     - 3d: 1 itens
2026-08-06 08:04:39 | INFO    |     - Diretorios: 4 itens
2026-08-06 08:04:39 | INFO    |     - Edicao: 1 itens
2026-08-06 08:04:39 | INFO    |     - Fisica: 1 itens
2026-08-06 08:04:39 | INFO    |     - MCP: 1 itens
2026-08-06 08:04:39 | INFO    |     - RH: 8 itens
2026-08-06 08:04:39 | INFO    |     - SalaComum: 9 itens
2026-08-06 08:04:39 | INFO    |     - TestRoom: 5 itens
2026-08-06 08:04:39 | INFO    |     - Validacao: 1 itens
2026-08-06 08:04:39 | INFO    |     - Windows_MCP: 7 itens
2026-08-06 08:04:39 | INFO    |     - accounts_contacts: 2 itens
2026-08-06 08:04:39 | INFO    |     - agent_tasks: 26 itens
2026-08-06 08:04:39 | INFO    |     - alerts: 13 itens
2026-08-06 08:04:39 | INFO    |     - android_and_pc_registrations: 21 itens
2026-08-06 08:04:39 | INFO    |     - antigravity: 1 itens
2026-08-06 08:04:39 | INFO    |     - career: 1 itens
2026-08-06 08:04:39 | INFO    |     - delika: 1 itens
2026-08-06 08:04:39 | INFO    |     - design: 1 itens
2026-08-06 08:04:39 | INFO    |     - dev: 1 itens
2026-08-06 08:04:39 | INFO    |     - Drive Principal: 79 itens
2026-08-06 08:04:39 | INFO    |     - Drive Trabalho: 10 itens
2026-08-06 08:04:39 | INFO    |     - drive_docs: 21 itens
2026-08-06 08:04:39 | INFO    |     - drive_shared_files: 10 itens
2026-08-06 08:04:39 | INFO    |     - education: 1 itens
2026-08-06 08:04:39 | INFO    |     - family: 1 itens
2026-08-06 08:04:39 | INFO    |     - github_repos: 2 itens
2026-08-06 08:04:39 | INFO    |     - Gmail Principal: 87 itens
2026-08-06 08:04:39 | INFO    |     - Gmail Trabalho: 76 itens
2026-08-06 08:04:39 | INFO    |     - gmail_linked_accounts: 11 itens
2026-08-06 08:04:39 | INFO    |     - gmail_notifications: 16 itens
2026-08-06 08:04:39 | INFO    |     - google_docs: 36 itens
2026-08-06 08:04:39 | INFO    |     - hardware: 2 itens
2026-08-06 08:04:39 | INFO    |     - jubileu: 4 itens
2026-08-06 08:04:39 | INFO    |     - mary_kay: 1 itens
2026-08-06 08:04:39 | INFO    |     - neon_orbit: 1 itens
2026-08-06 08:04:39 | INFO    |     - onedrive: 1 itens
2026-08-06 08:04:39 | INFO    |     - personal: 2 itens
2026-08-06 08:04:39 | INFO    |     - reddit_godot: 1 itens
2026-08-06 08:04:39 | INFO    |     - router: 1 itens
2026-08-06 08:04:39 | INFO    |     - security: 1 itens
2026-08-06 08:04:39 | INFO    |     - sparkhub: 1 itens
2026-08-06 08:04:39 | INFO    |     - storage_parser: 1 itens
2026-08-06 08:04:39 | INFO    |     - sync_audit: 24 itens
2026-08-06 08:04:39 | INFO    |     - system_status: 13 itens
2026-08-06 08:04:39 | INFO    |     - terabox: 1 itens
2026-08-06 08:04:39 | INFO    |     - tiktok_shop: 1 itens
2026-08-06 08:04:39 | INFO    |     - web_research_insights: 62 itens
2026-08-06 08:04:40 | INFO    | [MemPalace] Gravado: Asa=Email | Sala=gmail:Trabalho:19fd1dfe5b546aca
2026-08-06 08:04:40 | INFO    |     De: Vagas de Emprego na Catho <avisovagas@catho.com.br> Assunto: RHF São Paulo - Praia Grande está contratando para 3D + 10 novas vagas em São Paulo D...

2026-08-06 08:04:41 | INFO    | [MEMPALACE] Resumo completo de agrupamento (Total: 573):
2026-08-06 08:04:41 | INFO    |     - 3d: 1 itens
2026-08-06 08:04:41 | INFO    |     - Diretorios: 4 itens
2026-08-06 08:04:41 | INFO    |     - Edicao: 1 itens
2026-08-06 08:04:41 | INFO    |     - Fisica: 1 itens
2026-08-06 08:04:41 | INFO    |     - MCP: 1 itens
2026-08-06 08:04:41 | INFO    |     - RH: 8 itens
2026-08-06 08:04:41 | INFO    |     - SalaComum: 9 itens
2026-08-06 08:04:41 | INFO    |     - TestRoom: 5 itens
2026-08-06 08:04:41 | INFO    |     - Validacao: 1 itens
2026-08-06 08:04:41 | INFO    |     - Windows_MCP: 7 itens
2026-08-06 08:04:41 | INFO    |     - accounts_contacts: 2 itens
2026-08-06 08:04:41 | INFO    |     - agent_tasks: 26 itens
2026-08-06 08:04:41 | INFO    |     - alerts: 13 itens
2026-08-06 08:04:41 | INFO    |     - android_and_pc_registrations: 21 itens
2026-08-06 08:04:41 | INFO    |     - antigravity: 1 itens
2026-08-06 08:04:41 | INFO    |     - career: 1 itens
2026-08-06 08:04:41 | INFO    |     - delika: 1 itens
2026-08-06 08:04:41 | INFO    |     - design: 1 itens
2026-08-06 08:04:41 | INFO    |     - dev: 1 itens
2026-08-06 08:04:41 | INFO    |     - Drive Principal: 79 itens
2026-08-06 08:04:41 | INFO    |     - Drive Trabalho: 10 itens
2026-08-06 08:04:41 | INFO    |     - drive_docs: 21 itens
2026-08-06 08:04:41 | INFO    |     - drive_shared_files: 10 itens
2026-08-06 08:04:41 | INFO    |     - education: 1 itens
2026-08-06 08:04:41 | INFO    |     - family: 1 itens
2026-08-06 08:04:41 | INFO    |     - github_repos: 2 itens
2026-08-06 08:04:41 | INFO    |     - Gmail Principal: 87 itens
2026-08-06 08:04:41 | INFO    |     - Gmail Trabalho: 77 itens
2026-08-06 08:04:41 | INFO    |     - gmail_linked_accounts: 11 itens
2026-08-06 08:04:41 | INFO    |     - gmail_notifications: 16 itens
2026-08-06 08:04:41 | INFO    |     - google_docs: 36 itens
2026-08-06 08:04:41 | INFO    |     - hardware: 2 itens
2026-08-06 08:04:41 | INFO    |     - jubileu: 4 itens
2026-08-06 08:04:41 | INFO    |     - mary_kay: 1 itens
2026-08-06 08:04:41 | INFO    |     - neon_orbit: 1 itens
2026-08-06 08:04:41 | INFO    |     - onedrive: 1 itens
2026-08-06 08:04:41 | INFO    |     - personal: 2 itens
2026-08-06 08:04:41 | INFO    |     - reddit_godot: 1 itens
2026-08-06 08:04:41 | INFO    |     - router: 1 itens
2026-08-06 08:04:41 | INFO    |     - security: 1 itens
2026-08-06 08:04:41 | INFO    |     - sparkhub: 1 itens
2026-08-06 08:04:41 | INFO    |     - storage_parser: 1 itens
2026-08-06 08:04:41 | INFO    |     - sync_audit: 24 itens
2026-08-06 08:04:41 | INFO    |     - system_status: 13 itens
2026-08-06 08:04:41 | INFO    |     - terabox: 1 itens
2026-08-06 08:04:41 | INFO    |     - tiktok_shop: 1 itens
2026-08-06 08:04:41 | INFO    |     - web_research_insights: 62 itens
2026-08-06 08:04:42 | INFO    | [MemPalace] Gravado: Asa=Email | Sala=gmail:Trabalho:19fd1dfd40836d70
2026-08-06 08:04:42 | INFO    |     De: Vagas de Emprego na Catho <avisovagas@catho.com.br> Assunto: RHF São Paulo - Praia Grande está contratando para 3D + 10 novas vagas em São Paulo D...

2026-08-06 08:04:43 | INFO    | [MEMPALACE] Resumo completo de agrupamento (Total: 574):
2026-08-06 08:04:43 | INFO    |     - 3d: 1 itens
2026-08-06 08:04:43 | INFO    |     - Diretorios: 4 itens
2026-08-06 08:04:43 | INFO    |     - Edicao: 1 itens
2026-08-06 08:04:43 | INFO    |     - Fisica: 1 itens
2026-08-06 08:04:43 | INFO    |     - MCP: 1 itens
2026-08-06 08:04:43 | INFO    |     - RH: 8 itens
2026-08-06 08:04:43 | INFO    |     - SalaComum: 9 itens
2026-08-06 08:04:43 | INFO    |     - TestRoom: 5 itens
2026-08-06 08:04:43 | INFO    |     - Validacao: 1 itens
2026-08-06 08:04:43 | INFO    |     - Windows_MCP: 7 itens
2026-08-06 08:04:43 | INFO    |     - accounts_contacts: 2 itens
2026-08-06 08:04:43 | INFO    |     - agent_tasks: 26 itens
2026-08-06 08:04:43 | INFO    |     - alerts: 13 itens
2026-08-06 08:04:43 | INFO    |     - android_and_pc_registrations: 21 itens
2026-08-06 08:04:43 | INFO    |     - antigravity: 1 itens
2026-08-06 08:04:43 | INFO    |     - career: 1 itens
2026-08-06 08:04:43 | INFO    |     - delika: 1 itens
2026-08-06 08:04:43 | INFO    |     - design: 1 itens
2026-08-06 08:04:43 | INFO    |     - dev: 1 itens
2026-08-06 08:04:43 | INFO    |     - Drive Principal: 79 itens
2026-08-06 08:04:43 | INFO    |     - Drive Trabalho: 10 itens
2026-08-06 08:04:43 | INFO    |     - drive_docs: 21 itens
2026-08-06 08:04:43 | INFO    |     - drive_shared_files: 10 itens
2026-08-06 08:04:43 | INFO    |     - education: 1 itens
2026-08-06 08:04:43 | INFO    |     - family: 1 itens
2026-08-06 08:04:43 | INFO    |     - github_repos: 2 itens
2026-08-06 08:04:43 | INFO    |     - Gmail Principal: 87 itens
2026-08-06 08:04:43 | INFO    |     - Gmail Trabalho: 78 itens
2026-08-06 08:04:43 | INFO    |     - gmail_linked_accounts: 11 itens
2026-08-06 08:04:43 | INFO    |     - gmail_notifications: 16 itens
2026-08-06 08:04:43 | INFO    |     - google_docs: 36 itens
2026-08-06 08:04:43 | INFO    |     - hardware: 2 itens
2026-08-06 08:04:43 | INFO    |     - jubileu: 4 itens
2026-08-06 08:04:43 | INFO    |     - mary_kay: 1 itens
2026-08-06 08:04:43 | INFO    |     - neon_orbit: 1 itens
2026-08-06 08:04:43 | INFO    |     - onedrive: 1 itens
2026-08-06 08:04:43 | INFO    |     - personal: 2 itens
2026-08-06 08:04:43 | INFO    |     - reddit_godot: 1 itens
2026-08-06 08:04:43 | INFO    |     - router: 1 itens
2026-08-06 08:04:43 | INFO    |     - security: 1 itens
2026-08-06 08:04:43 | INFO    |     - sparkhub: 1 itens
2026-08-06 08:04:43 | INFO    |     - storage_parser: 1 itens
2026-08-06 08:04:43 | INFO    |     - sync_audit: 24 itens
2026-08-06 08:04:43 | INFO    |     - system_status: 13 itens
2026-08-06 08:04:43 | INFO    |     - terabox: 1 itens
2026-08-06 08:04:43 | INFO    |     - tiktok_shop: 1 itens
2026-08-06 08:04:43 | INFO    |     - web_research_insights: 62 itens
2026-08-06 08:04:43 | INFO    | [MemPalace] Gravado: Asa=Email | Sala=gmail:Trabalho:19fd1d2b753aa3fe
2026-08-06 08:04:43 | INFO    |     De: Infojobs <info@infojobs.com.br> Assunto: Consultor De Relacionamento em São Paulo Data: 5 Aug 2026 12:07:47 +0000 96 Top People Assessoria Em Mark...

2026-08-06 08:04:45 | INFO    | [MemPalace] Gravado: Asa=Email | Sala=gmail:Trabalho:19fd1d0b17ca4fac
2026-08-06 08:04:45 | INFO    |     De: Infojobs <info@infojobs.com.br> Assunto: Consultoria Nova Esperança contrata Assistente De Marketing (Vila Celeste Sp) +1 novas vagas de Assistent...

2026-08-06 08:04:45 | INFO    | [MEMPALACE] Resumo completo de agrupamento (Total: 576):
2026-08-06 08:04:45 | INFO    |     - 3d: 1 itens
2026-08-06 08:04:45 | INFO    |     - Diretorios: 4 itens
2026-08-06 08:04:45 | INFO    |     - Edicao: 1 itens
2026-08-06 08:04:45 | INFO    |     - Fisica: 1 itens
2026-08-06 08:04:45 | INFO    |     - MCP: 1 itens
2026-08-06 08:04:45 | INFO    |     - RH: 8 itens
2026-08-06 08:04:45 | INFO    |     - SalaComum: 9 itens
2026-08-06 08:04:45 | INFO    |     - TestRoom: 5 itens
2026-08-06 08:04:45 | INFO    |     - Validacao: 1 itens
2026-08-06 08:04:45 | INFO    |     - Windows_MCP: 7 itens
2026-08-06 08:04:45 | INFO    |     - accounts_contacts: 2 itens
2026-08-06 08:04:45 | INFO    |     - agent_tasks: 26 itens
2026-08-06 08:04:45 | INFO    |     - alerts: 13 itens
2026-08-06 08:04:45 | INFO    |     - android_and_pc_registrations: 21 itens
2026-08-06 08:04:45 | INFO    |     - antigravity: 1 itens
2026-08-06 08:04:45 | INFO    |     - career: 1 itens
2026-08-06 08:04:45 | INFO    |     - delika: 1 itens
2026-08-06 08:04:45 | INFO    |     - design: 1 itens
2026-08-06 08:04:45 | INFO    |     - dev: 1 itens
2026-08-06 08:04:45 | INFO    |     - Drive Principal: 79 itens
2026-08-06 08:04:45 | INFO    |     - Drive Trabalho: 10 itens
2026-08-06 08:04:45 | INFO    |     - drive_docs: 21 itens
2026-08-06 08:04:45 | INFO    |     - drive_shared_files: 10 itens
2026-08-06 08:04:45 | INFO    |     - education: 1 itens
2026-08-06 08:04:45 | INFO    |     - family: 1 itens
2026-08-06 08:04:45 | INFO    |     - github_repos: 2 itens
2026-08-06 08:04:45 | INFO    |     - Gmail Principal: 87 itens
2026-08-06 08:04:45 | INFO    |     - Gmail Trabalho: 80 itens
2026-08-06 08:04:45 | INFO    |     - gmail_linked_accounts: 11 itens
2026-08-06 08:04:45 | INFO    |     - gmail_notifications: 16 itens
2026-08-06 08:04:45 | INFO    |     - google_docs: 36 itens
2026-08-06 08:04:45 | INFO    |     - hardware: 2 itens
2026-08-06 08:04:45 | INFO    |     - jubileu: 4 itens
2026-08-06 08:04:45 | INFO    |     - mary_kay: 1 itens
2026-08-06 08:04:45 | INFO    |     - neon_orbit: 1 itens
2026-08-06 08:04:45 | INFO    |     - onedrive: 1 itens
2026-08-06 08:04:45 | INFO    |     - personal: 2 itens
2026-08-06 08:04:45 | INFO    |     - reddit_godot: 1 itens
2026-08-06 08:04:45 | INFO    |     - router: 1 itens
2026-08-06 08:04:45 | INFO    |     - security: 1 itens
2026-08-06 08:04:45 | INFO    |     - sparkhub: 1 itens
2026-08-06 08:04:45 | INFO    |     - storage_parser: 1 itens
2026-08-06 08:04:45 | INFO    |     - sync_audit: 24 itens
2026-08-06 08:04:45 | INFO    |     - system_status: 13 itens
2026-08-06 08:04:45 | INFO    |     - terabox: 1 itens
2026-08-06 08:04:45 | INFO    |     - tiktok_shop: 1 itens
2026-08-06 08:04:45 | INFO    |     - web_research_insights: 62 itens
2026-08-06 08:04:46 | INFO    | [MemPalace] Gravado: Asa=Email | Sala=gmail:Trabalho:19fd1d0292de502d
2026-08-06 08:04:46 | INFO    |     De: "Tratore 🚜" <contato@tratore.com.br> Assunto: 💿 Conhecendo Selos: Frase Records Data: Wed, 05 Aug 2026 12:05:06 +0000 (UTC) Visualizar este e-mail...

2026-08-06 08:04:47 | INFO    | [MEMPALACE] Resumo completo de agrupamento (Total: 577):
2026-08-06 08:04:47 | INFO    |     - 3d: 1 itens
2026-08-06 08:04:47 | INFO    |     - Diretorios: 4 itens
2026-08-06 08:04:47 | INFO    |     - Edicao: 1 itens
2026-08-06 08:04:47 | INFO    |     - Fisica: 1 itens
2026-08-06 08:04:47 | INFO    |     - MCP: 1 itens
2026-08-06 08:04:47 | INFO    |     - RH: 8 itens
2026-08-06 08:04:47 | INFO    |     - SalaComum: 9 itens
2026-08-06 08:04:47 | INFO    |     - TestRoom: 5 itens
2026-08-06 08:04:47 | INFO    |     - Validacao: 1 itens
2026-08-06 08:04:47 | INFO    |     - Windows_MCP: 7 itens
2026-08-06 08:04:47 | INFO    |     - accounts_contacts: 2 itens
2026-08-06 08:04:47 | INFO    |     - agent_tasks: 26 itens
2026-08-06 08:04:47 | INFO    |     - alerts: 13 itens
2026-08-06 08:04:47 | INFO    |     - android_and_pc_registrations: 21 itens
2026-08-06 08:04:47 | INFO    |     - antigravity: 1 itens
2026-08-06 08:04:47 | INFO    |     - career: 1 itens
2026-08-06 08:04:47 | INFO    |     - delika: 1 itens
2026-08-06 08:04:47 | INFO    |     - design: 1 itens
2026-08-06 08:04:47 | INFO    |     - dev: 1 itens
2026-08-06 08:04:47 | INFO    |     - Drive Principal: 79 itens
2026-08-06 08:04:47 | INFO    |     - Drive Trabalho: 10 itens
2026-08-06 08:04:47 | INFO    |     - drive_docs: 21 itens
2026-08-06 08:04:47 | INFO    |     - drive_shared_files: 10 itens
2026-08-06 08:04:47 | INFO    |     - education: 1 itens
2026-08-06 08:04:47 | INFO    |     - family: 1 itens
2026-08-06 08:04:47 | INFO    |     - github_repos: 2 itens
2026-08-06 08:04:47 | INFO    |     - Gmail Principal: 87 itens
2026-08-06 08:04:47 | INFO    |     - Gmail Trabalho: 81 itens
2026-08-06 08:04:47 | INFO    |     - gmail_linked_accounts: 11 itens
2026-08-06 08:04:47 | INFO    |     - gmail_notifications: 16 itens
2026-08-06 08:04:47 | INFO    |     - google_docs: 36 itens
2026-08-06 08:04:47 | INFO    |     - hardware: 2 itens
2026-08-06 08:04:47 | INFO    |     - jubileu: 4 itens
2026-08-06 08:04:47 | INFO    |     - mary_kay: 1 itens
2026-08-06 08:04:47 | INFO    |     - neon_orbit: 1 itens
2026-08-06 08:04:47 | INFO    |     - onedrive: 1 itens
2026-08-06 08:04:47 | INFO    |     - personal: 2 itens
2026-08-06 08:04:47 | INFO    |     - reddit_godot: 1 itens
2026-08-06 08:04:47 | INFO    |     - router: 1 itens
2026-08-06 08:04:47 | INFO    |     - security: 1 itens
2026-08-06 08:04:47 | INFO    |     - sparkhub: 1 itens
2026-08-06 08:04:47 | INFO    |     - storage_parser: 1 itens
2026-08-06 08:04:47 | INFO    |     - sync_audit: 24 itens
2026-08-06 08:04:47 | INFO    |     - system_status: 13 itens
2026-08-06 08:04:47 | INFO    |     - terabox: 1 itens
2026-08-06 08:04:47 | INFO    |     - tiktok_shop: 1 itens
2026-08-06 08:04:47 | INFO    |     - web_research_insights: 62 itens
2026-08-06 08:04:48 | INFO    | [MemPalace] Gravado: Asa=Email | Sala=gmail:Trabalho:19fd1cf154ce069c
2026-08-06 08:04:48 | INFO    |     De: Infojobs <info@infojobs.com.br> Assunto: Há novas 7 vagas de Auxiliar De Suporte Técnico perto de você Data: 5 Aug 2026 12:03:47 +0000 96 Stefanin...

2026-08-06 08:04:48 | INFO    | 
[OK] Ingestão concluída.
2026-08-06 08:04:49 | INFO    | [MEMPALACE] Resumo completo de agrupamento (Total: 578):
2026-08-06 08:04:49 | INFO    |     - 3d: 1 itens
2026-08-06 08:04:49 | INFO    |     - Diretorios: 4 itens
2026-08-06 08:04:49 | INFO    |     - Edicao: 1 itens
2026-08-06 08:04:49 | INFO    |     - Fisica: 1 itens
2026-08-06 08:04:49 | INFO    |     - MCP: 1 itens
2026-08-06 08:04:49 | INFO    |     - RH: 8 itens
2026-08-06 08:04:49 | INFO    |     - SalaComum: 9 itens
2026-08-06 08:04:49 | INFO    |     - TestRoom: 5 itens
2026-08-06 08:04:49 | INFO    |     - Validacao: 1 itens
2026-08-06 08:04:49 | INFO    |     - Windows_MCP: 7 itens
2026-08-06 08:04:49 | INFO    |     - accounts_contacts: 2 itens
2026-08-06 08:04:49 | INFO    |     - agent_tasks: 26 itens
2026-08-06 08:04:49 | INFO    |     - alerts: 13 itens
2026-08-06 08:04:49 | INFO    |     - android_and_pc_registrations: 21 itens
2026-08-06 08:04:49 | INFO    |     - antigravity: 1 itens
2026-08-06 08:04:49 | INFO    |     - career: 1 itens
2026-08-06 08:04:49 | INFO    |     - delika: 1 itens
2026-08-06 08:04:49 | INFO    |     - design: 1 itens
2026-08-06 08:04:49 | INFO    |     - dev: 1 itens
2026-08-06 08:04:49 | INFO    |     - Drive Principal: 79 itens
2026-08-06 08:04:49 | INFO    |     - Drive Trabalho: 10 itens
2026-08-06 08:04:49 | INFO    |     - drive_docs: 21 itens
2026-08-06 08:04:49 | INFO    |     - drive_shared_files: 10 itens
2026-08-06 08:04:49 | INFO    |     - education: 1 itens
2026-08-06 08:04:49 | INFO    |     - family: 1 itens
2026-08-06 08:04:49 | INFO    |     - github_repos: 2 itens
2026-08-06 08:04:49 | INFO    |     - Gmail Principal: 87 itens
2026-08-06 08:04:49 | INFO    |     - Gmail Trabalho: 82 itens
2026-08-06 08:04:49 | INFO    |     - gmail_linked_accounts: 11 itens
2026-08-06 08:04:49 | INFO    |     - gmail_notifications: 16 itens
2026-08-06 08:04:49 | INFO    |     - google_docs: 36 itens
2026-08-06 08:04:49 | INFO    |     - hardware: 2 itens
2026-08-06 08:04:49 | INFO    |     - jubileu: 4 itens
2026-08-06 08:04:49 | INFO    |     - mary_kay: 1 itens
2026-08-06 08:04:49 | INFO    |     - neon_orbit: 1 itens
2026-08-06 08:04:49 | INFO    |     - onedrive: 1 itens
2026-08-06 08:04:49 | INFO    |     - personal: 2 itens
2026-08-06 08:04:49 | INFO    |     - reddit_godot: 1 itens
2026-08-06 08:04:49 | INFO    |     - router: 1 itens
2026-08-06 08:04:49 | INFO    |     - security: 1 itens
2026-08-06 08:04:49 | INFO    |     - sparkhub: 1 itens
2026-08-06 08:04:49 | INFO    |     - storage_parser: 1 itens
2026-08-06 08:04:49 | INFO    |     - sync_audit: 24 itens
2026-08-06 08:04:49 | INFO    |     - system_status: 13 itens
2026-08-06 08:04:49 | INFO    |     - terabox: 1 itens
2026-08-06 08:04:49 | INFO    |     - tiktok_shop: 1 itens
2026-08-06 08:04:49 | INFO    |     - web_research_insights: 62 itens
2026-08-06 08:13:45 | INFO    | [AUTO-DISCOVERY] Mapeados 751 programas/atalhos em D:\SparkHub\mapa_executaveis.csv
2026-08-06 08:13:45 | INFO    | [API] Uma instância já está rodando. Encerrando.
2026-08-06 08:15:53 | INFO    | [ORQUESTRADOR] Rota 5 (Raciocínio) ativada.
2026-08-06 08:15:57 | ERROR   | [ROTEADOR WARN] Camada 1 falhou (<urlopen error [WinError 10061] Nenhuma conexão pôde ser feita porque a máquina de destino as recusou ativamente>). Acionando Camada 2...
2026-08-06 08:16:00 | INFO    | [ROTEADOR SUCESSO] Resposta via Camada 2 (Tamanho: 99)
2026-08-06 08:16:00 | INFO    | [ORQUESTRADOR] Rota 5 (Raciocínio) ativada.
2026-08-06 08:16:05 | ERROR   | [ROTEADOR WARN] Camada 1 falhou (<urlopen error [WinError 10061] Nenhuma conexão pôde ser feita porque a máquina de destino as recusou ativamente>). Acionando Camada 2...
2026-08-06 08:16:13 | INFO    | [ROTEADOR SUCESSO] Resposta via Camada 2 (Tamanho: 128)
2026-08-06 08:19:36 | INFO    | [AUTO-DISCOVERY] Mapeados 751 programas/atalhos em D:\SparkHub\mapa_executaveis.csv
2026-08-06 08:19:36 | INFO    | === SERVIDOR SPARKHUB v2.5.0 (SHELLEXECUTE / AUTO-DISCOVERY / CLI) RODANDO NA PORTA 8000 ===
2026-08-06 08:19:36 | INFO    | Execucao nativa na sessao interativa com os.startfile() e auditoria pos-acao.
2026-08-06 08:19:36 | INFO    | === SERVIDOR SPARKHUB v2.5.0 RODANDO EM http://127.0.0.1:8000/ ===
2026-08-06 08:19:37 | INFO    | [MEMPALACE] Resumo completo de agrupamento (Total: 578):
2026-08-06 08:19:37 | INFO    |     - 3d: 1 itens
2026-08-06 08:19:37 | INFO    |     - Diretorios: 4 itens
2026-08-06 08:19:37 | INFO    |     - Edicao: 1 itens
2026-08-06 08:19:37 | INFO    |     - Fisica: 1 itens
2026-08-06 08:19:37 | INFO    |     - MCP: 1 itens
2026-08-06 08:19:37 | INFO    |     - RH: 8 itens
2026-08-06 08:19:37 | INFO    |     - SalaComum: 9 itens
2026-08-06 08:19:37 | INFO    |     - TestRoom: 5 itens
2026-08-06 08:19:37 | INFO    |     - Validacao: 1 itens
2026-08-06 08:19:37 | INFO    |     - Windows_MCP: 7 itens
2026-08-06 08:19:37 | INFO    |     - accounts_contacts: 2 itens
2026-08-06 08:19:37 | INFO    |     - agent_tasks: 26 itens
2026-08-06 08:19:37 | INFO    |     - alerts: 13 itens
2026-08-06 08:19:37 | INFO    |     - android_and_pc_registrations: 21 itens
2026-08-06 08:19:37 | INFO    |     - antigravity: 1 itens
2026-08-06 08:19:37 | INFO    |     - career: 1 itens
2026-08-06 08:19:37 | INFO    |     - delika: 1 itens
2026-08-06 08:19:37 | INFO    |     - design: 1 itens
2026-08-06 08:19:37 | INFO    |     - dev: 1 itens
2026-08-06 08:19:37 | INFO    |     - Drive Principal: 79 itens
2026-08-06 08:19:37 | INFO    |     - Drive Trabalho: 10 itens
2026-08-06 08:19:37 | INFO    |     - drive_docs: 21 itens
2026-08-06 08:19:37 | INFO    |     - drive_shared_files: 10 itens
2026-08-06 08:19:37 | INFO    |     - education: 1 itens
2026-08-06 08:19:37 | INFO    |     - family: 1 itens
2026-08-06 08:19:37 | INFO    |     - github_repos: 2 itens
2026-08-06 08:19:37 | INFO    |     - Gmail Principal: 87 itens
2026-08-06 08:19:37 | INFO    |     - Gmail Trabalho: 82 itens
2026-08-06 08:19:37 | INFO    |     - gmail_linked_accounts: 11 itens
2026-08-06 08:19:37 | INFO    |     - gmail_notifications: 16 itens
2026-08-06 08:19:37 | INFO    |     - google_docs: 36 itens
2026-08-06 08:19:37 | INFO    |     - hardware: 2 itens
2026-08-06 08:19:37 | INFO    |     - jubileu: 4 itens
2026-08-06 08:19:37 | INFO    |     - mary_kay: 1 itens
2026-08-06 08:19:37 | INFO    |     - neon_orbit: 1 itens
2026-08-06 08:19:37 | INFO    |     - onedrive: 1 itens
2026-08-06 08:19:37 | INFO    |     - personal: 2 itens
2026-08-06 08:19:37 | INFO    |     - reddit_godot: 1 itens
2026-08-06 08:19:37 | INFO    |     - router: 1 itens
2026-08-06 08:19:37 | INFO    |     - security: 1 itens
2026-08-06 08:19:37 | INFO    |     - sparkhub: 1 itens
2026-08-06 08:19:37 | INFO    |     - storage_parser: 1 itens
2026-08-06 08:19:37 | INFO    |     - sync_audit: 24 itens
2026-08-06 08:19:37 | INFO    |     - system_status: 13 itens
2026-08-06 08:19:37 | INFO    |     - terabox: 1 itens
2026-08-06 08:19:37 | INFO    |     - tiktok_shop: 1 itens
2026-08-06 08:19:37 | INFO    |     - web_research_insights: 62 itens
2026-08-06 08:19:45 | INFO    | [ORQUESTRADOR] Rota 5 (Raciocínio) ativada.
2026-08-06 08:19:50 | ERROR   | [ROTEADOR WARN] Camada 1 falhou (<urlopen error [WinError 10061] Nenhuma conexão pôde ser feita porque a máquina de destino as recusou ativamente>). Acionando Camada 2...
2026-08-06 08:19:52 | INFO    | [ROTEADOR SUCESSO] Resposta via Camada 2 (Tamanho: 77)
2026-08-06 08:22:58 | INFO    | [ORQUESTRADOR] Rota 5 (Raciocínio) ativada.
2026-08-06 08:23:02 | ERROR   | [ROTEADOR WARN] Camada 1 falhou (<urlopen error [WinError 10061] Nenhuma conexão pôde ser feita porque a máquina de destino as recusou ativamente>). Acionando Camada 2...
2026-08-06 08:23:06 | INFO    | [ROTEADOR] Tool Call Interceptado: search_gmail {'query': 'ngrok'}
2026-08-06 08:23:09 | INFO    | [ROTEADOR] Tool Call Interceptado: search_drive_docs {'query': 'ngrok'}
2026-08-06 08:23:15 | INFO    | [ROTEADOR] Tool Call Interceptado: search_gmail {'query': 'from:ngrok'}
2026-08-06 08:23:22 | INFO    | [ROTEADOR SUCESSO] Resposta via Camada 2 (Tamanho: 292)
2026-08-06 08:44:50 | INFO    | [ORQUESTRADOR] Rota 5 (Raciocínio) ativada.
2026-08-06 08:44:55 | ERROR   | [ROTEADOR WARN] Camada 1 falhou (<urlopen error [WinError 10061] Nenhuma conexão pôde ser feita porque a máquina de destino as recusou ativamente>). Acionando Camada 2...
2026-08-06 08:44:59 | INFO    | [ROTEADOR SUCESSO] Resposta via Camada 2 (Tamanho: 81)
2026-08-06 08:45:00 | INFO    | [MEMPALACE] Resumo completo de agrupamento (Total: 579):
2026-08-06 08:45:00 | INFO    |     - 3d: 1 itens
2026-08-06 08:45:00 | INFO    |     - Diretorios: 4 itens
2026-08-06 08:45:00 | INFO    |     - Edicao: 1 itens
2026-08-06 08:45:00 | INFO    |     - Fisica: 1 itens
2026-08-06 08:45:00 | INFO    |     - MCP: 1 itens
2026-08-06 08:45:00 | INFO    |     - RH: 8 itens
2026-08-06 08:45:00 | INFO    |     - SalaComum: 9 itens
2026-08-06 08:45:00 | INFO    |     - TestRoom: 5 itens
2026-08-06 08:45:00 | INFO    |     - Validacao: 1 itens
2026-08-06 08:45:00 | INFO    |     - Windows_MCP: 7 itens
2026-08-06 08:45:00 | INFO    |     - accounts_contacts: 2 itens
2026-08-06 08:45:00 | INFO    |     - agent_tasks: 27 itens
2026-08-06 08:45:00 | INFO    |     - alerts: 13 itens
2026-08-06 08:45:00 | INFO    |     - android_and_pc_registrations: 21 itens
2026-08-06 08:45:00 | INFO    |     - antigravity: 1 itens
2026-08-06 08:45:00 | INFO    |     - career: 1 itens
2026-08-06 08:45:00 | INFO    |     - delika: 1 itens
2026-08-06 08:45:00 | INFO    |     - design: 1 itens
2026-08-06 08:45:00 | INFO    |     - dev: 1 itens
2026-08-06 08:45:00 | INFO    |     - Drive Principal: 79 itens
2026-08-06 08:45:00 | INFO    |     - Drive Trabalho: 10 itens
2026-08-06 08:45:00 | INFO    |     - drive_docs: 21 itens
2026-08-06 08:45:00 | INFO    |     - drive_shared_files: 10 itens
2026-08-06 08:45:00 | INFO    |     - education: 1 itens
2026-08-06 08:45:00 | INFO    |     - family: 1 itens
2026-08-06 08:45:00 | INFO    |     - github_repos: 2 itens
2026-08-06 08:45:00 | INFO    |     - Gmail Principal: 87 itens
2026-08-06 08:45:00 | INFO    |     - Gmail Trabalho: 82 itens
2026-08-06 08:45:00 | INFO    |     - gmail_linked_accounts: 11 itens
2026-08-06 08:45:00 | INFO    |     - gmail_notifications: 16 itens
2026-08-06 08:45:00 | INFO    |     - google_docs: 36 itens
2026-08-06 08:45:00 | INFO    |     - hardware: 2 itens
2026-08-06 08:45:00 | INFO    |     - jubileu: 4 itens
2026-08-06 08:45:00 | INFO    |     - mary_kay: 1 itens
2026-08-06 08:45:00 | INFO    |     - neon_orbit: 1 itens
2026-08-06 08:45:00 | INFO    |     - onedrive: 1 itens
2026-08-06 08:45:00 | INFO    |     - personal: 2 itens
2026-08-06 08:45:00 | INFO    |     - reddit_godot: 1 itens
2026-08-06 08:45:00 | INFO    |     - router: 1 itens
2026-08-06 08:45:00 | INFO    |     - security: 1 itens
2026-08-06 08:45:00 | INFO    |     - sparkhub: 1 itens
2026-08-06 08:45:00 | INFO    |     - storage_parser: 1 itens
2026-08-06 08:45:00 | INFO    |     - sync_audit: 24 itens
2026-08-06 08:45:00 | INFO    |     - system_status: 13 itens
2026-08-06 08:45:00 | INFO    |     - terabox: 1 itens
2026-08-06 08:45:00 | INFO    |     - tiktok_shop: 1 itens
2026-08-06 08:45:00 | INFO    |     - web_research_insights: 62 itens
2026-08-06 09:01:11 | INFO    | [ORQUESTRADOR] Rota 5 (Raciocínio) ativada.
2026-08-06 09:01:16 | ERROR   | [ROTEADOR WARN] Camada 1 falhou (<urlopen error [WinError 10061] Nenhuma conexão pôde ser feita porque a máquina de destino as recusou ativamente>). Acionando Camada 2...
2026-08-06 09:01:20 | INFO    | [ROTEADOR] Tool Call Interceptado: search_gmail {'query': 'idade aniversário nascimento Alexandre'}
2026-08-06 09:01:26 | INFO    | [ROTEADOR] Tool Call Interceptado: search_drive_docs {'query': 'idade aniversário nascimento'}
2026-08-06 09:01:35 | INFO    | [ROTEADOR SUCESSO] Resposta via Camada 2 (Tamanho: 265)
2026-08-06 09:01:36 | INFO    | [MEMPALACE] Resumo completo de agrupamento (Total: 580):
2026-08-06 09:01:36 | INFO    |     - 3d: 1 itens
2026-08-06 09:01:36 | INFO    |     - Diretorios: 4 itens
2026-08-06 09:01:36 | INFO    |     - Edicao: 1 itens
2026-08-06 09:01:36 | INFO    |     - Fisica: 1 itens
2026-08-06 09:01:36 | INFO    |     - MCP: 1 itens
2026-08-06 09:01:36 | INFO    |     - RH: 8 itens
2026-08-06 09:01:36 | INFO    |     - SalaComum: 9 itens
2026-08-06 09:01:36 | INFO    |     - TestRoom: 5 itens
2026-08-06 09:01:36 | INFO    |     - Validacao: 1 itens
2026-08-06 09:01:36 | INFO    |     - Windows_MCP: 7 itens
2026-08-06 09:01:36 | INFO    |     - accounts_contacts: 2 itens
2026-08-06 09:01:36 | INFO    |     - agent_tasks: 28 itens
2026-08-06 09:01:36 | INFO    |     - alerts: 13 itens
2026-08-06 09:01:36 | INFO    |     - android_and_pc_registrations: 21 itens
2026-08-06 09:01:36 | INFO    |     - antigravity: 1 itens
2026-08-06 09:01:36 | INFO    |     - career: 1 itens
2026-08-06 09:01:36 | INFO    |     - delika: 1 itens
2026-08-06 09:01:36 | INFO    |     - design: 1 itens
2026-08-06 09:01:36 | INFO    |     - dev: 1 itens
2026-08-06 09:01:36 | INFO    |     - Drive Principal: 79 itens
2026-08-06 09:01:36 | INFO    |     - Drive Trabalho: 10 itens
2026-08-06 09:01:36 | INFO    |     - drive_docs: 21 itens
2026-08-06 09:01:36 | INFO    |     - drive_shared_files: 10 itens
2026-08-06 09:01:36 | INFO    |     - education: 1 itens
2026-08-06 09:01:36 | INFO    |     - family: 1 itens
2026-08-06 09:01:36 | INFO    |     - github_repos: 2 itens
2026-08-06 09:01:36 | INFO    |     - Gmail Principal: 87 itens
2026-08-06 09:01:36 | INFO    |     - Gmail Trabalho: 82 itens
2026-08-06 09:01:36 | INFO    |     - gmail_linked_accounts: 11 itens
2026-08-06 09:01:36 | INFO    |     - gmail_notifications: 16 itens
2026-08-06 09:01:36 | INFO    |     - google_docs: 36 itens
2026-08-06 09:01:36 | INFO    |     - hardware: 2 itens
2026-08-06 09:01:36 | INFO    |     - jubileu: 4 itens
2026-08-06 09:01:36 | INFO    |     - mary_kay: 1 itens
2026-08-06 09:01:36 | INFO    |     - neon_orbit: 1 itens
2026-08-06 09:01:36 | INFO    |     - onedrive: 1 itens
2026-08-06 09:01:36 | INFO    |     - personal: 2 itens
2026-08-06 09:01:36 | INFO    |     - reddit_godot: 1 itens
2026-08-06 09:01:36 | INFO    |     - router: 1 itens
2026-08-06 09:01:36 | INFO    |     - security: 1 itens
2026-08-06 09:01:36 | INFO    |     - sparkhub: 1 itens
2026-08-06 09:01:36 | INFO    |     - storage_parser: 1 itens
2026-08-06 09:01:36 | INFO    |     - sync_audit: 24 itens
2026-08-06 09:01:36 | INFO    |     - system_status: 13 itens
2026-08-06 09:01:36 | INFO    |     - terabox: 1 itens
2026-08-06 09:01:36 | INFO    |     - tiktok_shop: 1 itens
2026-08-06 09:01:36 | INFO    |     - web_research_insights: 62 itens
2026-08-06 09:03:30 | INFO    | [ORQUESTRADOR] Rota 3 (Workspace) ativada.
2026-08-06 09:03:34 | INFO    | [ORQUESTRADOR] Injetando dados do Workspace na Rota 5...
2026-08-06 09:03:39 | ERROR   | [ROTEADOR WARN] Camada 1 falhou (<urlopen error [WinError 10061] Nenhuma conexão pôde ser feita porque a máquina de destino as recusou ativamente>). Acionando Camada 2...
2026-08-06 09:03:46 | INFO    | [ROTEADOR SUCESSO] Resposta via Camada 2 (Tamanho: 327)
2026-08-06 09:03:46 | INFO    | [MEMPALACE] Resumo completo de agrupamento (Total: 581):
2026-08-06 09:03:46 | INFO    |     - 3d: 1 itens
2026-08-06 09:03:46 | INFO    |     - Diretorios: 4 itens
2026-08-06 09:03:46 | INFO    |     - Edicao: 1 itens
2026-08-06 09:03:46 | INFO    |     - Fisica: 1 itens
2026-08-06 09:03:46 | INFO    |     - MCP: 1 itens
2026-08-06 09:03:46 | INFO    |     - RH: 8 itens
2026-08-06 09:03:46 | INFO    |     - SalaComum: 9 itens
2026-08-06 09:03:46 | INFO    |     - TestRoom: 5 itens
2026-08-06 09:03:46 | INFO    |     - Validacao: 1 itens
2026-08-06 09:03:46 | INFO    |     - Windows_MCP: 7 itens
2026-08-06 09:03:46 | INFO    |     - accounts_contacts: 2 itens
2026-08-06 09:03:46 | INFO    |     - agent_tasks: 29 itens
2026-08-06 09:03:46 | INFO    |     - alerts: 13 itens
2026-08-06 09:03:46 | INFO    |     - android_and_pc_registrations: 21 itens
2026-08-06 09:03:46 | INFO    |     - antigravity: 1 itens
2026-08-06 09:03:46 | INFO    |     - career: 1 itens
2026-08-06 09:03:46 | INFO    |     - delika: 1 itens
2026-08-06 09:03:46 | INFO    |     - design: 1 itens
2026-08-06 09:03:46 | INFO    |     - dev: 1 itens
2026-08-06 09:03:46 | INFO    |     - Drive Principal: 79 itens
2026-08-06 09:03:46 | INFO    |     - Drive Trabalho: 10 itens
2026-08-06 09:03:46 | INFO    |     - drive_docs: 21 itens
2026-08-06 09:03:46 | INFO    |     - drive_shared_files: 10 itens
2026-08-06 09:03:46 | INFO    |     - education: 1 itens
2026-08-06 09:03:46 | INFO    |     - family: 1 itens
2026-08-06 09:03:46 | INFO    |     - github_repos: 2 itens
2026-08-06 09:03:46 | INFO    |     - Gmail Principal: 87 itens
2026-08-06 09:03:46 | INFO    |     - Gmail Trabalho: 82 itens
2026-08-06 09:03:46 | INFO    |     - gmail_linked_accounts: 11 itens
2026-08-06 09:03:46 | INFO    |     - gmail_notifications: 16 itens
2026-08-06 09:03:46 | INFO    |     - google_docs: 36 itens
2026-08-06 09:03:46 | INFO    |     - hardware: 2 itens
2026-08-06 09:03:46 | INFO    |     - jubileu: 4 itens
2026-08-06 09:03:46 | INFO    |     - mary_kay: 1 itens
2026-08-06 09:03:46 | INFO    |     - neon_orbit: 1 itens
2026-08-06 09:03:46 | INFO    |     - onedrive: 1 itens
2026-08-06 09:03:46 | INFO    |     - personal: 2 itens
2026-08-06 09:03:46 | INFO    |     - reddit_godot: 1 itens
2026-08-06 09:03:46 | INFO    |     - router: 1 itens
2026-08-06 09:03:46 | INFO    |     - security: 1 itens
2026-08-06 09:03:46 | INFO    |     - sparkhub: 1 itens
2026-08-06 09:03:46 | INFO    |     - storage_parser: 1 itens
2026-08-06 09:03:46 | INFO    |     - sync_audit: 24 itens
2026-08-06 09:03:46 | INFO    |     - system_status: 13 itens
2026-08-06 09:03:46 | INFO    |     - terabox: 1 itens
2026-08-06 09:03:46 | INFO    |     - tiktok_shop: 1 itens
2026-08-06 09:03:46 | INFO    |     - web_research_insights: 62 itens
2026-08-06 09:04:02 | INFO    | [ORQUESTRADOR] Rota 5 (Raciocínio) ativada.
2026-08-06 09:04:06 | ERROR   | [ROTEADOR WARN] Camada 1 falhou (<urlopen error [WinError 10061] Nenhuma conexão pôde ser feita porque a máquina de destino as recusou ativamente>). Acionando Camada 2...
2026-08-06 09:04:23 | INFO    | [ROTEADOR SUCESSO] Resposta via Camada 2 (Tamanho: 717)
2026-08-06 09:04:24 | INFO    | [MEMPALACE] Resumo completo de agrupamento (Total: 582):
2026-08-06 09:04:24 | INFO    |     - 3d: 1 itens
2026-08-06 09:04:24 | INFO    |     - Diretorios: 4 itens
2026-08-06 09:04:24 | INFO    |     - Edicao: 1 itens
2026-08-06 09:04:24 | INFO    |     - Fisica: 1 itens
2026-08-06 09:04:24 | INFO    |     - MCP: 1 itens
2026-08-06 09:04:24 | INFO    |     - RH: 8 itens
2026-08-06 09:04:24 | INFO    |     - SalaComum: 9 itens
2026-08-06 09:04:24 | INFO    |     - TestRoom: 5 itens
2026-08-06 09:04:24 | INFO    |     - Validacao: 1 itens
2026-08-06 09:04:24 | INFO    |     - Windows_MCP: 7 itens
2026-08-06 09:04:24 | INFO    |     - accounts_contacts: 2 itens
2026-08-06 09:04:24 | INFO    |     - agent_tasks: 30 itens
2026-08-06 09:04:24 | INFO    |     - alerts: 13 itens
2026-08-06 09:04:24 | INFO    |     - android_and_pc_registrations: 21 itens
2026-08-06 09:04:24 | INFO    |     - antigravity: 1 itens
2026-08-06 09:04:24 | INFO    |     - career: 1 itens
2026-08-06 09:04:24 | INFO    |     - delika: 1 itens
2026-08-06 09:04:24 | INFO    |     - design: 1 itens
2026-08-06 09:04:24 | INFO    |     - dev: 1 itens
2026-08-06 09:04:24 | INFO    |     - Drive Principal: 79 itens
2026-08-06 09:04:24 | INFO    |     - Drive Trabalho: 10 itens
2026-08-06 09:04:24 | INFO    |     - drive_docs: 21 itens
2026-08-06 09:04:24 | INFO    |     - drive_shared_files: 10 itens
2026-08-06 09:04:24 | INFO    |     - education: 1 itens
2026-08-06 09:04:24 | INFO    |     - family: 1 itens
2026-08-06 09:04:24 | INFO    |     - github_repos: 2 itens
2026-08-06 09:04:24 | INFO    |     - Gmail Principal: 87 itens
2026-08-06 09:04:24 | INFO    |     - Gmail Trabalho: 82 itens
2026-08-06 09:04:24 | INFO    |     - gmail_linked_accounts: 11 itens
2026-08-06 09:04:24 | INFO    |     - gmail_notifications: 16 itens
2026-08-06 09:04:24 | INFO    |     - google_docs: 36 itens
2026-08-06 09:04:24 | INFO    |     - hardware: 2 itens
2026-08-06 09:04:24 | INFO    |     - jubileu: 4 itens
2026-08-06 09:04:24 | INFO    |     - mary_kay: 1 itens
2026-08-06 09:04:24 | INFO    |     - neon_orbit: 1 itens
2026-08-06 09:04:24 | INFO    |     - onedrive: 1 itens
2026-08-06 09:04:24 | INFO    |     - personal: 2 itens
2026-08-06 09:04:24 | INFO    |     - reddit_godot: 1 itens
2026-08-06 09:04:24 | INFO    |     - router: 1 itens
2026-08-06 09:04:24 | INFO    |     - security: 1 itens
2026-08-06 09:04:24 | INFO    |     - sparkhub: 1 itens
2026-08-06 09:04:24 | INFO    |     - storage_parser: 1 itens
2026-08-06 09:04:24 | INFO    |     - sync_audit: 24 itens
2026-08-06 09:04:24 | INFO    |     - system_status: 13 itens
2026-08-06 09:04:24 | INFO    |     - terabox: 1 itens
2026-08-06 09:04:24 | INFO    |     - tiktok_shop: 1 itens
2026-08-06 09:04:24 | INFO    |     - web_research_insights: 62 itens
2026-08-06 09:04:45 | INFO    | [ORQUESTRADOR] Rota 5 (Raciocínio) ativada.
2026-08-06 09:04:50 | ERROR   | [ROTEADOR WARN] Camada 1 falhou (<urlopen error [WinError 10061] Nenhuma conexão pôde ser feita porque a máquina de destino as recusou ativamente>). Acionando Camada 2...
2026-08-06 09:05:12 | INFO    | [MEMPALACE] Resumo completo de agrupamento (Total: 583):
2026-08-06 09:05:12 | INFO    |     - 3d: 1 itens
2026-08-06 09:05:12 | INFO    |     - Diretorios: 4 itens
2026-08-06 09:05:12 | INFO    |     - Edicao: 1 itens
2026-08-06 09:05:12 | INFO    |     - Fisica: 1 itens
2026-08-06 09:05:12 | INFO    |     - MCP: 1 itens
2026-08-06 09:05:12 | INFO    |     - RH: 8 itens
2026-08-06 09:05:12 | INFO    |     - SalaComum: 9 itens
2026-08-06 09:05:12 | INFO    |     - TestRoom: 5 itens
2026-08-06 09:05:12 | INFO    |     - Validacao: 1 itens
2026-08-06 09:05:12 | INFO    |     - Windows_MCP: 7 itens
2026-08-06 09:05:12 | INFO    |     - accounts_contacts: 2 itens
2026-08-06 09:05:12 | INFO    |     - agent_tasks: 31 itens
2026-08-06 09:05:12 | INFO    |     - alerts: 13 itens
2026-08-06 09:05:12 | INFO    |     - android_and_pc_registrations: 21 itens
2026-08-06 09:05:12 | INFO    |     - antigravity: 1 itens
2026-08-06 09:05:12 | INFO    |     - career: 1 itens
2026-08-06 09:05:12 | INFO    |     - delika: 1 itens
2026-08-06 09:05:12 | INFO    |     - design: 1 itens
2026-08-06 09:05:12 | INFO    |     - dev: 1 itens
2026-08-06 09:05:12 | INFO    |     - Drive Principal: 79 itens
2026-08-06 09:05:12 | INFO    |     - Drive Trabalho: 10 itens
2026-08-06 09:05:12 | INFO    |     - drive_docs: 21 itens
2026-08-06 09:05:12 | INFO    |     - drive_shared_files: 10 itens
2026-08-06 09:05:12 | INFO    |     - education: 1 itens
2026-08-06 09:05:12 | INFO    |     - family: 1 itens
2026-08-06 09:05:12 | INFO    |     - github_repos: 2 itens
2026-08-06 09:05:12 | INFO    |     - Gmail Principal: 87 itens
2026-08-06 09:05:12 | INFO    |     - Gmail Trabalho: 82 itens
2026-08-06 09:05:12 | INFO    |     - gmail_linked_accounts: 11 itens
2026-08-06 09:05:12 | INFO    |     - gmail_notifications: 16 itens
2026-08-06 09:05:12 | INFO    |     - google_docs: 36 itens
2026-08-06 09:05:12 | INFO    |     - hardware: 2 itens
2026-08-06 09:05:12 | INFO    |     - jubileu: 4 itens
2026-08-06 09:05:12 | INFO    |     - mary_kay: 1 itens
2026-08-06 09:05:12 | INFO    |     - neon_orbit: 1 itens
2026-08-06 09:05:12 | INFO    |     - onedrive: 1 itens
2026-08-06 09:05:12 | INFO    |     - personal: 2 itens
2026-08-06 09:05:12 | INFO    |     - reddit_godot: 1 itens
2026-08-06 09:05:12 | INFO    |     - router: 1 itens
2026-08-06 09:05:12 | INFO    |     - security: 1 itens
2026-08-06 09:05:12 | INFO    |     - sparkhub: 1 itens
2026-08-06 09:05:12 | INFO    |     - storage_parser: 1 itens
2026-08-06 09:05:12 | INFO    |     - sync_audit: 24 itens
2026-08-06 09:05:12 | INFO    |     - system_status: 13 itens
2026-08-06 09:05:12 | INFO    |     - terabox: 1 itens
2026-08-06 09:05:12 | INFO    |     - tiktok_shop: 1 itens
2026-08-06 09:05:12 | INFO    |     - web_research_insights: 62 itens
2026-08-06 09:05:16 | INFO    | [MEMPALACE] Resumo completo de agrupamento (Total: 584):
2026-08-06 09:05:16 | INFO    |     - 3d: 1 itens
2026-08-06 09:05:16 | INFO    |     - Diretorios: 4 itens
2026-08-06 09:05:16 | INFO    |     - Edicao: 1 itens
2026-08-06 09:05:16 | INFO    |     - Fisica: 1 itens
2026-08-06 09:05:16 | INFO    |     - MCP: 1 itens
2026-08-06 09:05:16 | INFO    |     - RH: 8 itens
2026-08-06 09:05:16 | INFO    |     - SalaComum: 9 itens
2026-08-06 09:05:16 | INFO    |     - TestRoom: 5 itens
2026-08-06 09:05:16 | INFO    |     - Validacao: 1 itens
2026-08-06 09:05:16 | INFO    |     - Windows_MCP: 7 itens
2026-08-06 09:05:16 | INFO    |     - accounts_contacts: 2 itens
2026-08-06 09:05:16 | INFO    |     - agent_tasks: 32 itens
2026-08-06 09:05:16 | INFO    |     - alerts: 13 itens
2026-08-06 09:05:16 | INFO    |     - android_and_pc_registrations: 21 itens
2026-08-06 09:05:16 | INFO    |     - antigravity: 1 itens
2026-08-06 09:05:16 | INFO    |     - career: 1 itens
2026-08-06 09:05:16 | INFO    |     - delika: 1 itens
2026-08-06 09:05:16 | INFO    |     - design: 1 itens
2026-08-06 09:05:16 | INFO    |     - dev: 1 itens
2026-08-06 09:05:16 | INFO    |     - Drive Principal: 79 itens
2026-08-06 09:05:16 | INFO    |     - Drive Trabalho: 10 itens
2026-08-06 09:05:16 | INFO    |     - drive_docs: 21 itens
2026-08-06 09:05:16 | INFO    |     - drive_shared_files: 10 itens
2026-08-06 09:05:16 | INFO    |     - education: 1 itens
2026-08-06 09:05:16 | INFO    |     - family: 1 itens
2026-08-06 09:05:16 | INFO    |     - github_repos: 2 itens
2026-08-06 09:05:16 | INFO    |     - Gmail Principal: 87 itens
2026-08-06 09:05:16 | INFO    |     - Gmail Trabalho: 82 itens
2026-08-06 09:05:16 | INFO    |     - gmail_linked_accounts: 11 itens
2026-08-06 09:05:16 | INFO    |     - gmail_notifications: 16 itens
2026-08-06 09:05:16 | INFO    |     - google_docs: 36 itens
2026-08-06 09:05:16 | INFO    |     - hardware: 2 itens
2026-08-06 09:05:16 | INFO    |     - jubileu: 4 itens
2026-08-06 09:05:16 | INFO    |     - mary_kay: 1 itens
2026-08-06 09:05:16 | INFO    |     - neon_orbit: 1 itens
2026-08-06 09:05:16 | INFO    |     - onedrive: 1 itens
2026-08-06 09:05:16 | INFO    |     - personal: 2 itens
2026-08-06 09:05:16 | INFO    |     - reddit_godot: 1 itens
2026-08-06 09:05:16 | INFO    |     - router: 1 itens
2026-08-06 09:05:16 | INFO    |     - security: 1 itens
2026-08-06 09:05:16 | INFO    |     - sparkhub: 1 itens
2026-08-06 09:05:16 | INFO    |     - storage_parser: 1 itens
2026-08-06 09:05:16 | INFO    |     - sync_audit: 24 itens
2026-08-06 09:05:16 | INFO    |     - system_status: 13 itens
2026-08-06 09:05:16 | INFO    |     - terabox: 1 itens
2026-08-06 09:05:16 | INFO    |     - tiktok_shop: 1 itens
2026-08-06 09:05:16 | INFO    |     - web_research_insights: 62 itens
2026-08-06 09:05:22 | INFO    | [ROTEADOR] Tool Call Interceptado: search_gmail {'query': 'registro geral'}
2026-08-06 09:05:44 | INFO    | [ROTEADOR] Tool Call Interceptado: search_gmail {'query': 'registro'}
2026-08-06 09:06:16 | INFO    | [ROTEADOR SUCESSO] Resposta via Camada 2 (Tamanho: 691)
2026-08-06 09:06:16 | INFO    | [ORQUESTRADOR] Rota 5 (Raciocínio) ativada.
2026-08-06 09:06:20 | ERROR   | [ROTEADOR WARN] Camada 1 falhou (<urlopen error [WinError 10061] Nenhuma conexão pôde ser feita porque a máquina de destino as recusou ativamente>). Acionando Camada 2...
2026-08-06 09:06:26 | INFO    | [ROTEADOR] Tool Call Interceptado: search_gmail {'query': 'idade anos aniversário nascimento'}
2026-08-06 09:06:29 | INFO    | [ROTEADOR] Tool Call Interceptado: search_drive_docs {'query': 'idade anos aniversário nascimento'}
2026-08-06 09:06:47 | INFO    | [MEMPALACE] Resumo completo de agrupamento (Total: 585):
2026-08-06 09:06:47 | INFO    |     - 3d: 1 itens
2026-08-06 09:06:47 | INFO    |     - Diretorios: 4 itens
2026-08-06 09:06:47 | INFO    |     - Edicao: 1 itens
2026-08-06 09:06:47 | INFO    |     - Fisica: 1 itens
2026-08-06 09:06:47 | INFO    |     - MCP: 1 itens
2026-08-06 09:06:47 | INFO    |     - RH: 8 itens
2026-08-06 09:06:47 | INFO    |     - SalaComum: 9 itens
2026-08-06 09:06:47 | INFO    |     - TestRoom: 5 itens
2026-08-06 09:06:47 | INFO    |     - Validacao: 1 itens
2026-08-06 09:06:47 | INFO    |     - Windows_MCP: 7 itens
2026-08-06 09:06:47 | INFO    |     - accounts_contacts: 2 itens
2026-08-06 09:06:47 | INFO    |     - agent_tasks: 33 itens
2026-08-06 09:06:47 | INFO    |     - alerts: 13 itens
2026-08-06 09:06:47 | INFO    |     - android_and_pc_registrations: 21 itens
2026-08-06 09:06:47 | INFO    |     - antigravity: 1 itens
2026-08-06 09:06:47 | INFO    |     - career: 1 itens
2026-08-06 09:06:47 | INFO    |     - delika: 1 itens
2026-08-06 09:06:47 | INFO    |     - design: 1 itens
2026-08-06 09:06:47 | INFO    |     - dev: 1 itens
2026-08-06 09:06:47 | INFO    |     - Drive Principal: 79 itens
2026-08-06 09:06:47 | INFO    |     - Drive Trabalho: 10 itens
2026-08-06 09:06:47 | INFO    |     - drive_docs: 21 itens
2026-08-06 09:06:47 | INFO    |     - drive_shared_files: 10 itens
2026-08-06 09:06:47 | INFO    |     - education: 1 itens
2026-08-06 09:06:47 | INFO    |     - family: 1 itens
2026-08-06 09:06:47 | INFO    |     - github_repos: 2 itens
2026-08-06 09:06:47 | INFO    |     - Gmail Principal: 87 itens
2026-08-06 09:06:47 | INFO    |     - Gmail Trabalho: 82 itens
2026-08-06 09:06:47 | INFO    |     - gmail_linked_accounts: 11 itens
2026-08-06 09:06:47 | INFO    |     - gmail_notifications: 16 itens
2026-08-06 09:06:47 | INFO    |     - google_docs: 36 itens
2026-08-06 09:06:47 | INFO    |     - hardware: 2 itens
2026-08-06 09:06:47 | INFO    |     - jubileu: 4 itens
2026-08-06 09:06:47 | INFO    |     - mary_kay: 1 itens
2026-08-06 09:06:47 | INFO    |     - neon_orbit: 1 itens
2026-08-06 09:06:47 | INFO    |     - onedrive: 1 itens
2026-08-06 09:06:47 | INFO    |     - personal: 2 itens
2026-08-06 09:06:47 | INFO    |     - reddit_godot: 1 itens
2026-08-06 09:06:47 | INFO    |     - router: 1 itens
2026-08-06 09:06:47 | INFO    |     - security: 1 itens
2026-08-06 09:06:47 | INFO    |     - sparkhub: 1 itens
2026-08-06 09:06:47 | INFO    |     - storage_parser: 1 itens
2026-08-06 09:06:47 | INFO    |     - sync_audit: 24 itens
2026-08-06 09:06:47 | INFO    |     - system_status: 13 itens
2026-08-06 09:06:47 | INFO    |     - terabox: 1 itens
2026-08-06 09:06:47 | INFO    |     - tiktok_shop: 1 itens
2026-08-06 09:06:47 | INFO    |     - web_research_insights: 62 itens
2026-08-06 09:06:47 | INFO    | [ROTEADOR] Tool Call Interceptado: search_gmail {'query': 'idade'}
2026-08-06 09:07:24 | INFO    | [ROTEADOR SUCESSO] Resposta via Camada 2 (Tamanho: 700)
2026-08-06 09:20:39 | INFO    | [MEMPALACE] Resumo completo de agrupamento (Total: 585):
2026-08-06 09:20:39 | INFO    |     - 3d: 1 itens
2026-08-06 09:20:39 | INFO    |     - Diretorios: 4 itens
2026-08-06 09:20:39 | INFO    |     - Edicao: 1 itens
2026-08-06 09:20:39 | INFO    |     - Fisica: 1 itens
2026-08-06 09:20:39 | INFO    |     - MCP: 1 itens
2026-08-06 09:20:39 | INFO    |     - RH: 8 itens
2026-08-06 09:20:39 | INFO    |     - SalaComum: 9 itens
2026-08-06 09:20:39 | INFO    |     - TestRoom: 5 itens
2026-08-06 09:20:39 | INFO    |     - Validacao: 1 itens
2026-08-06 09:20:39 | INFO    |     - Windows_MCP: 7 itens
2026-08-06 09:20:39 | INFO    |     - accounts_contacts: 2 itens
2026-08-06 09:20:39 | INFO    |     - agent_tasks: 33 itens
2026-08-06 09:20:39 | INFO    |     - alerts: 13 itens
2026-08-06 09:20:39 | INFO    |     - android_and_pc_registrations: 21 itens
2026-08-06 09:20:39 | INFO    |     - antigravity: 1 itens
2026-08-06 09:20:39 | INFO    |     - career: 1 itens
2026-08-06 09:20:39 | INFO    |     - delika: 1 itens
2026-08-06 09:20:39 | INFO    |     - design: 1 itens
2026-08-06 09:20:39 | INFO    |     - dev: 1 itens
2026-08-06 09:20:39 | INFO    |     - Drive Principal: 79 itens
2026-08-06 09:20:39 | INFO    |     - Drive Trabalho: 10 itens
2026-08-06 09:20:39 | INFO    |     - drive_docs: 21 itens
2026-08-06 09:20:39 | INFO    |     - drive_shared_files: 10 itens
2026-08-06 09:20:39 | INFO    |     - education: 1 itens
2026-08-06 09:20:39 | INFO    |     - family: 1 itens
2026-08-06 09:20:39 | INFO    |     - github_repos: 2 itens
2026-08-06 09:20:39 | INFO    |     - Gmail Principal: 87 itens
2026-08-06 09:20:39 | INFO    |     - Gmail Trabalho: 82 itens
2026-08-06 09:20:39 | INFO    |     - gmail_linked_accounts: 11 itens
2026-08-06 09:20:39 | INFO    |     - gmail_notifications: 16 itens
2026-08-06 09:20:39 | INFO    |     - google_docs: 36 itens
2026-08-06 09:20:39 | INFO    |     - hardware: 2 itens
2026-08-06 09:20:39 | INFO    |     - jubileu: 4 itens
2026-08-06 09:20:39 | INFO    |     - mary_kay: 1 itens
2026-08-06 09:20:39 | INFO    |     - neon_orbit: 1 itens
2026-08-06 09:20:39 | INFO    |     - onedrive: 1 itens
2026-08-06 09:20:39 | INFO    |     - personal: 2 itens
2026-08-06 09:20:39 | INFO    |     - reddit_godot: 1 itens
2026-08-06 09:20:39 | INFO    |     - router: 1 itens
2026-08-06 09:20:39 | INFO    |     - security: 1 itens
2026-08-06 09:20:39 | INFO    |     - sparkhub: 1 itens
2026-08-06 09:20:39 | INFO    |     - storage_parser: 1 itens
2026-08-06 09:20:39 | INFO    |     - sync_audit: 24 itens
2026-08-06 09:20:39 | INFO    |     - system_status: 13 itens
2026-08-06 09:20:39 | INFO    |     - terabox: 1 itens
2026-08-06 09:20:39 | INFO    |     - tiktok_shop: 1 itens
2026-08-06 09:20:39 | INFO    |     - web_research_insights: 62 itens
2026-08-06 09:20:51 | INFO    | [AUTO-DISCOVERY] Mapeados 751 programas/atalhos em D:\SparkHub\mapa_executaveis.csv
2026-08-06 09:20:51 | INFO    | === SERVIDOR SPARKHUB v2.5.0 (SHELLEXECUTE / AUTO-DISCOVERY / CLI) RODANDO NA PORTA 8000 ===
2026-08-06 09:20:51 | INFO    | Execucao nativa na sessao interativa com os.startfile() e auditoria pos-acao.
2026-08-06 09:20:51 | INFO    | === SERVIDOR SPARKHUB v2.5.0 RODANDO EM http://127.0.0.1:8000/ ===
2026-08-06 09:36:39 | INFO    | [AUTO-DISCOVERY] Mapeados 751 programas/atalhos em D:\SparkHub\mapa_executaveis.csv
2026-08-06 09:36:39 | INFO    | === SERVIDOR SPARKHUB v2.5.0 (SHELLEXECUTE / AUTO-DISCOVERY / CLI) RODANDO NA PORTA 8000 ===
2026-08-06 09:36:39 | INFO    | Execucao nativa na sessao interativa com os.startfile() e auditoria pos-acao.
2026-08-06 09:36:39 | INFO    | === SERVIDOR SPARKHUB v2.5.0 RODANDO EM http://127.0.0.1:8000/ ===
2026-08-06 09:37:46 | INFO    | [MCP METHOD] tools/call (id=1)
2026-08-06 09:37:46 | INFO    | [ORQUESTRADOR] Rota 5 (Raciocínio) ativada.
2026-08-06 09:37:51 | ERROR   | [ROTEADOR WARN] Camada 1 falhou (<urlopen error [WinError 10061] Nenhuma conexão pôde ser feita porque a máquina de destino as recusou ativamente>). Acionando Camada 2...
2026-08-06 09:38:00 | INFO    | [ROTEADOR SUCESSO] Resposta via Camada 2 (Tamanho: 74)
2026-08-06 13:48:54 | INFO    | [MEMPALACE] Resumo completo de agrupamento (Total: 585):
2026-08-06 13:48:54 | INFO    |     - 3d: 1 itens
2026-08-06 13:48:54 | INFO    |     - Diretorios: 4 itens
2026-08-06 13:48:54 | INFO    |     - Edicao: 1 itens
2026-08-06 13:48:54 | INFO    |     - Fisica: 1 itens
2026-08-06 13:48:54 | INFO    |     - MCP: 1 itens
2026-08-06 13:48:54 | INFO    |     - RH: 8 itens
2026-08-06 13:48:54 | INFO    |     - SalaComum: 9 itens
2026-08-06 13:48:54 | INFO    |     - TestRoom: 5 itens
2026-08-06 13:48:54 | INFO    |     - Validacao: 1 itens
2026-08-06 13:48:54 | INFO    |     - Windows_MCP: 7 itens
2026-08-06 13:48:54 | INFO    |     - accounts_contacts: 2 itens
2026-08-06 13:48:54 | INFO    |     - agent_tasks: 33 itens
2026-08-06 13:48:54 | INFO    |     - alerts: 13 itens
2026-08-06 13:48:54 | INFO    |     - android_and_pc_registrations: 21 itens
2026-08-06 13:48:54 | INFO    |     - antigravity: 1 itens
2026-08-06 13:48:54 | INFO    |     - career: 1 itens
2026-08-06 13:48:54 | INFO    |     - delika: 1 itens
2026-08-06 13:48:54 | INFO    |     - design: 1 itens
2026-08-06 13:48:54 | INFO    |     - dev: 1 itens
2026-08-06 13:48:54 | INFO    |     - Drive Principal: 79 itens
2026-08-06 13:48:54 | INFO    |     - Drive Trabalho: 10 itens
2026-08-06 13:48:54 | INFO    |     - drive_docs: 21 itens
2026-08-06 13:48:54 | INFO    |     - drive_shared_files: 10 itens
2026-08-06 13:48:54 | INFO    |     - education: 1 itens
2026-08-06 13:48:54 | INFO    |     - family: 1 itens
2026-08-06 13:48:54 | INFO    |     - github_repos: 2 itens
2026-08-06 13:48:54 | INFO    |     - Gmail Principal: 87 itens
2026-08-06 13:48:54 | INFO    |     - Gmail Trabalho: 82 itens
2026-08-06 13:48:54 | INFO    |     - gmail_linked_accounts: 11 itens
2026-08-06 13:48:54 | INFO    |     - gmail_notifications: 16 itens
2026-08-06 13:48:54 | INFO    |     - google_docs: 36 itens
2026-08-06 13:48:54 | INFO    |     - hardware: 2 itens
2026-08-06 13:48:54 | INFO    |     - jubileu: 4 itens
2026-08-06 13:48:54 | INFO    |     - mary_kay: 1 itens
2026-08-06 13:48:54 | INFO    |     - neon_orbit: 1 itens
2026-08-06 13:48:54 | INFO    |     - onedrive: 1 itens
2026-08-06 13:48:54 | INFO    |     - personal: 2 itens
2026-08-06 13:48:54 | INFO    |     - reddit_godot: 1 itens
2026-08-06 13:48:54 | INFO    |     - router: 1 itens
2026-08-06 13:48:54 | INFO    |     - security: 1 itens
2026-08-06 13:48:54 | INFO    |     - sparkhub: 1 itens
2026-08-06 13:48:54 | INFO    |     - storage_parser: 1 itens
2026-08-06 13:48:54 | INFO    |     - sync_audit: 24 itens
2026-08-06 13:48:54 | INFO    |     - system_status: 13 itens
2026-08-06 13:48:54 | INFO    |     - terabox: 1 itens
2026-08-06 13:48:54 | INFO    |     - tiktok_shop: 1 itens
2026-08-06 13:48:54 | INFO    |     - web_research_insights: 62 itens
2026-08-06 13:49:05 | INFO    | [AUTO-DISCOVERY] Mapeados 752 programas/atalhos em D:\SparkHub\mapa_executaveis.csv
2026-08-06 13:49:05 | INFO    | === SERVIDOR SPARKHUB v2.5.0 (SHELLEXECUTE / AUTO-DISCOVERY / CLI) RODANDO NA PORTA 8000 ===
2026-08-06 13:49:05 | INFO    | Execucao nativa na sessao interativa com os.startfile() e auditoria pos-acao.
2026-08-06 13:49:05 | INFO    | === SERVIDOR SPARKHUB v2.5.0 RODANDO EM http://127.0.0.1:8000/ ===
2026-08-06 13:55:44 | INFO    | [AUTO-DISCOVERY] Mapeados 752 programas/atalhos em D:\SparkHub\mapa_executaveis.csv
2026-08-06 13:55:44 | INFO    | === SERVIDOR SPARKHUB v2.5.0 (SHELLEXECUTE / AUTO-DISCOVERY / CLI) RODANDO NA PORTA 8000 ===
2026-08-06 13:55:44 | INFO    | Execucao nativa na sessao interativa com os.startfile() e auditoria pos-acao.
2026-08-06 13:55:44 | INFO    | === SERVIDOR SPARKHUB v2.5.0 RODANDO EM http://127.0.0.1:8000/ ===
2026-08-06 13:55:49 | INFO    | [MEMPALACE] Resumo completo de agrupamento (Total: 585):
2026-08-06 13:55:49 | INFO    |     - 3d: 1 itens
2026-08-06 13:55:49 | INFO    |     - Diretorios: 4 itens
2026-08-06 13:55:49 | INFO    |     - Edicao: 1 itens
2026-08-06 13:55:49 | INFO    |     - Fisica: 1 itens
2026-08-06 13:55:49 | INFO    |     - MCP: 1 itens
2026-08-06 13:55:49 | INFO    |     - RH: 8 itens
2026-08-06 13:55:49 | INFO    |     - SalaComum: 9 itens
2026-08-06 13:55:49 | INFO    |     - TestRoom: 5 itens
2026-08-06 13:55:49 | INFO    |     - Validacao: 1 itens
2026-08-06 13:55:49 | INFO    |     - Windows_MCP: 7 itens
2026-08-06 13:55:49 | INFO    |     - accounts_contacts: 2 itens
2026-08-06 13:55:49 | INFO    |     - agent_tasks: 33 itens
2026-08-06 13:55:49 | INFO    |     - alerts: 13 itens
2026-08-06 13:55:49 | INFO    |     - android_and_pc_registrations: 21 itens
2026-08-06 13:55:49 | INFO    |     - antigravity: 1 itens
2026-08-06 13:55:49 | INFO    |     - career: 1 itens
2026-08-06 13:55:49 | INFO    |     - delika: 1 itens
2026-08-06 13:55:49 | INFO    |     - design: 1 itens
2026-08-06 13:55:49 | INFO    |     - dev: 1 itens
2026-08-06 13:55:49 | INFO    |     - Drive Principal: 79 itens
2026-08-06 13:55:49 | INFO    |     - Drive Trabalho: 10 itens
2026-08-06 13:55:49 | INFO    |     - drive_docs: 21 itens
2026-08-06 13:55:49 | INFO    |     - drive_shared_files: 10 itens
2026-08-06 13:55:49 | INFO    |     - education: 1 itens
2026-08-06 13:55:49 | INFO    |     - family: 1 itens
2026-08-06 13:55:49 | INFO    |     - github_repos: 2 itens
2026-08-06 13:55:49 | INFO    |     - Gmail Principal: 87 itens
2026-08-06 13:55:49 | INFO    |     - Gmail Trabalho: 82 itens
2026-08-06 13:55:49 | INFO    |     - gmail_linked_accounts: 11 itens
2026-08-06 13:55:49 | INFO    |     - gmail_notifications: 16 itens
2026-08-06 13:55:49 | INFO    |     - google_docs: 36 itens
2026-08-06 13:55:49 | INFO    |     - hardware: 2 itens
2026-08-06 13:55:49 | INFO    |     - jubileu: 4 itens
2026-08-06 13:55:49 | INFO    |     - mary_kay: 1 itens
2026-08-06 13:55:49 | INFO    |     - neon_orbit: 1 itens
2026-08-06 13:55:49 | INFO    |     - onedrive: 1 itens
2026-08-06 13:55:49 | INFO    |     - personal: 2 itens
2026-08-06 13:55:49 | INFO    |     - reddit_godot: 1 itens
2026-08-06 13:55:49 | INFO    |     - router: 1 itens
2026-08-06 13:55:49 | INFO    |     - security: 1 itens
2026-08-06 13:55:49 | INFO    |     - sparkhub: 1 itens
2026-08-06 13:55:49 | INFO    |     - storage_parser: 1 itens
2026-08-06 13:55:49 | INFO    |     - sync_audit: 24 itens
2026-08-06 13:55:49 | INFO    |     - system_status: 13 itens
2026-08-06 13:55:49 | INFO    |     - terabox: 1 itens
2026-08-06 13:55:49 | INFO    |     - tiktok_shop: 1 itens
2026-08-06 13:55:49 | INFO    |     - web_research_insights: 62 itens
2026-08-06 15:27:13 | INFO    | [MEMPALACE] Resumo completo de agrupamento (Total: 585):
2026-08-06 15:27:13 | INFO    |     - 3d: 1 itens
2026-08-06 15:27:13 | INFO    |     - Diretorios: 4 itens
2026-08-06 15:27:13 | INFO    |     - Edicao: 1 itens
2026-08-06 15:27:13 | INFO    |     - Fisica: 1 itens
2026-08-06 15:27:13 | INFO    |     - MCP: 1 itens
2026-08-06 15:27:13 | INFO    |     - RH: 8 itens
2026-08-06 15:27:13 | INFO    |     - SalaComum: 9 itens
2026-08-06 15:27:13 | INFO    |     - TestRoom: 5 itens
2026-08-06 15:27:13 | INFO    |     - Validacao: 1 itens
2026-08-06 15:27:13 | INFO    |     - Windows_MCP: 7 itens
2026-08-06 15:27:13 | INFO    |     - accounts_contacts: 2 itens
2026-08-06 15:27:13 | INFO    |     - agent_tasks: 33 itens
2026-08-06 15:27:13 | INFO    |     - alerts: 13 itens
2026-08-06 15:27:13 | INFO    |     - android_and_pc_registrations: 21 itens
2026-08-06 15:27:13 | INFO    |     - antigravity: 1 itens
2026-08-06 15:27:13 | INFO    |     - career: 1 itens
2026-08-06 15:27:13 | INFO    |     - delika: 1 itens
2026-08-06 15:27:13 | INFO    |     - design: 1 itens
2026-08-06 15:27:13 | INFO    |     - dev: 1 itens
2026-08-06 15:27:13 | INFO    |     - Drive Principal: 79 itens
2026-08-06 15:27:13 | INFO    |     - Drive Trabalho: 10 itens
2026-08-06 15:27:13 | INFO    |     - drive_docs: 21 itens
2026-08-06 15:27:13 | INFO    |     - drive_shared_files: 10 itens
2026-08-06 15:27:13 | INFO    |     - education: 1 itens
2026-08-06 15:27:13 | INFO    |     - family: 1 itens
2026-08-06 15:27:13 | INFO    |     - github_repos: 2 itens
2026-08-06 15:27:13 | INFO    |     - Gmail Principal: 87 itens
2026-08-06 15:27:13 | INFO    |     - Gmail Trabalho: 82 itens
2026-08-06 15:27:13 | INFO    |     - gmail_linked_accounts: 11 itens
2026-08-06 15:27:13 | INFO    |     - gmail_notifications: 16 itens
2026-08-06 15:27:13 | INFO    |     - google_docs: 36 itens
2026-08-06 15:27:13 | INFO    |     - hardware: 2 itens
2026-08-06 15:27:13 | INFO    |     - jubileu: 4 itens
2026-08-06 15:27:13 | INFO    |     - mary_kay: 1 itens
2026-08-06 15:27:13 | INFO    |     - neon_orbit: 1 itens
2026-08-06 15:27:13 | INFO    |     - onedrive: 1 itens
2026-08-06 15:27:13 | INFO    |     - personal: 2 itens
2026-08-06 15:27:13 | INFO    |     - reddit_godot: 1 itens
2026-08-06 15:27:13 | INFO    |     - router: 1 itens
2026-08-06 15:27:13 | INFO    |     - security: 1 itens
2026-08-06 15:27:13 | INFO    |     - sparkhub: 1 itens
2026-08-06 15:27:13 | INFO    |     - storage_parser: 1 itens
2026-08-06 15:27:13 | INFO    |     - sync_audit: 24 itens
2026-08-06 15:27:13 | INFO    |     - system_status: 13 itens
2026-08-06 15:27:13 | INFO    |     - terabox: 1 itens
2026-08-06 15:27:13 | INFO    |     - tiktok_shop: 1 itens
2026-08-06 15:27:13 | INFO    |     - web_research_insights: 62 itens
2026-08-06 15:27:19 | INFO    | [AUTO-DISCOVERY] Mapeados 752 programas/atalhos em D:\SparkHub\mapa_executaveis.csv
2026-08-06 15:27:19 | INFO    | === SERVIDOR SPARKHUB v3.0 (SHELLEXECUTE / AUTO-DISCOVERY / CLI) RODANDO NA PORTA 8000 ===
2026-08-06 15:27:19 | INFO    | Execucao nativa na sessao interativa com os.startfile() e auditoria pos-acao.
2026-08-06 15:27:19 | INFO    | === SERVIDOR SPARKHUB v3.0 RODANDO EM http://127.0.0.1:8000/ ===
2026-08-06 16:11:19 | INFO    | [MEMPALACE] Resumo completo de agrupamento (Total: 585):
2026-08-06 16:11:19 | INFO    |     - 3d: 1 itens
2026-08-06 16:11:19 | INFO    |     - Diretorios: 4 itens
2026-08-06 16:11:19 | INFO    |     - Edicao: 1 itens
2026-08-06 16:11:19 | INFO    |     - Fisica: 1 itens
2026-08-06 16:11:19 | INFO    |     - MCP: 1 itens
2026-08-06 16:11:19 | INFO    |     - RH: 8 itens
2026-08-06 16:11:19 | INFO    |     - SalaComum: 9 itens
2026-08-06 16:11:19 | INFO    |     - TestRoom: 5 itens
2026-08-06 16:11:19 | INFO    |     - Validacao: 1 itens
2026-08-06 16:11:19 | INFO    |     - Windows_MCP: 7 itens
2026-08-06 16:11:19 | INFO    |     - accounts_contacts: 2 itens
2026-08-06 16:11:19 | INFO    |     - agent_tasks: 33 itens
2026-08-06 16:11:19 | INFO    |     - alerts: 13 itens
2026-08-06 16:11:19 | INFO    |     - android_and_pc_registrations: 21 itens
2026-08-06 16:11:19 | INFO    |     - antigravity: 1 itens
2026-08-06 16:11:19 | INFO    |     - career: 1 itens
2026-08-06 16:11:19 | INFO    |     - delika: 1 itens
2026-08-06 16:11:19 | INFO    |     - design: 1 itens
2026-08-06 16:11:19 | INFO    |     - dev: 1 itens
2026-08-06 16:11:19 | INFO    |     - Drive Principal: 79 itens
2026-08-06 16:11:19 | INFO    |     - Drive Trabalho: 10 itens
2026-08-06 16:11:19 | INFO    |     - drive_docs: 21 itens
2026-08-06 16:11:19 | INFO    |     - drive_shared_files: 10 itens
2026-08-06 16:11:19 | INFO    |     - education: 1 itens
2026-08-06 16:11:19 | INFO    |     - family: 1 itens
2026-08-06 16:11:19 | INFO    |     - github_repos: 2 itens
2026-08-06 16:11:19 | INFO    |     - Gmail Principal: 87 itens
2026-08-06 16:11:19 | INFO    |     - Gmail Trabalho: 82 itens
2026-08-06 16:11:19 | INFO    |     - gmail_linked_accounts: 11 itens
2026-08-06 16:11:19 | INFO    |     - gmail_notifications: 16 itens
2026-08-06 16:11:19 | INFO    |     - google_docs: 36 itens
2026-08-06 16:11:19 | INFO    |     - hardware: 2 itens
2026-08-06 16:11:19 | INFO    |     - jubileu: 4 itens
2026-08-06 16:11:19 | INFO    |     - mary_kay: 1 itens
2026-08-06 16:11:19 | INFO    |     - neon_orbit: 1 itens
2026-08-06 16:11:19 | INFO    |     - onedrive: 1 itens
2026-08-06 16:11:19 | INFO    |     - personal: 2 itens
2026-08-06 16:11:19 | INFO    |     - reddit_godot: 1 itens
2026-08-06 16:11:19 | INFO    |     - router: 1 itens
2026-08-06 16:11:19 | INFO    |     - security: 1 itens
2026-08-06 16:11:19 | INFO    |     - sparkhub: 1 itens
2026-08-06 16:11:19 | INFO    |     - storage_parser: 1 itens
2026-08-06 16:11:19 | INFO    |     - sync_audit: 24 itens
2026-08-06 16:11:19 | INFO    |     - system_status: 13 itens
2026-08-06 16:11:19 | INFO    |     - terabox: 1 itens
2026-08-06 16:11:19 | INFO    |     - tiktok_shop: 1 itens
2026-08-06 16:11:19 | INFO    |     - web_research_insights: 62 itens
2026-08-06 16:11:20 | INFO    | [AUTO-DISCOVERY] Mapeados 752 programas/atalhos em D:\SparkHub\mapa_executaveis.csv
2026-08-06 16:11:20 | INFO    | === SERVIDOR SPARKHUB v3.0 (SHELLEXECUTE / AUTO-DISCOVERY / CLI) RODANDO NA PORTA 8000 ===
2026-08-06 16:11:20 | INFO    | Execucao nativa na sessao interativa com os.startfile() e auditoria pos-acao.
2026-08-06 16:11:20 | INFO    | === SERVIDOR SPARKHUB v3.0 RODANDO EM http://127.0.0.1:8000/ ===
2026-08-06 16:35:04 | INFO    | [AUTO-DISCOVERY] Mapeados 752 programas/atalhos em D:\SparkHub\mapa_executaveis.csv
2026-08-06 16:35:04 | INFO    | === SERVIDOR SPARKHUB v3.0 (SHELLEXECUTE / AUTO-DISCOVERY / CLI) RODANDO NA PORTA 8000 ===
2026-08-06 16:35:04 | INFO    | Execucao nativa na sessao interativa com os.startfile() e auditoria pos-acao.
2026-08-06 16:35:04 | INFO    | === SERVIDOR SPARKHUB v3.0 RODANDO EM http://127.0.0.1:8000/ ===
2026-08-06 16:35:09 | INFO    | [MEMPALACE] Resumo completo de agrupamento (Total: 585):
2026-08-06 16:35:09 | INFO    |     - 3d: 1 itens
2026-08-06 16:35:09 | INFO    |     - Diretorios: 4 itens
2026-08-06 16:35:09 | INFO    |     - Edicao: 1 itens
2026-08-06 16:35:09 | INFO    |     - Fisica: 1 itens
2026-08-06 16:35:09 | INFO    |     - MCP: 1 itens
2026-08-06 16:35:09 | INFO    |     - RH: 8 itens
2026-08-06 16:35:09 | INFO    |     - SalaComum: 9 itens
2026-08-06 16:35:09 | INFO    |     - TestRoom: 5 itens
2026-08-06 16:35:09 | INFO    |     - Validacao: 1 itens
2026-08-06 16:35:09 | INFO    |     - Windows_MCP: 7 itens
2026-08-06 16:35:09 | INFO    |     - accounts_contacts: 2 itens
2026-08-06 16:35:09 | INFO    |     - agent_tasks: 33 itens
2026-08-06 16:35:09 | INFO    |     - alerts: 13 itens
2026-08-06 16:35:09 | INFO    |     - android_and_pc_registrations: 21 itens
2026-08-06 16:35:09 | INFO    |     - antigravity: 1 itens
2026-08-06 16:35:09 | INFO    |     - career: 1 itens
2026-08-06 16:35:09 | INFO    |     - delika: 1 itens
2026-08-06 16:35:09 | INFO    |     - design: 1 itens
2026-08-06 16:35:09 | INFO    |     - dev: 1 itens
2026-08-06 16:35:09 | INFO    |     - Drive Principal: 79 itens
2026-08-06 16:35:09 | INFO    |     - Drive Trabalho: 10 itens
2026-08-06 16:35:09 | INFO    |     - drive_docs: 21 itens
2026-08-06 16:35:09 | INFO    |     - drive_shared_files: 10 itens
2026-08-06 16:35:09 | INFO    |     - education: 1 itens
2026-08-06 16:35:09 | INFO    |     - family: 1 itens
2026-08-06 16:35:09 | INFO    |     - github_repos: 2 itens
2026-08-06 16:35:09 | INFO    |     - Gmail Principal: 87 itens
2026-08-06 16:35:09 | INFO    |     - Gmail Trabalho: 82 itens
2026-08-06 16:35:09 | INFO    |     - gmail_linked_accounts: 11 itens
2026-08-06 16:35:09 | INFO    |     - gmail_notifications: 16 itens
2026-08-06 16:35:09 | INFO    |     - google_docs: 36 itens
2026-08-06 16:35:09 | INFO    |     - hardware: 2 itens
2026-08-06 16:35:09 | INFO    |     - jubileu: 4 itens
2026-08-06 16:35:09 | INFO    |     - mary_kay: 1 itens
2026-08-06 16:35:09 | INFO    |     - neon_orbit: 1 itens
2026-08-06 16:35:09 | INFO    |     - onedrive: 1 itens
2026-08-06 16:35:09 | INFO    |     - personal: 2 itens
2026-08-06 16:35:09 | INFO    |     - reddit_godot: 1 itens
2026-08-06 16:35:09 | INFO    |     - router: 1 itens
2026-08-06 16:35:09 | INFO    |     - security: 1 itens
2026-08-06 16:35:09 | INFO    |     - sparkhub: 1 itens
2026-08-06 16:35:09 | INFO    |     - storage_parser: 1 itens
2026-08-06 16:35:09 | INFO    |     - sync_audit: 24 itens
2026-08-06 16:35:09 | INFO    |     - system_status: 13 itens
2026-08-06 16:35:09 | INFO    |     - terabox: 1 itens
2026-08-06 16:35:09 | INFO    |     - tiktok_shop: 1 itens
2026-08-06 16:35:09 | INFO    |     - web_research_insights: 62 itens
2026-08-06 16:37:24 | INFO    | [ORQUESTRADOR] Rota 2 (Status/Sync) ativada.
2026-08-06 16:37:29 | INFO    | [MEMPALACE] Resumo completo de agrupamento (Total: 587):
2026-08-06 16:37:29 | INFO    |     - 3d: 1 itens
2026-08-06 16:37:29 | INFO    |     - Diretorios: 4 itens
2026-08-06 16:37:29 | INFO    |     - Edicao: 1 itens
2026-08-06 16:37:29 | INFO    |     - Fisica: 1 itens
2026-08-06 16:37:29 | INFO    |     - MCP: 1 itens
2026-08-06 16:37:29 | INFO    |     - RH: 8 itens
2026-08-06 16:37:29 | INFO    |     - SalaComum: 9 itens
2026-08-06 16:37:29 | INFO    |     - TestRoom: 5 itens
2026-08-06 16:37:29 | INFO    |     - Validacao: 1 itens
2026-08-06 16:37:29 | INFO    |     - Windows_MCP: 7 itens
2026-08-06 16:37:29 | INFO    |     - accounts_contacts: 2 itens
2026-08-06 16:37:29 | INFO    |     - agent_tasks: 33 itens
2026-08-06 16:37:29 | INFO    |     - alerts: 14 itens
2026-08-06 16:37:29 | INFO    |     - android_and_pc_registrations: 21 itens
2026-08-06 16:37:29 | INFO    |     - antigravity: 1 itens
2026-08-06 16:37:29 | INFO    |     - career: 1 itens
2026-08-06 16:37:29 | INFO    |     - delika: 1 itens
2026-08-06 16:37:29 | INFO    |     - design: 1 itens
2026-08-06 16:37:29 | INFO    |     - dev: 1 itens
2026-08-06 16:37:29 | INFO    |     - Drive Principal: 79 itens
2026-08-06 16:37:29 | INFO    |     - Drive Trabalho: 10 itens
2026-08-06 16:37:29 | INFO    |     - drive_docs: 21 itens
2026-08-06 16:37:29 | INFO    |     - drive_shared_files: 10 itens
2026-08-06 16:37:29 | INFO    |     - education: 1 itens
2026-08-06 16:37:29 | INFO    |     - family: 1 itens
2026-08-06 16:37:29 | INFO    |     - github_repos: 2 itens
2026-08-06 16:37:29 | INFO    |     - Gmail Principal: 87 itens
2026-08-06 16:37:29 | INFO    |     - Gmail Trabalho: 82 itens
2026-08-06 16:37:29 | INFO    |     - gmail_linked_accounts: 11 itens
2026-08-06 16:37:29 | INFO    |     - gmail_notifications: 16 itens
2026-08-06 16:37:29 | INFO    |     - google_docs: 36 itens
2026-08-06 16:37:29 | INFO    |     - hardware: 2 itens
2026-08-06 16:37:29 | INFO    |     - jubileu: 4 itens
2026-08-06 16:37:29 | INFO    |     - mary_kay: 1 itens
2026-08-06 16:37:29 | INFO    |     - neon_orbit: 1 itens
2026-08-06 16:37:29 | INFO    |     - onedrive: 1 itens
2026-08-06 16:37:29 | INFO    |     - personal: 2 itens
2026-08-06 16:37:29 | INFO    |     - reddit_godot: 1 itens
2026-08-06 16:37:29 | INFO    |     - router: 1 itens
2026-08-06 16:37:29 | INFO    |     - security: 1 itens
2026-08-06 16:37:29 | INFO    |     - sparkhub: 1 itens
2026-08-06 16:37:29 | INFO    |     - storage_parser: 1 itens
2026-08-06 16:37:29 | INFO    |     - sync_audit: 25 itens
2026-08-06 16:37:29 | INFO    |     - system_status: 13 itens
2026-08-06 16:37:29 | INFO    |     - terabox: 1 itens
2026-08-06 16:37:29 | INFO    |     - tiktok_shop: 1 itens
2026-08-06 16:37:29 | INFO    |     - web_research_insights: 62 itens
2026-08-06 16:37:31 | INFO    | [MEMPALACE] Resumo completo de agrupamento (Total: 588):
2026-08-06 16:37:31 | INFO    |     - 3d: 1 itens
2026-08-06 16:37:31 | INFO    |     - Diretorios: 4 itens
2026-08-06 16:37:31 | INFO    |     - Edicao: 1 itens
2026-08-06 16:37:31 | INFO    |     - Fisica: 1 itens
2026-08-06 16:37:31 | INFO    |     - MCP: 1 itens
2026-08-06 16:37:31 | INFO    |     - RH: 8 itens
2026-08-06 16:37:31 | INFO    |     - SalaComum: 9 itens
2026-08-06 16:37:31 | INFO    |     - TestRoom: 5 itens
2026-08-06 16:37:31 | INFO    |     - Validacao: 1 itens
2026-08-06 16:37:31 | INFO    |     - Windows_MCP: 7 itens
2026-08-06 16:37:31 | INFO    |     - accounts_contacts: 2 itens
2026-08-06 16:37:31 | INFO    |     - agent_tasks: 34 itens
2026-08-06 16:37:31 | INFO    |     - alerts: 14 itens
2026-08-06 16:37:31 | INFO    |     - android_and_pc_registrations: 21 itens
2026-08-06 16:37:31 | INFO    |     - antigravity: 1 itens
2026-08-06 16:37:31 | INFO    |     - career: 1 itens
2026-08-06 16:37:31 | INFO    |     - delika: 1 itens
2026-08-06 16:37:31 | INFO    |     - design: 1 itens
2026-08-06 16:37:31 | INFO    |     - dev: 1 itens
2026-08-06 16:37:31 | INFO    |     - Drive Principal: 79 itens
2026-08-06 16:37:31 | INFO    |     - Drive Trabalho: 10 itens
2026-08-06 16:37:31 | INFO    |     - drive_docs: 21 itens
2026-08-06 16:37:31 | INFO    |     - drive_shared_files: 10 itens
2026-08-06 16:37:31 | INFO    |     - education: 1 itens
2026-08-06 16:37:31 | INFO    |     - family: 1 itens
2026-08-06 16:37:31 | INFO    |     - github_repos: 2 itens
2026-08-06 16:37:31 | INFO    |     - Gmail Principal: 87 itens
2026-08-06 16:37:31 | INFO    |     - Gmail Trabalho: 82 itens
2026-08-06 16:37:31 | INFO    |     - gmail_linked_accounts: 11 itens
2026-08-06 16:37:31 | INFO    |     - gmail_notifications: 16 itens
2026-08-06 16:37:31 | INFO    |     - google_docs: 36 itens
2026-08-06 16:37:31 | INFO    |     - hardware: 2 itens
2026-08-06 16:37:31 | INFO    |     - jubileu: 4 itens
2026-08-06 16:37:31 | INFO    |     - mary_kay: 1 itens
2026-08-06 16:37:31 | INFO    |     - neon_orbit: 1 itens
2026-08-06 16:37:31 | INFO    |     - onedrive: 1 itens
2026-08-06 16:37:31 | INFO    |     - personal: 2 itens
2026-08-06 16:37:31 | INFO    |     - reddit_godot: 1 itens
2026-08-06 16:37:31 | INFO    |     - router: 1 itens
2026-08-06 16:37:31 | INFO    |     - security: 1 itens
2026-08-06 16:37:31 | INFO    |     - sparkhub: 1 itens
2026-08-06 16:37:31 | INFO    |     - storage_parser: 1 itens
2026-08-06 16:37:31 | INFO    |     - sync_audit: 25 itens
2026-08-06 16:37:31 | INFO    |     - system_status: 13 itens
2026-08-06 16:37:31 | INFO    |     - terabox: 1 itens
2026-08-06 16:37:31 | INFO    |     - tiktok_shop: 1 itens
2026-08-06 16:37:31 | INFO    |     - web_research_insights: 62 itens
2026-08-06 17:20:43 | INFO    | [MEMPALACE] Resumo completo de agrupamento (Total: 588):
2026-08-06 17:20:43 | INFO    |     - 3d: 1 itens
2026-08-06 17:20:43 | INFO    |     - Diretorios: 4 itens
2026-08-06 17:20:43 | INFO    |     - Edicao: 1 itens
2026-08-06 17:20:43 | INFO    |     - Fisica: 1 itens
2026-08-06 17:20:43 | INFO    |     - MCP: 1 itens
2026-08-06 17:20:43 | INFO    |     - RH: 8 itens
2026-08-06 17:20:43 | INFO    |     - SalaComum: 9 itens
2026-08-06 17:20:43 | INFO    |     - TestRoom: 5 itens
2026-08-06 17:20:43 | INFO    |     - Validacao: 1 itens
2026-08-06 17:20:43 | INFO    |     - Windows_MCP: 7 itens
2026-08-06 17:20:43 | INFO    |     - accounts_contacts: 2 itens
2026-08-06 17:20:43 | INFO    |     - agent_tasks: 34 itens
2026-08-06 17:20:43 | INFO    |     - alerts: 14 itens
2026-08-06 17:20:43 | INFO    |     - android_and_pc_registrations: 21 itens
2026-08-06 17:20:43 | INFO    |     - antigravity: 1 itens
2026-08-06 17:20:43 | INFO    |     - career: 1 itens
2026-08-06 17:20:43 | INFO    |     - delika: 1 itens
2026-08-06 17:20:43 | INFO    |     - design: 1 itens
2026-08-06 17:20:43 | INFO    |     - dev: 1 itens
2026-08-06 17:20:43 | INFO    |     - Drive Principal: 79 itens
2026-08-06 17:20:43 | INFO    |     - Drive Trabalho: 10 itens
2026-08-06 17:20:43 | INFO    |     - drive_docs: 21 itens
2026-08-06 17:20:43 | INFO    |     - drive_shared_files: 10 itens
2026-08-06 17:20:43 | INFO    |     - education: 1 itens
2026-08-06 17:20:43 | INFO    |     - family: 1 itens
2026-08-06 17:20:43 | INFO    |     - github_repos: 2 itens
2026-08-06 17:20:43 | INFO    |     - Gmail Principal: 87 itens
2026-08-06 17:20:43 | INFO    |     - Gmail Trabalho: 82 itens
2026-08-06 17:20:43 | INFO    |     - gmail_linked_accounts: 11 itens
2026-08-06 17:20:43 | INFO    |     - gmail_notifications: 16 itens
2026-08-06 17:20:43 | INFO    |     - google_docs: 36 itens
2026-08-06 17:20:43 | INFO    |     - hardware: 2 itens
2026-08-06 17:20:43 | INFO    |     - jubileu: 4 itens
2026-08-06 17:20:43 | INFO    |     - mary_kay: 1 itens
2026-08-06 17:20:43 | INFO    |     - neon_orbit: 1 itens
2026-08-06 17:20:43 | INFO    |     - onedrive: 1 itens
2026-08-06 17:20:43 | INFO    |     - personal: 2 itens
2026-08-06 17:20:43 | INFO    |     - reddit_godot: 1 itens
2026-08-06 17:20:43 | INFO    |     - router: 1 itens
2026-08-06 17:20:43 | INFO    |     - security: 1 itens
2026-08-06 17:20:43 | INFO    |     - sparkhub: 1 itens
2026-08-06 17:20:43 | INFO    |     - storage_parser: 1 itens
2026-08-06 17:20:43 | INFO    |     - sync_audit: 25 itens
2026-08-06 17:20:43 | INFO    |     - system_status: 13 itens
2026-08-06 17:20:43 | INFO    |     - terabox: 1 itens
2026-08-06 17:20:43 | INFO    |     - tiktok_shop: 1 itens
2026-08-06 17:20:43 | INFO    |     - web_research_insights: 62 itens
2026-08-06 17:22:31 | INFO    | [MEMPALACE] Resumo completo de agrupamento (Total: 589):
2026-08-06 17:22:31 | INFO    |     - 3d: 1 itens
2026-08-06 17:22:31 | INFO    |     - Diretorios: 4 itens
2026-08-06 17:22:31 | INFO    |     - Edicao: 1 itens
2026-08-06 17:22:31 | INFO    |     - Fisica: 1 itens
2026-08-06 17:22:31 | INFO    |     - MCP: 1 itens
2026-08-06 17:22:31 | INFO    |     - RH: 8 itens
2026-08-06 17:22:31 | INFO    |     - SalaComum: 9 itens
2026-08-06 17:22:31 | INFO    |     - TestRoom: 5 itens
2026-08-06 17:22:31 | INFO    |     - Validacao: 1 itens
2026-08-06 17:22:31 | INFO    |     - Windows_MCP: 7 itens
2026-08-06 17:22:31 | INFO    |     - accounts_contacts: 2 itens
2026-08-06 17:22:31 | INFO    |     - agent_tasks: 35 itens
2026-08-06 17:22:31 | INFO    |     - alerts: 14 itens
2026-08-06 17:22:31 | INFO    |     - android_and_pc_registrations: 21 itens
2026-08-06 17:22:31 | INFO    |     - antigravity: 1 itens
2026-08-06 17:22:31 | INFO    |     - career: 1 itens
2026-08-06 17:22:31 | INFO    |     - delika: 1 itens
2026-08-06 17:22:31 | INFO    |     - design: 1 itens
2026-08-06 17:22:31 | INFO    |     - dev: 1 itens
2026-08-06 17:22:31 | INFO    |     - Drive Principal: 79 itens
2026-08-06 17:22:31 | INFO    |     - Drive Trabalho: 10 itens
2026-08-06 17:22:31 | INFO    |     - drive_docs: 21 itens
2026-08-06 17:22:31 | INFO    |     - drive_shared_files: 10 itens
2026-08-06 17:22:31 | INFO    |     - education: 1 itens
2026-08-06 17:22:31 | INFO    |     - family: 1 itens
2026-08-06 17:22:31 | INFO    |     - github_repos: 2 itens
2026-08-06 17:22:31 | INFO    |     - Gmail Principal: 87 itens
2026-08-06 17:22:31 | INFO    |     - Gmail Trabalho: 82 itens
2026-08-06 17:22:31 | INFO    |     - gmail_linked_accounts: 11 itens
2026-08-06 17:22:31 | INFO    |     - gmail_notifications: 16 itens
2026-08-06 17:22:31 | INFO    |     - google_docs: 36 itens
2026-08-06 17:22:31 | INFO    |     - hardware: 2 itens
2026-08-06 17:22:31 | INFO    |     - jubileu: 4 itens
2026-08-06 17:22:31 | INFO    |     - mary_kay: 1 itens
2026-08-06 17:22:31 | INFO    |     - neon_orbit: 1 itens
2026-08-06 17:22:31 | INFO    |     - onedrive: 1 itens
2026-08-06 17:22:31 | INFO    |     - personal: 2 itens
2026-08-06 17:22:31 | INFO    |     - reddit_godot: 1 itens
2026-08-06 17:22:31 | INFO    |     - router: 1 itens
2026-08-06 17:22:31 | INFO    |     - security: 1 itens
2026-08-06 17:22:31 | INFO    |     - sparkhub: 1 itens
2026-08-06 17:22:31 | INFO    |     - storage_parser: 1 itens
2026-08-06 17:22:31 | INFO    |     - sync_audit: 25 itens
2026-08-06 17:22:31 | INFO    |     - system_status: 13 itens
2026-08-06 17:22:31 | INFO    |     - terabox: 1 itens
2026-08-06 17:22:31 | INFO    |     - tiktok_shop: 1 itens
2026-08-06 17:22:31 | INFO    |     - web_research_insights: 62 itens
2026-08-06 17:24:33 | INFO    | [AUTO-DISCOVERY] Mapeados 754 programas/atalhos em D:\SparkHub\mapa_executaveis.csv
2026-08-06 17:24:33 | INFO    | === SERVIDOR SPARKHUB v3.0 (SHELLEXECUTE / AUTO-DISCOVERY / CLI) RODANDO NA PORTA 8000 ===
2026-08-06 17:24:33 | INFO    | Execucao nativa na sessao interativa com os.startfile() e auditoria pos-acao.
2026-08-06 17:24:33 | INFO    | === SERVIDOR SPARKHUB v3.0 RODANDO EM http://127.0.0.1:8000/ ===
2026-08-06 17:25:39 | INFO    | [MEMPALACE] Resumo completo de agrupamento (Total: 591):
2026-08-06 17:25:39 | INFO    |     - 3d: 1 itens
2026-08-06 17:25:39 | INFO    |     - Diretorios: 4 itens
2026-08-06 17:25:39 | INFO    |     - Edicao: 1 itens
2026-08-06 17:25:39 | INFO    |     - Fisica: 1 itens
2026-08-06 17:25:39 | INFO    |     - MCP: 1 itens
2026-08-06 17:25:39 | INFO    |     - RH: 8 itens
2026-08-06 17:25:39 | INFO    |     - SalaComum: 9 itens
2026-08-06 17:25:39 | INFO    |     - TestRoom: 5 itens
2026-08-06 17:25:39 | INFO    |     - Validacao: 1 itens
2026-08-06 17:25:39 | INFO    |     - Windows_MCP: 7 itens
2026-08-06 17:25:39 | INFO    |     - accounts_contacts: 2 itens
2026-08-06 17:25:39 | INFO    |     - agent_tasks: 35 itens
2026-08-06 17:25:39 | INFO    |     - alerts: 14 itens
2026-08-06 17:25:39 | INFO    |     - android_and_pc_registrations: 21 itens
2026-08-06 17:25:39 | INFO    |     - antigravity: 1 itens
2026-08-06 17:25:39 | INFO    |     - career: 1 itens
2026-08-06 17:25:39 | INFO    |     - delika: 1 itens
2026-08-06 17:25:39 | INFO    |     - design: 1 itens
2026-08-06 17:25:39 | INFO    |     - dev: 1 itens
2026-08-06 17:25:39 | INFO    |     - Drive Principal: 79 itens
2026-08-06 17:25:39 | INFO    |     - Drive Trabalho: 10 itens
2026-08-06 17:25:39 | INFO    |     - drive_docs: 21 itens
2026-08-06 17:25:39 | INFO    |     - drive_shared_files: 10 itens
2026-08-06 17:25:39 | INFO    |     - education: 1 itens
2026-08-06 17:25:39 | INFO    |     - family: 1 itens
2026-08-06 17:25:39 | INFO    |     - github_repos: 2 itens
2026-08-06 17:25:39 | INFO    |     - Gmail Principal: 87 itens
2026-08-06 17:25:39 | INFO    |     - Gmail Trabalho: 82 itens
2026-08-06 17:25:39 | INFO    |     - gmail_linked_accounts: 11 itens
2026-08-06 17:25:39 | INFO    |     - gmail_notifications: 16 itens
2026-08-06 17:25:39 | INFO    |     - google_docs: 36 itens
2026-08-06 17:25:39 | INFO    |     - hardware: 2 itens
2026-08-06 17:25:39 | INFO    |     - jubileu: 4 itens
2026-08-06 17:25:39 | INFO    |     - mary_kay: 1 itens
2026-08-06 17:25:39 | INFO    |     - neon_orbit: 1 itens
2026-08-06 17:25:39 | INFO    |     - onedrive: 1 itens
2026-08-06 17:25:39 | INFO    |     - personal: 2 itens
2026-08-06 17:25:39 | INFO    |     - reddit_godot: 1 itens
2026-08-06 17:25:39 | INFO    |     - router: 1 itens
2026-08-06 17:25:39 | INFO    |     - security: 1 itens
2026-08-06 17:25:39 | INFO    |     - sparkhub: 1 itens
2026-08-06 17:25:39 | INFO    |     - storage_parser: 1 itens
2026-08-06 17:25:39 | INFO    |     - sync_audit: 25 itens
2026-08-06 17:25:39 | INFO    |     - system_status: 15 itens
2026-08-06 17:25:39 | INFO    |     - terabox: 1 itens
2026-08-06 17:25:39 | INFO    |     - tiktok_shop: 1 itens
2026-08-06 17:25:39 | INFO    |     - web_research_insights: 62 itens
2026-08-06 17:25:47 | INFO    | [MEMPALACE] Resumo completo de agrupamento (Total: 597):
2026-08-06 17:25:47 | INFO    |     - 3d: 1 itens
2026-08-06 17:25:47 | INFO    |     - Diretorios: 4 itens
2026-08-06 17:25:47 | INFO    |     - Edicao: 1 itens
2026-08-06 17:25:47 | INFO    |     - Fisica: 1 itens
2026-08-06 17:25:47 | INFO    |     - MCP: 1 itens
2026-08-06 17:25:47 | INFO    |     - RH: 8 itens
2026-08-06 17:25:47 | INFO    |     - SalaComum: 9 itens
2026-08-06 17:25:47 | INFO    |     - TestRoom: 5 itens
2026-08-06 17:25:47 | INFO    |     - Validacao: 1 itens
2026-08-06 17:25:47 | INFO    |     - Windows_MCP: 7 itens
2026-08-06 17:25:47 | INFO    |     - accounts_contacts: 2 itens
2026-08-06 17:25:47 | INFO    |     - agent_tasks: 35 itens
2026-08-06 17:25:47 | INFO    |     - alerts: 14 itens
2026-08-06 17:25:47 | INFO    |     - android_and_pc_registrations: 21 itens
2026-08-06 17:25:47 | INFO    |     - antigravity: 1 itens
2026-08-06 17:25:47 | INFO    |     - career: 1 itens
2026-08-06 17:25:47 | INFO    |     - delika: 1 itens
2026-08-06 17:25:47 | INFO    |     - design: 1 itens
2026-08-06 17:25:47 | INFO    |     - dev: 1 itens
2026-08-06 17:25:47 | INFO    |     - Drive Principal: 79 itens
2026-08-06 17:25:47 | INFO    |     - Drive Trabalho: 10 itens
2026-08-06 17:25:47 | INFO    |     - drive_docs: 21 itens
2026-08-06 17:25:47 | INFO    |     - drive_shared_files: 10 itens
2026-08-06 17:25:47 | INFO    |     - education: 1 itens
2026-08-06 17:25:47 | INFO    |     - family: 1 itens
2026-08-06 17:25:47 | INFO    |     - github_repos: 2 itens
2026-08-06 17:25:47 | INFO    |     - Gmail Principal: 87 itens
2026-08-06 17:25:47 | INFO    |     - Gmail Trabalho: 82 itens
2026-08-06 17:25:47 | INFO    |     - gmail_linked_accounts: 11 itens
2026-08-06 17:25:47 | INFO    |     - gmail_notifications: 22 itens
2026-08-06 17:25:47 | INFO    |     - google_docs: 36 itens
2026-08-06 17:25:47 | INFO    |     - hardware: 2 itens
2026-08-06 17:25:47 | INFO    |     - jubileu: 4 itens
2026-08-06 17:25:47 | INFO    |     - mary_kay: 1 itens
2026-08-06 17:25:47 | INFO    |     - neon_orbit: 1 itens
2026-08-06 17:25:47 | INFO    |     - onedrive: 1 itens
2026-08-06 17:25:47 | INFO    |     - personal: 2 itens
2026-08-06 17:25:47 | INFO    |     - reddit_godot: 1 itens
2026-08-06 17:25:47 | INFO    |     - router: 1 itens
2026-08-06 17:25:47 | INFO    |     - security: 1 itens
2026-08-06 17:25:47 | INFO    |     - sparkhub: 1 itens
2026-08-06 17:25:47 | INFO    |     - storage_parser: 1 itens
2026-08-06 17:25:47 | INFO    |     - sync_audit: 25 itens
2026-08-06 17:25:47 | INFO    |     - system_status: 15 itens
2026-08-06 17:25:47 | INFO    |     - terabox: 1 itens
2026-08-06 17:25:47 | INFO    |     - tiktok_shop: 1 itens
2026-08-06 17:25:47 | INFO    |     - web_research_insights: 62 itens
2026-08-06 17:25:59 | INFO    | [MEMPALACE] Resumo completo de agrupamento (Total: 598):
2026-08-06 17:25:59 | INFO    |     - 3d: 1 itens
2026-08-06 17:25:59 | INFO    |     - Diretorios: 4 itens
2026-08-06 17:25:59 | INFO    |     - Edicao: 1 itens
2026-08-06 17:25:59 | INFO    |     - Fisica: 1 itens
2026-08-06 17:25:59 | INFO    |     - MCP: 1 itens
2026-08-06 17:25:59 | INFO    |     - RH: 8 itens
2026-08-06 17:25:59 | INFO    |     - SalaComum: 9 itens
2026-08-06 17:25:59 | INFO    |     - TestRoom: 5 itens
2026-08-06 17:25:59 | INFO    |     - Validacao: 1 itens
2026-08-06 17:25:59 | INFO    |     - Windows_MCP: 7 itens
2026-08-06 17:25:59 | INFO    |     - accounts_contacts: 2 itens
2026-08-06 17:25:59 | INFO    |     - agent_tasks: 35 itens
2026-08-06 17:25:59 | INFO    |     - alerts: 14 itens
2026-08-06 17:25:59 | INFO    |     - android_and_pc_registrations: 21 itens
2026-08-06 17:25:59 | INFO    |     - antigravity: 1 itens
2026-08-06 17:25:59 | INFO    |     - career: 1 itens
2026-08-06 17:25:59 | INFO    |     - delika: 1 itens
2026-08-06 17:25:59 | INFO    |     - design: 1 itens
2026-08-06 17:25:59 | INFO    |     - dev: 1 itens
2026-08-06 17:25:59 | INFO    |     - Drive Principal: 79 itens
2026-08-06 17:25:59 | INFO    |     - Drive Trabalho: 10 itens
2026-08-06 17:25:59 | INFO    |     - drive_docs: 22 itens
2026-08-06 17:25:59 | INFO    |     - drive_shared_files: 10 itens
2026-08-06 17:25:59 | INFO    |     - education: 1 itens
2026-08-06 17:25:59 | INFO    |     - family: 1 itens
2026-08-06 17:25:59 | INFO    |     - github_repos: 2 itens
2026-08-06 17:25:59 | INFO    |     - Gmail Principal: 87 itens
2026-08-06 17:25:59 | INFO    |     - Gmail Trabalho: 82 itens
2026-08-06 17:25:59 | INFO    |     - gmail_linked_accounts: 11 itens
2026-08-06 17:25:59 | INFO    |     - gmail_notifications: 22 itens
2026-08-06 17:25:59 | INFO    |     - google_docs: 36 itens
2026-08-06 17:25:59 | INFO    |     - hardware: 2 itens
2026-08-06 17:25:59 | INFO    |     - jubileu: 4 itens
2026-08-06 17:25:59 | INFO    |     - mary_kay: 1 itens
2026-08-06 17:25:59 | INFO    |     - neon_orbit: 1 itens
2026-08-06 17:25:59 | INFO    |     - onedrive: 1 itens
2026-08-06 17:25:59 | INFO    |     - personal: 2 itens
2026-08-06 17:25:59 | INFO    |     - reddit_godot: 1 itens
2026-08-06 17:25:59 | INFO    |     - router: 1 itens
2026-08-06 17:25:59 | INFO    |     - security: 1 itens
2026-08-06 17:25:59 | INFO    |     - sparkhub: 1 itens
2026-08-06 17:25:59 | INFO    |     - storage_parser: 1 itens
2026-08-06 17:25:59 | INFO    |     - sync_audit: 25 itens
2026-08-06 17:25:59 | INFO    |     - system_status: 15 itens
2026-08-06 17:25:59 | INFO    |     - terabox: 1 itens
2026-08-06 17:25:59 | INFO    |     - tiktok_shop: 1 itens
2026-08-06 17:25:59 | INFO    |     - web_research_insights: 62 itens
2026-08-06 17:26:07 | INFO    | [MEMPALACE] Resumo completo de agrupamento (Total: 600):
2026-08-06 17:26:07 | INFO    |     - 3d: 1 itens
2026-08-06 17:26:07 | INFO    |     - Diretorios: 4 itens
2026-08-06 17:26:07 | INFO    |     - Edicao: 1 itens
2026-08-06 17:26:07 | INFO    |     - Fisica: 1 itens
2026-08-06 17:26:07 | INFO    |     - MCP: 1 itens
2026-08-06 17:26:07 | INFO    |     - RH: 8 itens
2026-08-06 17:26:07 | INFO    |     - SalaComum: 9 itens
2026-08-06 17:26:07 | INFO    |     - TestRoom: 5 itens
2026-08-06 17:26:07 | INFO    |     - Validacao: 1 itens
2026-08-06 17:26:07 | INFO    |     - Windows_MCP: 7 itens
2026-08-06 17:26:07 | INFO    |     - accounts_contacts: 2 itens
2026-08-06 17:26:07 | INFO    |     - agent_tasks: 35 itens
2026-08-06 17:26:07 | INFO    |     - alerts: 14 itens
2026-08-06 17:26:07 | INFO    |     - android_and_pc_registrations: 21 itens
2026-08-06 17:26:07 | INFO    |     - antigravity: 1 itens
2026-08-06 17:26:07 | INFO    |     - career: 1 itens
2026-08-06 17:26:07 | INFO    |     - delika: 1 itens
2026-08-06 17:26:07 | INFO    |     - design: 1 itens
2026-08-06 17:26:07 | INFO    |     - dev: 1 itens
2026-08-06 17:26:07 | INFO    |     - Drive Principal: 79 itens
2026-08-06 17:26:07 | INFO    |     - Drive Trabalho: 10 itens
2026-08-06 17:26:07 | INFO    |     - drive_docs: 22 itens
2026-08-06 17:26:07 | INFO    |     - drive_shared_files: 12 itens
2026-08-06 17:26:07 | INFO    |     - education: 1 itens
2026-08-06 17:26:07 | INFO    |     - family: 1 itens
2026-08-06 17:26:07 | INFO    |     - github_repos: 2 itens
2026-08-06 17:26:07 | INFO    |     - Gmail Principal: 87 itens
2026-08-06 17:26:07 | INFO    |     - Gmail Trabalho: 82 itens
2026-08-06 17:26:07 | INFO    |     - gmail_linked_accounts: 11 itens
2026-08-06 17:26:07 | INFO    |     - gmail_notifications: 22 itens
2026-08-06 17:26:07 | INFO    |     - google_docs: 36 itens
2026-08-06 17:26:07 | INFO    |     - hardware: 2 itens
2026-08-06 17:26:07 | INFO    |     - jubileu: 4 itens
2026-08-06 17:26:07 | INFO    |     - mary_kay: 1 itens
2026-08-06 17:26:07 | INFO    |     - neon_orbit: 1 itens
2026-08-06 17:26:07 | INFO    |     - onedrive: 1 itens
2026-08-06 17:26:07 | INFO    |     - personal: 2 itens
2026-08-06 17:26:07 | INFO    |     - reddit_godot: 1 itens
2026-08-06 17:26:07 | INFO    |     - router: 1 itens
2026-08-06 17:26:07 | INFO    |     - security: 1 itens
2026-08-06 17:26:07 | INFO    |     - sparkhub: 1 itens
2026-08-06 17:26:07 | INFO    |     - storage_parser: 1 itens
2026-08-06 17:26:07 | INFO    |     - sync_audit: 25 itens
2026-08-06 17:26:07 | INFO    |     - system_status: 15 itens
2026-08-06 17:26:07 | INFO    |     - terabox: 1 itens
2026-08-06 17:26:07 | INFO    |     - tiktok_shop: 1 itens
2026-08-06 17:26:07 | INFO    |     - web_research_insights: 62 itens
2026-08-06 17:26:13 | INFO    | [MEMPALACE] Resumo completo de agrupamento (Total: 606):
2026-08-06 17:26:13 | INFO    |     - 3d: 1 itens
2026-08-06 17:26:13 | INFO    |     - Diretorios: 4 itens
2026-08-06 17:26:13 | INFO    |     - Edicao: 1 itens
2026-08-06 17:26:13 | INFO    |     - Fisica: 1 itens
2026-08-06 17:26:13 | INFO    |     - MCP: 1 itens
2026-08-06 17:26:13 | INFO    |     - RH: 8 itens
2026-08-06 17:26:13 | INFO    |     - SalaComum: 9 itens
2026-08-06 17:26:13 | INFO    |     - TestRoom: 5 itens
2026-08-06 17:26:13 | INFO    |     - Validacao: 1 itens
2026-08-06 17:26:13 | INFO    |     - Windows_MCP: 7 itens
2026-08-06 17:26:13 | INFO    |     - accounts_contacts: 2 itens
2026-08-06 17:26:13 | INFO    |     - agent_tasks: 35 itens
2026-08-06 17:26:13 | INFO    |     - alerts: 14 itens
2026-08-06 17:26:13 | INFO    |     - android_and_pc_registrations: 21 itens
2026-08-06 17:26:13 | INFO    |     - antigravity: 1 itens
2026-08-06 17:26:13 | INFO    |     - career: 1 itens
2026-08-06 17:26:13 | INFO    |     - delika: 1 itens
2026-08-06 17:26:13 | INFO    |     - design: 1 itens
2026-08-06 17:26:13 | INFO    |     - dev: 1 itens
2026-08-06 17:26:13 | INFO    |     - Drive Principal: 79 itens
2026-08-06 17:26:13 | INFO    |     - Drive Trabalho: 10 itens
2026-08-06 17:26:13 | INFO    |     - drive_docs: 22 itens
2026-08-06 17:26:13 | INFO    |     - drive_shared_files: 12 itens
2026-08-06 17:26:13 | INFO    |     - education: 1 itens
2026-08-06 17:26:13 | INFO    |     - family: 1 itens
2026-08-06 17:26:13 | INFO    |     - github_repos: 2 itens
2026-08-06 17:26:13 | INFO    |     - Gmail Principal: 87 itens
2026-08-06 17:26:13 | INFO    |     - Gmail Trabalho: 82 itens
2026-08-06 17:26:13 | INFO    |     - gmail_linked_accounts: 17 itens
2026-08-06 17:26:13 | INFO    |     - gmail_notifications: 22 itens
2026-08-06 17:26:13 | INFO    |     - google_docs: 36 itens
2026-08-06 17:26:13 | INFO    |     - hardware: 2 itens
2026-08-06 17:26:13 | INFO    |     - jubileu: 4 itens
2026-08-06 17:26:13 | INFO    |     - mary_kay: 1 itens
2026-08-06 17:26:13 | INFO    |     - neon_orbit: 1 itens
2026-08-06 17:26:13 | INFO    |     - onedrive: 1 itens
2026-08-06 17:26:13 | INFO    |     - personal: 2 itens
2026-08-06 17:26:13 | INFO    |     - reddit_godot: 1 itens
2026-08-06 17:26:13 | INFO    |     - router: 1 itens
2026-08-06 17:26:13 | INFO    |     - security: 1 itens
2026-08-06 17:26:13 | INFO    |     - sparkhub: 1 itens
2026-08-06 17:26:13 | INFO    |     - storage_parser: 1 itens
2026-08-06 17:26:13 | INFO    |     - sync_audit: 25 itens
2026-08-06 17:26:13 | INFO    |     - system_status: 15 itens
2026-08-06 17:26:13 | INFO    |     - terabox: 1 itens
2026-08-06 17:26:13 | INFO    |     - tiktok_shop: 1 itens
2026-08-06 17:26:13 | INFO    |     - web_research_insights: 62 itens
2026-08-06 17:26:17 | INFO    | [MEMPALACE] Resumo completo de agrupamento (Total: 637):
2026-08-06 17:26:17 | INFO    |     - 3d: 1 itens
2026-08-06 17:26:17 | INFO    |     - Diretorios: 4 itens
2026-08-06 17:26:17 | INFO    |     - Edicao: 1 itens
2026-08-06 17:26:17 | INFO    |     - Fisica: 1 itens
2026-08-06 17:26:17 | INFO    |     - MCP: 1 itens
2026-08-06 17:26:17 | INFO    |     - RH: 8 itens
2026-08-06 17:26:17 | INFO    |     - SalaComum: 9 itens
2026-08-06 17:26:17 | INFO    |     - TestRoom: 5 itens
2026-08-06 17:26:17 | INFO    |     - Validacao: 1 itens
2026-08-06 17:26:17 | INFO    |     - Windows_MCP: 7 itens
2026-08-06 17:26:17 | INFO    |     - accounts_contacts: 2 itens
2026-08-06 17:26:17 | INFO    |     - agent_tasks: 35 itens
2026-08-06 17:26:17 | INFO    |     - alerts: 14 itens
2026-08-06 17:26:17 | INFO    |     - android_and_pc_registrations: 35 itens
2026-08-06 17:26:17 | INFO    |     - antigravity: 1 itens
2026-08-06 17:26:17 | INFO    |     - career: 1 itens
2026-08-06 17:26:17 | INFO    |     - delika: 1 itens
2026-08-06 17:26:17 | INFO    |     - design: 1 itens
2026-08-06 17:26:17 | INFO    |     - dev: 1 itens
2026-08-06 17:26:17 | INFO    |     - Drive Principal: 79 itens
2026-08-06 17:26:17 | INFO    |     - Drive Trabalho: 10 itens
2026-08-06 17:26:17 | INFO    |     - drive_docs: 22 itens
2026-08-06 17:26:17 | INFO    |     - drive_shared_files: 12 itens
2026-08-06 17:26:17 | INFO    |     - education: 1 itens
2026-08-06 17:26:17 | INFO    |     - family: 1 itens
2026-08-06 17:26:17 | INFO    |     - github_repos: 2 itens
2026-08-06 17:26:17 | INFO    |     - Gmail Principal: 87 itens
2026-08-06 17:26:17 | INFO    |     - Gmail Trabalho: 82 itens
2026-08-06 17:26:17 | INFO    |     - gmail_linked_accounts: 17 itens
2026-08-06 17:26:17 | INFO    |     - gmail_notifications: 22 itens
2026-08-06 17:26:17 | INFO    |     - google_docs: 39 itens
2026-08-06 17:26:17 | INFO    |     - hardware: 2 itens
2026-08-06 17:26:17 | INFO    |     - jubileu: 4 itens
2026-08-06 17:26:17 | INFO    |     - mary_kay: 1 itens
2026-08-06 17:26:17 | INFO    |     - neon_orbit: 1 itens
2026-08-06 17:26:17 | INFO    |     - onedrive: 1 itens
2026-08-06 17:26:17 | INFO    |     - personal: 2 itens
2026-08-06 17:26:17 | INFO    |     - reddit_godot: 1 itens
2026-08-06 17:26:17 | INFO    |     - router: 1 itens
2026-08-06 17:26:17 | INFO    |     - security: 1 itens
2026-08-06 17:26:17 | INFO    |     - sparkhub: 1 itens
2026-08-06 17:26:17 | INFO    |     - storage_parser: 1 itens
2026-08-06 17:26:17 | INFO    |     - sync_audit: 25 itens
2026-08-06 17:26:17 | INFO    |     - system_status: 15 itens
2026-08-06 17:26:17 | INFO    |     - terabox: 1 itens
2026-08-06 17:26:17 | INFO    |     - tiktok_shop: 1 itens
2026-08-06 17:26:17 | INFO    |     - web_research_insights: 76 itens
2026-08-06 17:26:19 | INFO    | [MEMPALACE] Resumo completo de agrupamento (Total: 697):
2026-08-06 17:26:19 | INFO    |     - 3d: 1 itens
2026-08-06 17:26:19 | INFO    |     - Diretorios: 4 itens
2026-08-06 17:26:19 | INFO    |     - Edicao: 1 itens
2026-08-06 17:26:19 | INFO    |     - Fisica: 1 itens
2026-08-06 17:26:19 | INFO    |     - MCP: 1 itens
2026-08-06 17:26:19 | INFO    |     - RH: 8 itens
2026-08-06 17:26:19 | INFO    |     - SalaComum: 9 itens
2026-08-06 17:26:19 | INFO    |     - TestRoom: 5 itens
2026-08-06 17:26:19 | INFO    |     - Validacao: 1 itens
2026-08-06 17:26:19 | INFO    |     - Windows_MCP: 7 itens
2026-08-06 17:26:19 | INFO    |     - accounts_contacts: 2 itens
2026-08-06 17:26:19 | INFO    |     - agent_tasks: 35 itens
2026-08-06 17:26:19 | INFO    |     - alerts: 14 itens
2026-08-06 17:26:19 | INFO    |     - android_and_pc_registrations: 35 itens
2026-08-06 17:26:19 | INFO    |     - antigravity: 1 itens
2026-08-06 17:26:19 | INFO    |     - career: 1 itens
2026-08-06 17:26:19 | INFO    |     - delika: 1 itens
2026-08-06 17:26:19 | INFO    |     - design: 1 itens
2026-08-06 17:26:19 | INFO    |     - dev: 1 itens
2026-08-06 17:26:19 | INFO    |     - Drive Principal: 79 itens
2026-08-06 17:26:19 | INFO    |     - Drive Trabalho: 10 itens
2026-08-06 17:26:19 | INFO    |     - drive_docs: 22 itens
2026-08-06 17:26:19 | INFO    |     - drive_shared_files: 12 itens
2026-08-06 17:26:19 | INFO    |     - education: 1 itens
2026-08-06 17:26:19 | INFO    |     - family: 1 itens
2026-08-06 17:26:19 | INFO    |     - github_repos: 2 itens
2026-08-06 17:26:19 | INFO    |     - Gmail Principal: 87 itens
2026-08-06 17:26:19 | INFO    |     - Gmail Trabalho: 82 itens
2026-08-06 17:26:19 | INFO    |     - gmail_linked_accounts: 17 itens
2026-08-06 17:26:19 | INFO    |     - gmail_notifications: 22 itens
2026-08-06 17:26:19 | INFO    |     - google_docs: 39 itens
2026-08-06 17:26:19 | INFO    |     - hardware: 2 itens
2026-08-06 17:26:19 | INFO    |     - jubileu: 4 itens
2026-08-06 17:26:19 | INFO    |     - mary_kay: 1 itens
2026-08-06 17:26:19 | INFO    |     - neon_orbit: 1 itens
2026-08-06 17:26:19 | INFO    |     - onedrive: 1 itens
2026-08-06 17:26:19 | INFO    |     - personal: 2 itens
2026-08-06 17:26:19 | INFO    |     - reddit_godot: 1 itens
2026-08-06 17:26:19 | INFO    |     - router: 1 itens
2026-08-06 17:26:19 | INFO    |     - security: 1 itens
2026-08-06 17:26:19 | INFO    |     - sparkhub: 1 itens
2026-08-06 17:26:19 | INFO    |     - storage_parser: 1 itens
2026-08-06 17:26:19 | INFO    |     - sync_audit: 25 itens
2026-08-06 17:26:19 | INFO    |     - system_status: 15 itens
2026-08-06 17:26:19 | INFO    |     - terabox: 1 itens
2026-08-06 17:26:19 | INFO    |     - tiktok_shop: 1 itens
2026-08-06 17:26:19 | INFO    |     - web_research_insights: 136 itens
2026-08-06 17:26:21 | INFO    | [MEMPALACE] Resumo completo de agrupamento (Total: 698):
2026-08-06 17:26:21 | INFO    |     - 3d: 1 itens
2026-08-06 17:26:21 | INFO    |     - Diretorios: 4 itens
2026-08-06 17:26:21 | INFO    |     - Edicao: 1 itens
2026-08-06 17:26:21 | INFO    |     - Fisica: 1 itens
2026-08-06 17:26:21 | INFO    |     - MCP: 1 itens
2026-08-06 17:26:21 | INFO    |     - RH: 8 itens
2026-08-06 17:26:21 | INFO    |     - SalaComum: 9 itens
2026-08-06 17:26:21 | INFO    |     - TestRoom: 5 itens
2026-08-06 17:26:21 | INFO    |     - Validacao: 1 itens
2026-08-06 17:26:21 | INFO    |     - Windows_MCP: 7 itens
2026-08-06 17:26:21 | INFO    |     - accounts_contacts: 2 itens
2026-08-06 17:26:21 | INFO    |     - agent_tasks: 35 itens
2026-08-06 17:26:21 | INFO    |     - alerts: 14 itens
2026-08-06 17:26:21 | INFO    |     - android_and_pc_registrations: 35 itens
2026-08-06 17:26:21 | INFO    |     - antigravity: 1 itens
2026-08-06 17:26:21 | INFO    |     - career: 1 itens
2026-08-06 17:26:21 | INFO    |     - delika: 1 itens
2026-08-06 17:26:21 | INFO    |     - design: 1 itens
2026-08-06 17:26:21 | INFO    |     - dev: 1 itens
2026-08-06 17:26:21 | INFO    |     - Drive Principal: 79 itens
2026-08-06 17:26:21 | INFO    |     - Drive Trabalho: 10 itens
2026-08-06 17:26:21 | INFO    |     - drive_docs: 22 itens
2026-08-06 17:26:21 | INFO    |     - drive_shared_files: 12 itens
2026-08-06 17:26:21 | INFO    |     - education: 1 itens
2026-08-06 17:26:21 | INFO    |     - family: 1 itens
2026-08-06 17:26:21 | INFO    |     - github_repos: 3 itens
2026-08-06 17:26:21 | INFO    |     - Gmail Principal: 87 itens
2026-08-06 17:26:21 | INFO    |     - Gmail Trabalho: 82 itens
2026-08-06 17:26:21 | INFO    |     - gmail_linked_accounts: 17 itens
2026-08-06 17:26:21 | INFO    |     - gmail_notifications: 22 itens
2026-08-06 17:26:21 | INFO    |     - google_docs: 39 itens
2026-08-06 17:26:21 | INFO    |     - hardware: 2 itens
2026-08-06 17:26:21 | INFO    |     - jubileu: 4 itens
2026-08-06 17:26:21 | INFO    |     - mary_kay: 1 itens
2026-08-06 17:26:21 | INFO    |     - neon_orbit: 1 itens
2026-08-06 17:26:21 | INFO    |     - onedrive: 1 itens
2026-08-06 17:26:21 | INFO    |     - personal: 2 itens
2026-08-06 17:26:21 | INFO    |     - reddit_godot: 1 itens
2026-08-06 17:26:21 | INFO    |     - router: 1 itens
2026-08-06 17:26:21 | INFO    |     - security: 1 itens
2026-08-06 17:26:21 | INFO    |     - sparkhub: 1 itens
2026-08-06 17:26:21 | INFO    |     - storage_parser: 1 itens
2026-08-06 17:26:21 | INFO    |     - sync_audit: 25 itens
2026-08-06 17:26:21 | INFO    |     - system_status: 15 itens
2026-08-06 17:26:21 | INFO    |     - terabox: 1 itens
2026-08-06 17:26:21 | INFO    |     - tiktok_shop: 1 itens
2026-08-06 17:26:21 | INFO    |     - web_research_insights: 136 itens
2026-08-06 17:27:13 | INFO    | [MEMPALACE] Resumo completo de agrupamento (Total: 699):
2026-08-06 17:27:13 | INFO    |     - 3d: 1 itens
2026-08-06 17:27:13 | INFO    |     - Diretorios: 4 itens
2026-08-06 17:27:13 | INFO    |     - Edicao: 1 itens
2026-08-06 17:27:13 | INFO    |     - Fisica: 1 itens
2026-08-06 17:27:13 | INFO    |     - MCP: 1 itens
2026-08-06 17:27:13 | INFO    |     - RH: 8 itens
2026-08-06 17:27:13 | INFO    |     - SalaComum: 9 itens
2026-08-06 17:27:13 | INFO    |     - TestRoom: 5 itens
2026-08-06 17:27:13 | INFO    |     - Validacao: 1 itens
2026-08-06 17:27:13 | INFO    |     - Windows_MCP: 7 itens
2026-08-06 17:27:13 | INFO    |     - accounts_contacts: 2 itens
2026-08-06 17:27:13 | INFO    |     - agent_tasks: 35 itens
2026-08-06 17:27:13 | INFO    |     - alerts: 14 itens
2026-08-06 17:27:13 | INFO    |     - android_and_pc_registrations: 35 itens
2026-08-06 17:27:13 | INFO    |     - antigravity: 1 itens
2026-08-06 17:27:13 | INFO    |     - career: 1 itens
2026-08-06 17:27:13 | INFO    |     - delika: 1 itens
2026-08-06 17:27:13 | INFO    |     - design: 1 itens
2026-08-06 17:27:13 | INFO    |     - dev: 1 itens
2026-08-06 17:27:13 | INFO    |     - Drive Principal: 79 itens
2026-08-06 17:27:13 | INFO    |     - Drive Trabalho: 10 itens
2026-08-06 17:27:13 | INFO    |     - drive_docs: 22 itens
2026-08-06 17:27:13 | INFO    |     - drive_shared_files: 12 itens
2026-08-06 17:27:13 | INFO    |     - education: 1 itens
2026-08-06 17:27:13 | INFO    |     - family: 1 itens
2026-08-06 17:27:13 | INFO    |     - github_repos: 3 itens
2026-08-06 17:27:13 | INFO    |     - Gmail Principal: 87 itens
2026-08-06 17:27:13 | INFO    |     - Gmail Trabalho: 82 itens
2026-08-06 17:27:13 | INFO    |     - gmail_linked_accounts: 17 itens
2026-08-06 17:27:13 | INFO    |     - gmail_notifications: 22 itens
2026-08-06 17:27:13 | INFO    |     - google_docs: 39 itens
2026-08-06 17:27:13 | INFO    |     - hardware: 2 itens
2026-08-06 17:27:13 | INFO    |     - jubileu: 4 itens
2026-08-06 17:27:13 | INFO    |     - mary_kay: 1 itens
2026-08-06 17:27:13 | INFO    |     - neon_orbit: 1 itens
2026-08-06 17:27:13 | INFO    |     - onedrive: 1 itens
2026-08-06 17:27:13 | INFO    |     - personal: 2 itens
2026-08-06 17:27:13 | INFO    |     - reddit_godot: 1 itens
2026-08-06 17:27:13 | INFO    |     - router: 1 itens
2026-08-06 17:27:13 | INFO    |     - security: 1 itens
2026-08-06 17:27:13 | INFO    |     - sparkhub: 1 itens
2026-08-06 17:27:13 | INFO    |     - storage_parser: 1 itens
2026-08-06 17:27:13 | INFO    |     - sync_audit: 25 itens
2026-08-06 17:27:13 | INFO    |     - system_status: 16 itens
2026-08-06 17:27:13 | INFO    |     - terabox: 1 itens
2026-08-06 17:27:13 | INFO    |     - tiktok_shop: 1 itens
2026-08-06 17:27:13 | INFO    |     - web_research_insights: 136 itens
2026-08-06 17:27:21 | INFO    | [MEMPALACE] Resumo completo de agrupamento (Total: 700):
2026-08-06 17:27:21 | INFO    |     - 3d: 1 itens
2026-08-06 17:27:21 | INFO    |     - Diretorios: 4 itens
2026-08-06 17:27:21 | INFO    |     - Edicao: 1 itens
2026-08-06 17:27:21 | INFO    |     - Fisica: 1 itens
2026-08-06 17:27:21 | INFO    |     - MCP: 1 itens
2026-08-06 17:27:21 | INFO    |     - RH: 8 itens
2026-08-06 17:27:21 | INFO    |     - SalaComum: 9 itens
2026-08-06 17:27:21 | INFO    |     - TestRoom: 5 itens
2026-08-06 17:27:21 | INFO    |     - Validacao: 1 itens
2026-08-06 17:27:21 | INFO    |     - Windows_MCP: 7 itens
2026-08-06 17:27:21 | INFO    |     - accounts_contacts: 2 itens
2026-08-06 17:27:21 | INFO    |     - agent_tasks: 35 itens
2026-08-06 17:27:21 | INFO    |     - alerts: 14 itens
2026-08-06 17:27:21 | INFO    |     - android_and_pc_registrations: 35 itens
2026-08-06 17:27:21 | INFO    |     - antigravity: 1 itens
2026-08-06 17:27:21 | INFO    |     - career: 1 itens
2026-08-06 17:27:21 | INFO    |     - delika: 1 itens
2026-08-06 17:27:21 | INFO    |     - design: 1 itens
2026-08-06 17:27:21 | INFO    |     - dev: 1 itens
2026-08-06 17:27:21 | INFO    |     - Drive Principal: 79 itens
2026-08-06 17:27:21 | INFO    |     - Drive Trabalho: 10 itens
2026-08-06 17:27:21 | INFO    |     - drive_docs: 23 itens
2026-08-06 17:27:21 | INFO    |     - drive_shared_files: 12 itens
2026-08-06 17:27:21 | INFO    |     - education: 1 itens
2026-08-06 17:27:21 | INFO    |     - family: 1 itens
2026-08-06 17:27:21 | INFO    |     - github_repos: 3 itens
2026-08-06 17:27:21 | INFO    |     - Gmail Principal: 87 itens
2026-08-06 17:27:21 | INFO    |     - Gmail Trabalho: 82 itens
2026-08-06 17:27:21 | INFO    |     - gmail_linked_accounts: 17 itens
2026-08-06 17:27:21 | INFO    |     - gmail_notifications: 22 itens
2026-08-06 17:27:21 | INFO    |     - google_docs: 39 itens
2026-08-06 17:27:21 | INFO    |     - hardware: 2 itens
2026-08-06 17:27:21 | INFO    |     - jubileu: 4 itens
2026-08-06 17:27:21 | INFO    |     - mary_kay: 1 itens
2026-08-06 17:27:21 | INFO    |     - neon_orbit: 1 itens
2026-08-06 17:27:21 | INFO    |     - onedrive: 1 itens
2026-08-06 17:27:21 | INFO    |     - personal: 2 itens
2026-08-06 17:27:21 | INFO    |     - reddit_godot: 1 itens
2026-08-06 17:27:21 | INFO    |     - router: 1 itens
2026-08-06 17:27:21 | INFO    |     - security: 1 itens
2026-08-06 17:27:21 | INFO    |     - sparkhub: 1 itens
2026-08-06 17:27:21 | INFO    |     - storage_parser: 1 itens
2026-08-06 17:27:21 | INFO    |     - sync_audit: 25 itens
2026-08-06 17:27:21 | INFO    |     - system_status: 16 itens
2026-08-06 17:27:21 | INFO    |     - terabox: 1 itens
2026-08-06 17:27:21 | INFO    |     - tiktok_shop: 1 itens
2026-08-06 17:27:21 | INFO    |     - web_research_insights: 136 itens
2026-08-06 17:27:47 | INFO    | [MEMPALACE] Resumo completo de agrupamento (Total: 703):
2026-08-06 17:27:47 | INFO    |     - 3d: 1 itens
2026-08-06 17:27:47 | INFO    |     - Diretorios: 4 itens
2026-08-06 17:27:47 | INFO    |     - Edicao: 1 itens
2026-08-06 17:27:47 | INFO    |     - Fisica: 1 itens
2026-08-06 17:27:47 | INFO    |     - MCP: 1 itens
2026-08-06 17:27:47 | INFO    |     - RH: 8 itens
2026-08-06 17:27:47 | INFO    |     - SalaComum: 9 itens
2026-08-06 17:27:47 | INFO    |     - TestRoom: 5 itens
2026-08-06 17:27:47 | INFO    |     - Validacao: 1 itens
2026-08-06 17:27:47 | INFO    |     - Windows_MCP: 7 itens
2026-08-06 17:27:47 | INFO    |     - accounts_contacts: 2 itens
2026-08-06 17:27:47 | INFO    |     - agent_tasks: 35 itens
2026-08-06 17:27:47 | INFO    |     - alerts: 14 itens
2026-08-06 17:27:47 | INFO    |     - android_and_pc_registrations: 37 itens
2026-08-06 17:27:47 | INFO    |     - antigravity: 1 itens
2026-08-06 17:27:47 | INFO    |     - career: 1 itens
2026-08-06 17:27:47 | INFO    |     - delika: 1 itens
2026-08-06 17:27:47 | INFO    |     - design: 1 itens
2026-08-06 17:27:47 | INFO    |     - dev: 1 itens
2026-08-06 17:27:47 | INFO    |     - Drive Principal: 79 itens
2026-08-06 17:27:47 | INFO    |     - Drive Trabalho: 10 itens
2026-08-06 17:27:47 | INFO    |     - drive_docs: 23 itens
2026-08-06 17:27:47 | INFO    |     - drive_shared_files: 12 itens
2026-08-06 17:27:47 | INFO    |     - education: 1 itens
2026-08-06 17:27:47 | INFO    |     - family: 1 itens
2026-08-06 17:27:47 | INFO    |     - github_repos: 3 itens
2026-08-06 17:27:47 | INFO    |     - Gmail Principal: 87 itens
2026-08-06 17:27:47 | INFO    |     - Gmail Trabalho: 82 itens
2026-08-06 17:27:47 | INFO    |     - gmail_linked_accounts: 17 itens
2026-08-06 17:27:47 | INFO    |     - gmail_notifications: 22 itens
2026-08-06 17:27:47 | INFO    |     - google_docs: 40 itens
2026-08-06 17:27:47 | INFO    |     - hardware: 2 itens
2026-08-06 17:27:47 | INFO    |     - jubileu: 4 itens
2026-08-06 17:27:47 | INFO    |     - mary_kay: 1 itens
2026-08-06 17:27:47 | INFO    |     - neon_orbit: 1 itens
2026-08-06 17:27:47 | INFO    |     - onedrive: 1 itens
2026-08-06 17:27:47 | INFO    |     - personal: 2 itens
2026-08-06 17:27:47 | INFO    |     - reddit_godot: 1 itens
2026-08-06 17:27:47 | INFO    |     - router: 1 itens
2026-08-06 17:27:47 | INFO    |     - security: 1 itens
2026-08-06 17:27:47 | INFO    |     - sparkhub: 1 itens
2026-08-06 17:27:47 | INFO    |     - storage_parser: 1 itens
2026-08-06 17:27:47 | INFO    |     - sync_audit: 25 itens
2026-08-06 17:27:47 | INFO    |     - system_status: 16 itens
2026-08-06 17:27:47 | INFO    |     - terabox: 1 itens
2026-08-06 17:27:47 | INFO    |     - tiktok_shop: 1 itens
2026-08-06 17:27:47 | INFO    |     - web_research_insights: 136 itens
2026-08-06 17:27:49 | INFO    | [MEMPALACE] Resumo completo de agrupamento (Total: 711):
2026-08-06 17:27:49 | INFO    |     - 3d: 1 itens
2026-08-06 17:27:49 | INFO    |     - Diretorios: 4 itens
2026-08-06 17:27:49 | INFO    |     - Edicao: 1 itens
2026-08-06 17:27:49 | INFO    |     - Fisica: 1 itens
2026-08-06 17:27:49 | INFO    |     - MCP: 1 itens
2026-08-06 17:27:49 | INFO    |     - RH: 8 itens
2026-08-06 17:27:49 | INFO    |     - SalaComum: 9 itens
2026-08-06 17:27:49 | INFO    |     - TestRoom: 5 itens
2026-08-06 17:27:49 | INFO    |     - Validacao: 1 itens
2026-08-06 17:27:49 | INFO    |     - Windows_MCP: 7 itens
2026-08-06 17:27:49 | INFO    |     - accounts_contacts: 2 itens
2026-08-06 17:27:49 | INFO    |     - agent_tasks: 35 itens
2026-08-06 17:27:49 | INFO    |     - alerts: 14 itens
2026-08-06 17:27:49 | INFO    |     - android_and_pc_registrations: 37 itens
2026-08-06 17:27:49 | INFO    |     - antigravity: 1 itens
2026-08-06 17:27:49 | INFO    |     - career: 1 itens
2026-08-06 17:27:49 | INFO    |     - delika: 1 itens
2026-08-06 17:27:49 | INFO    |     - design: 1 itens
2026-08-06 17:27:49 | INFO    |     - dev: 1 itens
2026-08-06 17:27:49 | INFO    |     - Drive Principal: 79 itens
2026-08-06 17:27:49 | INFO    |     - Drive Trabalho: 10 itens
2026-08-06 17:27:49 | INFO    |     - drive_docs: 23 itens
2026-08-06 17:27:49 | INFO    |     - drive_shared_files: 12 itens
2026-08-06 17:27:49 | INFO    |     - education: 1 itens
2026-08-06 17:27:49 | INFO    |     - family: 1 itens
2026-08-06 17:27:49 | INFO    |     - github_repos: 3 itens
2026-08-06 17:27:49 | INFO    |     - Gmail Principal: 87 itens
2026-08-06 17:27:49 | INFO    |     - Gmail Trabalho: 82 itens
2026-08-06 17:27:49 | INFO    |     - gmail_linked_accounts: 17 itens
2026-08-06 17:27:49 | INFO    |     - gmail_notifications: 22 itens
2026-08-06 17:27:49 | INFO    |     - google_docs: 40 itens
2026-08-06 17:27:49 | INFO    |     - hardware: 2 itens
2026-08-06 17:27:49 | INFO    |     - jubileu: 4 itens
2026-08-06 17:27:49 | INFO    |     - mary_kay: 1 itens
2026-08-06 17:27:49 | INFO    |     - neon_orbit: 1 itens
2026-08-06 17:27:49 | INFO    |     - onedrive: 1 itens
2026-08-06 17:27:49 | INFO    |     - personal: 2 itens
2026-08-06 17:27:49 | INFO    |     - reddit_godot: 1 itens
2026-08-06 17:27:49 | INFO    |     - router: 1 itens
2026-08-06 17:27:49 | INFO    |     - security: 1 itens
2026-08-06 17:27:49 | INFO    |     - sparkhub: 1 itens
2026-08-06 17:27:49 | INFO    |     - storage_parser: 1 itens
2026-08-06 17:27:49 | INFO    |     - sync_audit: 25 itens
2026-08-06 17:27:49 | INFO    |     - system_status: 16 itens
2026-08-06 17:27:49 | INFO    |     - terabox: 1 itens
2026-08-06 17:27:49 | INFO    |     - tiktok_shop: 1 itens
2026-08-06 17:27:49 | INFO    |     - web_research_insights: 144 itens
2026-08-06 17:28:05 | INFO    | [MEMPALACE] Resumo completo de agrupamento (Total: 711):
2026-08-06 17:28:05 | INFO    |     - 3d: 1 itens
2026-08-06 17:28:05 | INFO    |     - Diretorios: 4 itens
2026-08-06 17:28:05 | INFO    |     - Edicao: 1 itens
2026-08-06 17:28:05 | INFO    |     - Fisica: 1 itens
2026-08-06 17:28:05 | INFO    |     - MCP: 1 itens
2026-08-06 17:28:05 | INFO    |     - RH: 8 itens
2026-08-06 17:28:05 | INFO    |     - SalaComum: 9 itens
2026-08-06 17:28:05 | INFO    |     - TestRoom: 5 itens
2026-08-06 17:28:05 | INFO    |     - Validacao: 1 itens
2026-08-06 17:28:05 | INFO    |     - Windows_MCP: 7 itens
2026-08-06 17:28:05 | INFO    |     - accounts_contacts: 2 itens
2026-08-06 17:28:05 | INFO    |     - agent_tasks: 35 itens
2026-08-06 17:28:05 | INFO    |     - alerts: 14 itens
2026-08-06 17:28:05 | INFO    |     - android_and_pc_registrations: 37 itens
2026-08-06 17:28:05 | INFO    |     - antigravity: 1 itens
2026-08-06 17:28:05 | INFO    |     - career: 1 itens
2026-08-06 17:28:05 | INFO    |     - delika: 1 itens
2026-08-06 17:28:05 | INFO    |     - design: 1 itens
2026-08-06 17:28:05 | INFO    |     - dev: 1 itens
2026-08-06 17:28:05 | INFO    |     - Drive Principal: 79 itens
2026-08-06 17:28:05 | INFO    |     - Drive Trabalho: 10 itens
2026-08-06 17:28:05 | INFO    |     - drive_docs: 23 itens
2026-08-06 17:28:05 | INFO    |     - drive_shared_files: 12 itens
2026-08-06 17:28:05 | INFO    |     - education: 1 itens
2026-08-06 17:28:05 | INFO    |     - family: 1 itens
2026-08-06 17:28:05 | INFO    |     - github_repos: 3 itens
2026-08-06 17:28:05 | INFO    |     - Gmail Principal: 87 itens
2026-08-06 17:28:05 | INFO    |     - Gmail Trabalho: 82 itens
2026-08-06 17:28:05 | INFO    |     - gmail_linked_accounts: 17 itens
2026-08-06 17:28:05 | INFO    |     - gmail_notifications: 22 itens
2026-08-06 17:28:05 | INFO    |     - google_docs: 40 itens
2026-08-06 17:28:05 | INFO    |     - hardware: 2 itens
2026-08-06 17:28:05 | INFO    |     - jubileu: 4 itens
2026-08-06 17:28:05 | INFO    |     - mary_kay: 1 itens
2026-08-06 17:28:05 | INFO    |     - neon_orbit: 1 itens
2026-08-06 17:28:05 | INFO    |     - onedrive: 1 itens
2026-08-06 17:28:05 | INFO    |     - personal: 2 itens
2026-08-06 17:28:05 | INFO    |     - reddit_godot: 1 itens
2026-08-06 17:28:05 | INFO    |     - router: 1 itens
2026-08-06 17:28:05 | INFO    |     - security: 1 itens
2026-08-06 17:28:05 | INFO    |     - sparkhub: 1 itens
2026-08-06 17:28:05 | INFO    |     - storage_parser: 1 itens
2026-08-06 17:28:05 | INFO    |     - sync_audit: 25 itens
2026-08-06 17:28:05 | INFO    |     - system_status: 16 itens
2026-08-06 17:28:05 | INFO    |     - terabox: 1 itens
2026-08-06 17:28:05 | INFO    |     - tiktok_shop: 1 itens
2026-08-06 17:28:05 | INFO    |     - web_research_insights: 144 itens
2026-08-06 17:50:27 | INFO    | [MEMPALACE] Resumo completo de agrupamento (Total: 711):
2026-08-06 17:50:27 | INFO    |     - 3d: 1 itens
2026-08-06 17:50:27 | INFO    |     - Diretorios: 4 itens
2026-08-06 17:50:27 | INFO    |     - Edicao: 1 itens
2026-08-06 17:50:27 | INFO    |     - Fisica: 1 itens
2026-08-06 17:50:27 | INFO    |     - MCP: 1 itens
2026-08-06 17:50:27 | INFO    |     - RH: 8 itens
2026-08-06 17:50:27 | INFO    |     - SalaComum: 9 itens
2026-08-06 17:50:27 | INFO    |     - TestRoom: 5 itens
2026-08-06 17:50:27 | INFO    |     - Validacao: 1 itens
2026-08-06 17:50:27 | INFO    |     - Windows_MCP: 7 itens
2026-08-06 17:50:27 | INFO    |     - accounts_contacts: 2 itens
2026-08-06 17:50:27 | INFO    |     - agent_tasks: 35 itens
2026-08-06 17:50:27 | INFO    |     - alerts: 14 itens
2026-08-06 17:50:27 | INFO    |     - android_and_pc_registrations: 37 itens
2026-08-06 17:50:27 | INFO    |     - antigravity: 1 itens
2026-08-06 17:50:27 | INFO    |     - career: 1 itens
2026-08-06 17:50:27 | INFO    |     - delika: 1 itens
2026-08-06 17:50:27 | INFO    |     - design: 1 itens
2026-08-06 17:50:27 | INFO    |     - dev: 1 itens
2026-08-06 17:50:27 | INFO    |     - Drive Principal: 79 itens
2026-08-06 17:50:27 | INFO    |     - Drive Trabalho: 10 itens
2026-08-06 17:50:27 | INFO    |     - drive_docs: 23 itens
2026-08-06 17:50:27 | INFO    |     - drive_shared_files: 12 itens
2026-08-06 17:50:27 | INFO    |     - education: 1 itens
2026-08-06 17:50:27 | INFO    |     - family: 1 itens
2026-08-06 17:50:27 | INFO    |     - github_repos: 3 itens
2026-08-06 17:50:27 | INFO    |     - Gmail Principal: 87 itens
2026-08-06 17:50:27 | INFO    |     - Gmail Trabalho: 82 itens
2026-08-06 17:50:27 | INFO    |     - gmail_linked_accounts: 17 itens
2026-08-06 17:50:27 | INFO    |     - gmail_notifications: 22 itens
2026-08-06 17:50:27 | INFO    |     - google_docs: 40 itens
2026-08-06 17:50:27 | INFO    |     - hardware: 2 itens
2026-08-06 17:50:27 | INFO    |     - jubileu: 4 itens
2026-08-06 17:50:27 | INFO    |     - mary_kay: 1 itens
2026-08-06 17:50:27 | INFO    |     - neon_orbit: 1 itens
2026-08-06 17:50:27 | INFO    |     - onedrive: 1 itens
2026-08-06 17:50:27 | INFO    |     - personal: 2 itens
2026-08-06 17:50:27 | INFO    |     - reddit_godot: 1 itens
2026-08-06 17:50:27 | INFO    |     - router: 1 itens
2026-08-06 17:50:27 | INFO    |     - security: 1 itens
2026-08-06 17:50:27 | INFO    |     - sparkhub: 1 itens
2026-08-06 17:50:27 | INFO    |     - storage_parser: 1 itens
2026-08-06 17:50:27 | INFO    |     - sync_audit: 25 itens
2026-08-06 17:50:27 | INFO    |     - system_status: 16 itens
2026-08-06 17:50:27 | INFO    |     - terabox: 1 itens
2026-08-06 17:50:27 | INFO    |     - tiktok_shop: 1 itens
2026-08-06 17:50:27 | INFO    |     - web_research_insights: 144 itens
2026-08-06 18:47:07 | INFO    | [AUTO-DISCOVERY] Mapeados 756 programas/atalhos em D:\SparkHub\mapa_executaveis.csv
2026-08-06 18:47:11 | INFO    | [AUTO-DISCOVERY] Mapeados 756 programas/atalhos em D:\SparkHub\mapa_executaveis.csv
2026-08-06 18:47:26 | INFO    | [AUTO-DISCOVERY] Mapeados 756 programas/atalhos em D:\SparkHub\mapa_executaveis.csv
2026-08-06 18:48:08 | INFO    | [AUTO-DISCOVERY] Mapeados 756 programas/atalhos em D:\SparkHub\mapa_executaveis.csv
2026-08-06 18:48:08 | INFO    | === SERVIDOR SPARKHUB v3.0 (SHELLEXECUTE / AUTO-DISCOVERY / CLI) RODANDO NA PORTA 8000 ===
2026-08-06 18:48:08 | INFO    | Execucao nativa na sessao interativa com os.startfile() e auditoria pos-acao.
2026-08-06 18:48:08 | INFO    | === SERVIDOR SPARKHUB v3.0 RODANDO EM http://127.0.0.1:8000/ ===
2026-08-06 18:50:36 | INFO    | [MEMPALACE] Resumo completo de agrupamento (Total: 711):
2026-08-06 18:50:36 | INFO    |     - 3d: 1 itens
2026-08-06 18:50:36 | INFO    |     - Diretorios: 4 itens
2026-08-06 18:50:36 | INFO    |     - Edicao: 1 itens
2026-08-06 18:50:36 | INFO    |     - Fisica: 1 itens
2026-08-06 18:50:36 | INFO    |     - MCP: 1 itens
2026-08-06 18:50:36 | INFO    |     - RH: 8 itens
2026-08-06 18:50:36 | INFO    |     - SalaComum: 9 itens
2026-08-06 18:50:36 | INFO    |     - TestRoom: 5 itens
2026-08-06 18:50:36 | INFO    |     - Validacao: 1 itens
2026-08-06 18:50:36 | INFO    |     - Windows_MCP: 7 itens
2026-08-06 18:50:36 | INFO    |     - accounts_contacts: 2 itens
2026-08-06 18:50:36 | INFO    |     - agent_tasks: 35 itens
2026-08-06 18:50:36 | INFO    |     - alerts: 14 itens
2026-08-06 18:50:36 | INFO    |     - android_and_pc_registrations: 37 itens
2026-08-06 18:50:36 | INFO    |     - antigravity: 1 itens
2026-08-06 18:50:36 | INFO    |     - career: 1 itens
2026-08-06 18:50:36 | INFO    |     - delika: 1 itens
2026-08-06 18:50:36 | INFO    |     - design: 1 itens
2026-08-06 18:50:36 | INFO    |     - dev: 1 itens
2026-08-06 18:50:36 | INFO    |     - Drive Principal: 79 itens
2026-08-06 18:50:36 | INFO    |     - Drive Trabalho: 10 itens
2026-08-06 18:50:36 | INFO    |     - drive_docs: 23 itens
2026-08-06 18:50:36 | INFO    |     - drive_shared_files: 12 itens
2026-08-06 18:50:36 | INFO    |     - education: 1 itens
2026-08-06 18:50:36 | INFO    |     - family: 1 itens
2026-08-06 18:50:36 | INFO    |     - github_repos: 3 itens
2026-08-06 18:50:36 | INFO    |     - Gmail Principal: 87 itens
2026-08-06 18:50:36 | INFO    |     - Gmail Trabalho: 82 itens
2026-08-06 18:50:36 | INFO    |     - gmail_linked_accounts: 17 itens
2026-08-06 18:50:36 | INFO    |     - gmail_notifications: 22 itens
2026-08-06 18:50:36 | INFO    |     - google_docs: 40 itens
2026-08-06 18:50:36 | INFO    |     - hardware: 2 itens
2026-08-06 18:50:36 | INFO    |     - jubileu: 4 itens
2026-08-06 18:50:36 | INFO    |     - mary_kay: 1 itens
2026-08-06 18:50:36 | INFO    |     - neon_orbit: 1 itens
2026-08-06 18:50:36 | INFO    |     - onedrive: 1 itens
2026-08-06 18:50:36 | INFO    |     - personal: 2 itens
2026-08-06 18:50:36 | INFO    |     - reddit_godot: 1 itens
2026-08-06 18:50:36 | INFO    |     - router: 1 itens
2026-08-06 18:50:36 | INFO    |     - security: 1 itens
2026-08-06 18:50:36 | INFO    |     - sparkhub: 1 itens
2026-08-06 18:50:36 | INFO    |     - storage_parser: 1 itens
2026-08-06 18:50:36 | INFO    |     - sync_audit: 25 itens
2026-08-06 18:50:36 | INFO    |     - system_status: 16 itens
2026-08-06 18:50:36 | INFO    |     - terabox: 1 itens
2026-08-06 18:50:36 | INFO    |     - tiktok_shop: 1 itens
2026-08-06 18:50:36 | INFO    |     - web_research_insights: 144 itens
2026-08-06 19:08:24 | INFO    | [MEMPALACE] Resumo completo de agrupamento (Total: 711):
2026-08-06 19:08:24 | INFO    |     - 3d: 1 itens
2026-08-06 19:08:24 | INFO    |     - Diretorios: 4 itens
2026-08-06 19:08:24 | INFO    |     - Edicao: 1 itens
2026-08-06 19:08:24 | INFO    |     - Fisica: 1 itens
2026-08-06 19:08:24 | INFO    |     - MCP: 1 itens
2026-08-06 19:08:24 | INFO    |     - RH: 8 itens
2026-08-06 19:08:24 | INFO    |     - SalaComum: 9 itens
2026-08-06 19:08:24 | INFO    |     - TestRoom: 5 itens
2026-08-06 19:08:24 | INFO    |     - Validacao: 1 itens
2026-08-06 19:08:24 | INFO    |     - Windows_MCP: 7 itens
2026-08-06 19:08:24 | INFO    |     - accounts_contacts: 2 itens
2026-08-06 19:08:24 | INFO    |     - agent_tasks: 35 itens
2026-08-06 19:08:24 | INFO    |     - alerts: 14 itens
2026-08-06 19:08:24 | INFO    |     - android_and_pc_registrations: 37 itens
2026-08-06 19:08:24 | INFO    |     - antigravity: 1 itens
2026-08-06 19:08:24 | INFO    |     - career: 1 itens
2026-08-06 19:08:24 | INFO    |     - delika: 1 itens
2026-08-06 19:08:24 | INFO    |     - design: 1 itens
2026-08-06 19:08:24 | INFO    |     - dev: 1 itens
2026-08-06 19:08:24 | INFO    |     - Drive Principal: 79 itens
2026-08-06 19:08:24 | INFO    |     - Drive Trabalho: 10 itens
2026-08-06 19:08:24 | INFO    |     - drive_docs: 23 itens
2026-08-06 19:08:24 | INFO    |     - drive_shared_files: 12 itens
2026-08-06 19:08:24 | INFO    |     - education: 1 itens
2026-08-06 19:08:24 | INFO    |     - family: 1 itens
2026-08-06 19:08:24 | INFO    |     - github_repos: 3 itens
2026-08-06 19:08:24 | INFO    |     - Gmail Principal: 87 itens
2026-08-06 19:08:24 | INFO    |     - Gmail Trabalho: 82 itens
2026-08-06 19:08:24 | INFO    |     - gmail_linked_accounts: 17 itens
2026-08-06 19:08:24 | INFO    |     - gmail_notifications: 22 itens
2026-08-06 19:08:24 | INFO    |     - google_docs: 40 itens
2026-08-06 19:08:24 | INFO    |     - hardware: 2 itens
2026-08-06 19:08:24 | INFO    |     - jubileu: 4 itens
2026-08-06 19:08:24 | INFO    |     - mary_kay: 1 itens
2026-08-06 19:08:24 | INFO    |     - neon_orbit: 1 itens
2026-08-06 19:08:24 | INFO    |     - onedrive: 1 itens
2026-08-06 19:08:24 | INFO    |     - personal: 2 itens
2026-08-06 19:08:24 | INFO    |     - reddit_godot: 1 itens
2026-08-06 19:08:24 | INFO    |     - router: 1 itens
2026-08-06 19:08:24 | INFO    |     - security: 1 itens
2026-08-06 19:08:24 | INFO    |     - sparkhub: 1 itens
2026-08-06 19:08:24 | INFO    |     - storage_parser: 1 itens
2026-08-06 19:08:24 | INFO    |     - sync_audit: 25 itens
2026-08-06 19:08:24 | INFO    |     - system_status: 16 itens
2026-08-06 19:08:24 | INFO    |     - terabox: 1 itens
2026-08-06 19:08:24 | INFO    |     - tiktok_shop: 1 itens
2026-08-06 19:08:24 | INFO    |     - web_research_insights: 144 itens
2026-08-06 19:10:38 | INFO    | [ORQUESTRADOR] Rota 5 (Raciocínio) ativada.
2026-08-06 19:10:40 | ERROR   | [ROTEADOR WARN] Camada 1 falhou (HTTP Error 404: Not Found). Acionando Camada 2...
2026-08-06 19:10:41 | ERROR   | [ROTEADOR WARN] Camada 2 falhou ([ERRO API] HTTP Error 401: Unauthorized). Acionando Camada 3...
2026-08-06 19:10:41 | ERROR   | [ROTEADOR WARN] Camada 3 falhou com HTTP 429:
{
  "error": {
    "code": 429,
    "message": "You exceeded your current quota, please check your plan and billing details. For more information on this error, head to: https://ai.google.dev/gemini-api/docs/rate-limits. To monitor your current usage, head to: https://ai.dev/rate-limit. \n* Quota exceeded for metric: generativelanguage.googleapis.com/generate_content_free_tier_input_token_count, limit: 0, model: gemini-2.0-flash\n* Quota exceeded for metric: generativelanguage.googleapis.com/generate_content_free_tier_requests, limit: 0, model: gemini-2.0-flash\n* Quota exceeded for metric: generativelanguage.googleapis.com/generate_content_free_tier_requests, limit: 0, model: gemini-2.0-flash\nPlease retry in 18.29342399s.",
    "status": "RESOURCE_EXHAUSTED",
    "details": [
      {
        "@type": "type.googleapis.com/google.rpc.Help",
        "links": [
          {
            "description": "Learn more about Gemini API quotas",
            "url": "https://ai.google.dev/gemini-api/docs/rate-limits"
          }
        ]
      },
      {
        "@type": "type.googleapis.com/google.rpc.QuotaFailure",
        "violations": [
          {
            "quotaMetric": "generativelanguage.googleapis.com/generate_content_free_tier_input_token_count",
            "quotaId": "GenerateContentInputTokensPerModelPerMinute-FreeTier",
            "quotaDimensions": {
              "location": "global",
              "model": "gemini-2.0-flash"
            }
          },
          {
            "quotaMetric": "generativelanguage.googleapis.com/generate_content_free_tier_requests",
            "quotaId": "GenerateRequestsPerMinutePerProjectPerModel-FreeTier",
            "quotaDimensions": {
              "location": "global",
              "model": "gemini-2.0-flash"
            }
          },
          {
            "quotaMetric": "generativelanguage.googleapis.com/generate_content_free_tier_requests",
            "quotaId": "GenerateRequestsPerDayPerProjectPerModel-FreeTier",
            "quotaDimensions": {
              "location": "global",
              "model": "gemini-2.0-flash"
            }
          }
        ]
      },
      {
        "@type": "type.googleapis.com/google.rpc.RetryInfo",
        "retryDelay": "18s"
      }
    ]
  }
}

2026-08-06 19:10:42 | INFO    | [MEMPALACE] Resumo completo de agrupamento (Total: 712):
2026-08-06 19:10:42 | INFO    |     - 3d: 1 itens
2026-08-06 19:10:42 | INFO    |     - Diretorios: 4 itens
2026-08-06 19:10:42 | INFO    |     - Edicao: 1 itens
2026-08-06 19:10:42 | INFO    |     - Fisica: 1 itens
2026-08-06 19:10:42 | INFO    |     - MCP: 1 itens
2026-08-06 19:10:42 | INFO    |     - RH: 8 itens
2026-08-06 19:10:42 | INFO    |     - SalaComum: 9 itens
2026-08-06 19:10:42 | INFO    |     - TestRoom: 5 itens
2026-08-06 19:10:42 | INFO    |     - Validacao: 1 itens
2026-08-06 19:10:42 | INFO    |     - Windows_MCP: 7 itens
2026-08-06 19:10:42 | INFO    |     - accounts_contacts: 2 itens
2026-08-06 19:10:42 | INFO    |     - agent_tasks: 36 itens
2026-08-06 19:10:42 | INFO    |     - alerts: 14 itens
2026-08-06 19:10:42 | INFO    |     - android_and_pc_registrations: 37 itens
2026-08-06 19:10:42 | INFO    |     - antigravity: 1 itens
2026-08-06 19:10:42 | INFO    |     - career: 1 itens
2026-08-06 19:10:42 | INFO    |     - delika: 1 itens
2026-08-06 19:10:42 | INFO    |     - design: 1 itens
2026-08-06 19:10:42 | INFO    |     - dev: 1 itens
2026-08-06 19:10:42 | INFO    |     - Drive Principal: 79 itens
2026-08-06 19:10:42 | INFO    |     - Drive Trabalho: 10 itens
2026-08-06 19:10:42 | INFO    |     - drive_docs: 23 itens
2026-08-06 19:10:42 | INFO    |     - drive_shared_files: 12 itens
2026-08-06 19:10:42 | INFO    |     - education: 1 itens
2026-08-06 19:10:42 | INFO    |     - family: 1 itens
2026-08-06 19:10:42 | INFO    |     - github_repos: 3 itens
2026-08-06 19:10:42 | INFO    |     - Gmail Principal: 87 itens
2026-08-06 19:10:42 | INFO    |     - Gmail Trabalho: 82 itens
2026-08-06 19:10:42 | INFO    |     - gmail_linked_accounts: 17 itens
2026-08-06 19:10:42 | INFO    |     - gmail_notifications: 22 itens
2026-08-06 19:10:42 | INFO    |     - google_docs: 40 itens
2026-08-06 19:10:42 | INFO    |     - hardware: 2 itens
2026-08-06 19:10:42 | INFO    |     - jubileu: 4 itens
2026-08-06 19:10:42 | INFO    |     - mary_kay: 1 itens
2026-08-06 19:10:42 | INFO    |     - neon_orbit: 1 itens
2026-08-06 19:10:42 | INFO    |     - onedrive: 1 itens
2026-08-06 19:10:42 | INFO    |     - personal: 2 itens
2026-08-06 19:10:42 | INFO    |     - reddit_godot: 1 itens
2026-08-06 19:10:42 | INFO    |     - router: 1 itens
2026-08-06 19:10:42 | INFO    |     - security: 1 itens
2026-08-06 19:10:42 | INFO    |     - sparkhub: 1 itens
2026-08-06 19:10:42 | INFO    |     - storage_parser: 1 itens
2026-08-06 19:10:42 | INFO    |     - sync_audit: 25 itens
2026-08-06 19:10:42 | INFO    |     - system_status: 16 itens
2026-08-06 19:10:42 | INFO    |     - terabox: 1 itens
2026-08-06 19:10:42 | INFO    |     - tiktok_shop: 1 itens
2026-08-06 19:10:42 | INFO    |     - web_research_insights: 144 itens
2026-08-06 19:14:27 | INFO    | [ORQUESTRADOR] Rota 5 (Raciocínio) ativada.
2026-08-06 19:14:30 | ERROR   | [ROTEADOR WARN] Camada 1 falhou (HTTP Error 404: Not Found). Acionando Camada 2...
2026-08-06 19:14:30 | ERROR   | [ROTEADOR WARN] Camada 2 falhou ([ERRO API] HTTP Error 401: Unauthorized). Acionando Camada 3...
2026-08-06 19:14:30 | ERROR   | [ROTEADOR WARN] Camada 3 falhou com HTTP 429:
{
  "error": {
    "code": 429,
    "message": "You exceeded your current quota, please check your plan and billing details. For more information on this error, head to: https://ai.google.dev/gemini-api/docs/rate-limits. To monitor your current usage, head to: https://ai.dev/rate-limit. \n* Quota exceeded for metric: generativelanguage.googleapis.com/generate_content_free_tier_requests, limit: 0, model: gemini-2.0-flash\n* Quota exceeded for metric: generativelanguage.googleapis.com/generate_content_free_tier_requests, limit: 0, model: gemini-2.0-flash\n* Quota exceeded for metric: generativelanguage.googleapis.com/generate_content_free_tier_input_token_count, limit: 0, model: gemini-2.0-flash\nPlease retry in 28.932734917s.",
    "status": "RESOURCE_EXHAUSTED",
    "details": [
      {
        "@type": "type.googleapis.com/google.rpc.Help",
        "links": [
          {
            "description": "Learn more about Gemini API quotas",
            "url": "https://ai.google.dev/gemini-api/docs/rate-limits"
          }
        ]
      },
      {
        "@type": "type.googleapis.com/google.rpc.QuotaFailure",
        "violations": [
          {
            "quotaMetric": "generativelanguage.googleapis.com/generate_content_free_tier_requests",
            "quotaId": "GenerateRequestsPerDayPerProjectPerModel-FreeTier",
            "quotaDimensions": {
              "location": "global",
              "model": "gemini-2.0-flash"
            }
          },
          {
            "quotaMetric": "generativelanguage.googleapis.com/generate_content_free_tier_requests",
            "quotaId": "GenerateRequestsPerMinutePerProjectPerModel-FreeTier",
            "quotaDimensions": {
              "model": "gemini-2.0-flash",
              "location": "global"
            }
          },
          {
            "quotaMetric": "generativelanguage.googleapis.com/generate_content_free_tier_input_token_count",
            "quotaId": "GenerateContentInputTokensPerModelPerMinute-FreeTier",
            "quotaDimensions": {
              "model": "gemini-2.0-flash",
              "location": "global"
            }
          }
        ]
      },
      {
        "@type": "type.googleapis.com/google.rpc.RetryInfo",
        "retryDelay": "28s"
      }
    ]
  }
}

2026-08-06 19:14:31 | INFO    | [MEMPALACE] Resumo completo de agrupamento (Total: 713):
2026-08-06 19:14:31 | INFO    |     - 3d: 1 itens
2026-08-06 19:14:31 | INFO    |     - Diretorios: 4 itens
2026-08-06 19:14:31 | INFO    |     - Edicao: 1 itens
2026-08-06 19:14:31 | INFO    |     - Fisica: 1 itens
2026-08-06 19:14:31 | INFO    |     - MCP: 1 itens
2026-08-06 19:14:31 | INFO    |     - RH: 8 itens
2026-08-06 19:14:31 | INFO    |     - SalaComum: 9 itens
2026-08-06 19:14:31 | INFO    |     - TestRoom: 5 itens
2026-08-06 19:14:31 | INFO    |     - Validacao: 1 itens
2026-08-06 19:14:31 | INFO    |     - Windows_MCP: 7 itens
2026-08-06 19:14:31 | INFO    |     - accounts_contacts: 2 itens
2026-08-06 19:14:31 | INFO    |     - agent_tasks: 37 itens
2026-08-06 19:14:31 | INFO    |     - alerts: 14 itens
2026-08-06 19:14:31 | INFO    |     - android_and_pc_registrations: 37 itens
2026-08-06 19:14:31 | INFO    |     - antigravity: 1 itens
2026-08-06 19:14:31 | INFO    |     - career: 1 itens
2026-08-06 19:14:31 | INFO    |     - delika: 1 itens
2026-08-06 19:14:31 | INFO    |     - design: 1 itens
2026-08-06 19:14:31 | INFO    |     - dev: 1 itens
2026-08-06 19:14:31 | INFO    |     - Drive Principal: 79 itens
2026-08-06 19:14:31 | INFO    |     - Drive Trabalho: 10 itens
2026-08-06 19:14:31 | INFO    |     - drive_docs: 23 itens
2026-08-06 19:14:31 | INFO    |     - drive_shared_files: 12 itens
2026-08-06 19:14:31 | INFO    |     - education: 1 itens
2026-08-06 19:14:31 | INFO    |     - family: 1 itens
2026-08-06 19:14:31 | INFO    |     - github_repos: 3 itens
2026-08-06 19:14:31 | INFO    |     - Gmail Principal: 87 itens
2026-08-06 19:14:31 | INFO    |     - Gmail Trabalho: 82 itens
2026-08-06 19:14:31 | INFO    |     - gmail_linked_accounts: 17 itens
2026-08-06 19:14:31 | INFO    |     - gmail_notifications: 22 itens
2026-08-06 19:14:31 | INFO    |     - google_docs: 40 itens
2026-08-06 19:14:31 | INFO    |     - hardware: 2 itens
2026-08-06 19:14:31 | INFO    |     - jubileu: 4 itens
2026-08-06 19:14:31 | INFO    |     - mary_kay: 1 itens
2026-08-06 19:14:31 | INFO    |     - neon_orbit: 1 itens
2026-08-06 19:14:31 | INFO    |     - onedrive: 1 itens
2026-08-06 19:14:31 | INFO    |     - personal: 2 itens
2026-08-06 19:14:31 | INFO    |     - reddit_godot: 1 itens
2026-08-06 19:14:31 | INFO    |     - router: 1 itens
2026-08-06 19:14:31 | INFO    |     - security: 1 itens
2026-08-06 19:14:31 | INFO    |     - sparkhub: 1 itens
2026-08-06 19:14:31 | INFO    |     - storage_parser: 1 itens
2026-08-06 19:14:31 | INFO    |     - sync_audit: 25 itens
2026-08-06 19:14:31 | INFO    |     - system_status: 16 itens
2026-08-06 19:14:31 | INFO    |     - terabox: 1 itens
2026-08-06 19:14:31 | INFO    |     - tiktok_shop: 1 itens
2026-08-06 19:14:31 | INFO    |     - web_research_insights: 144 itens
2026-08-06 19:17:43 | INFO    | [AUTO-DISCOVERY] Mapeados 756 programas/atalhos em D:\SparkHub\mapa_executaveis.csv
2026-08-06 19:17:43 | INFO    | === SERVIDOR SPARKHUB v3.0 (SHELLEXECUTE / AUTO-DISCOVERY / CLI) RODANDO NA PORTA 8000 ===
2026-08-06 19:17:43 | INFO    | Execucao nativa na sessao interativa com os.startfile() e auditoria pos-acao.
2026-08-06 19:17:43 | INFO    | === SERVIDOR SPARKHUB v3.0 RODANDO EM http://127.0.0.1:8000/ ===
2026-08-06 19:17:44 | INFO    | [ORQUESTRADOR] Rota 5 (Raciocínio) ativada.
2026-08-06 19:17:47 | ERROR   | [ROTEADOR WARN] Camada 1 falhou (HTTP Error 404: Not Found). Acionando Camada 2...
2026-08-06 19:17:47 | ERROR   | [ROTEADOR WARN] Camada 2 falhou ([ERRO API] HTTP Error 429: Too Many Requests). Acionando Camada 3...
2026-08-06 19:17:47 | ERROR   | [ROTEADOR WARN] Camada 3 falhou com HTTP 429:
{
  "error": {
    "code": 429,
    "message": "You exceeded your current quota, please check your plan and billing details. For more information on this error, head to: https://ai.google.dev/gemini-api/docs/rate-limits. To monitor your current usage, head to: https://ai.dev/rate-limit. \n* Quota exceeded for metric: generativelanguage.googleapis.com/generate_content_free_tier_input_token_count, limit: 0, model: gemini-2.0-flash\n* Quota exceeded for metric: generativelanguage.googleapis.com/generate_content_free_tier_requests, limit: 0, model: gemini-2.0-flash\n* Quota exceeded for metric: generativelanguage.googleapis.com/generate_content_free_tier_requests, limit: 0, model: gemini-2.0-flash\nPlease retry in 11.858594043s.",
    "status": "RESOURCE_EXHAUSTED",
    "details": [
      {
        "@type": "type.googleapis.com/google.rpc.Help",
        "links": [
          {
            "description": "Learn more about Gemini API quotas",
            "url": "https://ai.google.dev/gemini-api/docs/rate-limits"
          }
        ]
      },
      {
        "@type": "type.googleapis.com/google.rpc.QuotaFailure",
        "violations": [
          {
            "quotaMetric": "generativelanguage.googleapis.com/generate_content_free_tier_input_token_count",
            "quotaId": "GenerateContentInputTokensPerModelPerMinute-FreeTier",
            "quotaDimensions": {
              "model": "gemini-2.0-flash",
              "location": "global"
            }
          },
          {
            "quotaMetric": "generativelanguage.googleapis.com/generate_content_free_tier_requests",
            "quotaId": "GenerateRequestsPerMinutePerProjectPerModel-FreeTier",
            "quotaDimensions": {
              "location": "global",
              "model": "gemini-2.0-flash"
            }
          },
          {
            "quotaMetric": "generativelanguage.googleapis.com/generate_content_free_tier_requests",
            "quotaId": "GenerateRequestsPerDayPerProjectPerModel-FreeTier",
            "quotaDimensions": {
              "location": "global",
              "model": "gemini-2.0-flash"
            }
          }
        ]
      },
      {
        "@type": "type.googleapis.com/google.rpc.RetryInfo",
        "retryDelay": "11s"
      }
    ]
  }
}

2026-08-06 19:29:03 | INFO    | [MEMPALACE] Resumo completo de agrupamento (Total: 713):
2026-08-06 19:29:03 | INFO    |     - 3d: 1 itens
2026-08-06 19:29:03 | INFO    |     - Diretorios: 4 itens
2026-08-06 19:29:03 | INFO    |     - Edicao: 1 itens
2026-08-06 19:29:03 | INFO    |     - Fisica: 1 itens
2026-08-06 19:29:03 | INFO    |     - MCP: 1 itens
2026-08-06 19:29:03 | INFO    |     - RH: 8 itens
2026-08-06 19:29:03 | INFO    |     - SalaComum: 9 itens
2026-08-06 19:29:03 | INFO    |     - TestRoom: 5 itens
2026-08-06 19:29:03 | INFO    |     - Validacao: 1 itens
2026-08-06 19:29:03 | INFO    |     - Windows_MCP: 7 itens
2026-08-06 19:29:03 | INFO    |     - accounts_contacts: 2 itens
2026-08-06 19:29:03 | INFO    |     - agent_tasks: 37 itens
2026-08-06 19:29:03 | INFO    |     - alerts: 14 itens
2026-08-06 19:29:03 | INFO    |     - android_and_pc_registrations: 37 itens
2026-08-06 19:29:03 | INFO    |     - antigravity: 1 itens
2026-08-06 19:29:03 | INFO    |     - career: 1 itens
2026-08-06 19:29:03 | INFO    |     - delika: 1 itens
2026-08-06 19:29:03 | INFO    |     - design: 1 itens
2026-08-06 19:29:03 | INFO    |     - dev: 1 itens
2026-08-06 19:29:03 | INFO    |     - Drive Principal: 79 itens
2026-08-06 19:29:03 | INFO    |     - Drive Trabalho: 10 itens
2026-08-06 19:29:03 | INFO    |     - drive_docs: 23 itens
2026-08-06 19:29:03 | INFO    |     - drive_shared_files: 12 itens
2026-08-06 19:29:03 | INFO    |     - education: 1 itens
2026-08-06 19:29:03 | INFO    |     - family: 1 itens
2026-08-06 19:29:03 | INFO    |     - github_repos: 3 itens
2026-08-06 19:29:03 | INFO    |     - Gmail Principal: 87 itens
2026-08-06 19:29:03 | INFO    |     - Gmail Trabalho: 82 itens
2026-08-06 19:29:03 | INFO    |     - gmail_linked_accounts: 17 itens
2026-08-06 19:29:03 | INFO    |     - gmail_notifications: 22 itens
2026-08-06 19:29:03 | INFO    |     - google_docs: 40 itens
2026-08-06 19:29:03 | INFO    |     - hardware: 2 itens
2026-08-06 19:29:03 | INFO    |     - jubileu: 4 itens
2026-08-06 19:29:03 | INFO    |     - mary_kay: 1 itens
2026-08-06 19:29:03 | INFO    |     - neon_orbit: 1 itens
2026-08-06 19:29:03 | INFO    |     - onedrive: 1 itens
2026-08-06 19:29:03 | INFO    |     - personal: 2 itens
2026-08-06 19:29:03 | INFO    |     - reddit_godot: 1 itens
2026-08-06 19:29:03 | INFO    |     - router: 1 itens
2026-08-06 19:29:03 | INFO    |     - security: 1 itens
2026-08-06 19:29:03 | INFO    |     - sparkhub: 1 itens
2026-08-06 19:29:03 | INFO    |     - storage_parser: 1 itens
2026-08-06 19:29:03 | INFO    |     - sync_audit: 25 itens
2026-08-06 19:29:03 | INFO    |     - system_status: 16 itens
2026-08-06 19:29:03 | INFO    |     - terabox: 1 itens
2026-08-06 19:29:03 | INFO    |     - tiktok_shop: 1 itens
2026-08-06 19:29:03 | INFO    |     - web_research_insights: 144 itens
2026-08-06 19:29:16 | INFO    | [AUTO-DISCOVERY] Mapeados 756 programas/atalhos em D:\SparkHub\mapa_executaveis.csv
2026-08-06 19:29:16 | INFO    | === SERVIDOR SPARKHUB v3.0 (SHELLEXECUTE / AUTO-DISCOVERY / CLI) RODANDO NA PORTA 8000 ===
2026-08-06 19:29:16 | INFO    | Execucao nativa na sessao interativa com os.startfile() e auditoria pos-acao.
2026-08-06 19:29:16 | INFO    | === SERVIDOR SPARKHUB v3.0 RODANDO EM http://127.0.0.1:8000/ ===
2026-08-06 19:36:51 | ERROR   | [ROTEADOR WARN] Camada 1 falhou (timed out). Acionando Camada 2...
2026-08-06 19:36:51 | ERROR   | [ROTEADOR WARN] Camada 2 falhou ([ERRO API] HTTP Error 401: Unauthorized). Acionando Camada 3...
2026-08-06 19:36:51 | ERROR   | [ROTEADOR WARN] Camada 3 falhou com HTTP 429:
{
  "error": {
    "code": 429,
    "message": "You exceeded your current quota, please check your plan and billing details. For more information on this error, head to: https://ai.google.dev/gemini-api/docs/rate-limits. To monitor your current usage, head to: https://ai.dev/rate-limit. \n* Quota exceeded for metric: generativelanguage.googleapis.com/generate_content_free_tier_requests, limit: 0, model: gemini-2.0-flash\n* Quota exceeded for metric: generativelanguage.googleapis.com/generate_content_free_tier_requests, limit: 0, model: gemini-2.0-flash\n* Quota exceeded for metric: generativelanguage.googleapis.com/generate_content_free_tier_input_token_count, limit: 0, model: gemini-2.0-flash\nPlease retry in 7.888163343s.",
    "status": "RESOURCE_EXHAUSTED",
    "details": [
      {
        "@type": "type.googleapis.com/google.rpc.Help",
        "links": [
          {
            "description": "Learn more about Gemini API quotas",
            "url": "https://ai.google.dev/gemini-api/docs/rate-limits"
          }
        ]
      },
      {
        "@type": "type.googleapis.com/google.rpc.QuotaFailure",
        "violations": [
          {
            "quotaMetric": "generativelanguage.googleapis.com/generate_content_free_tier_requests",
            "quotaId": "GenerateRequestsPerDayPerProjectPerModel-FreeTier",
            "quotaDimensions": {
              "location": "global",
              "model": "gemini-2.0-flash"
            }
          },
          {
            "quotaMetric": "generativelanguage.googleapis.com/generate_content_free_tier_requests",
            "quotaId": "GenerateRequestsPerMinutePerProjectPerModel-FreeTier",
            "quotaDimensions": {
              "location": "global",
              "model": "gemini-2.0-flash"
            }
          },
          {
            "quotaMetric": "generativelanguage.googleapis.com/generate_content_free_tier_input_token_count",
            "quotaId": "GenerateContentInputTokensPerModelPerMinute-FreeTier",
            "quotaDimensions": {
              "location": "global",
              "model": "gemini-2.0-flash"
            }
          }
        ]
      },
      {
        "@type": "type.googleapis.com/google.rpc.RetryInfo",
        "retryDelay": "7s"
      }
    ]
  }
}

2026-08-06 19:39:28 | ERROR   | [ROTEADOR WARN] Camada 1 falhou (timed out). Acionando Camada 2...
2026-08-06 19:39:28 | ERROR   | [ROTEADOR WARN] Camada 2 falhou ([ERRO API] HTTP Error 401: Unauthorized). Acionando Camada 3...
2026-08-06 19:39:28 | ERROR   | [ROTEADOR WARN] Camada 3 falhou com HTTP 429:
{
  "error": {
    "code": 429,
    "message": "You exceeded your current quota, please check your plan and billing details. For more information on this error, head to: https://ai.google.dev/gemini-api/docs/rate-limits. To monitor your current usage, head to: https://ai.dev/rate-limit. \n* Quota exceeded for metric: generativelanguage.googleapis.com/generate_content_free_tier_requests, limit: 0, model: gemini-2.0-flash\n* Quota exceeded for metric: generativelanguage.googleapis.com/generate_content_free_tier_requests, limit: 0, model: gemini-2.0-flash\n* Quota exceeded for metric: generativelanguage.googleapis.com/generate_content_free_tier_input_token_count, limit: 0, model: gemini-2.0-flash\nPlease retry in 31.171060227s.",
    "status": "RESOURCE_EXHAUSTED",
    "details": [
      {
        "@type": "type.googleapis.com/google.rpc.Help",
        "links": [
          {
            "description": "Learn more about Gemini API quotas",
            "url": "https://ai.google.dev/gemini-api/docs/rate-limits"
          }
        ]
      },
      {
        "@type": "type.googleapis.com/google.rpc.QuotaFailure",
        "violations": [
          {
            "quotaMetric": "generativelanguage.googleapis.com/generate_content_free_tier_requests",
            "quotaId": "GenerateRequestsPerDayPerProjectPerModel-FreeTier",
            "quotaDimensions": {
              "location": "global",
              "model": "gemini-2.0-flash"
            }
          },
          {
            "quotaMetric": "generativelanguage.googleapis.com/generate_content_free_tier_requests",
            "quotaId": "GenerateRequestsPerMinutePerProjectPerModel-FreeTier",
            "quotaDimensions": {
              "model": "gemini-2.0-flash",
              "location": "global"
            }
          },
          {
            "quotaMetric": "generativelanguage.googleapis.com/generate_content_free_tier_input_token_count",
            "quotaId": "GenerateContentInputTokensPerModelPerMinute-FreeTier",
            "quotaDimensions": {
              "location": "global",
              "model": "gemini-2.0-flash"
            }
          }
        ]
      },
      {
        "@type": "type.googleapis.com/google.rpc.RetryInfo",
        "retryDelay": "31s"
      }
    ]
  }
}

2026-08-06 19:44:51 | INFO    | [ROTEADOR SUCESSO] Resposta via Camada 1 (Tamanho: 114)
2026-08-06 19:47:41 | INFO    | [ORQUESTRADOR] Rota 5 (Raciocínio) ativada.
2026-08-06 19:47:54 | ERROR   | [ROTEADOR WARN] Camada 1 falhou (timed out). Acionando Camada 2...
2026-08-06 19:47:54 | ERROR   | [ROTEADOR WARN] Camada 2 falhou ([ERRO API] HTTP Error 429: Too Many Requests). Acionando Camada 3...
2026-08-06 19:47:54 | ERROR   | [ROTEADOR WARN] Camada 3 falhou com HTTP 429:
{
  "error": {
    "code": 429,
    "message": "You exceeded your current quota, please check your plan and billing details. For more information on this error, head to: https://ai.google.dev/gemini-api/docs/rate-limits. To monitor your current usage, head to: https://ai.dev/rate-limit. \n* Quota exceeded for metric: generativelanguage.googleapis.com/generate_content_free_tier_requests, limit: 0, model: gemini-2.0-flash\n* Quota exceeded for metric: generativelanguage.googleapis.com/generate_content_free_tier_requests, limit: 0, model: gemini-2.0-flash\n* Quota exceeded for metric: generativelanguage.googleapis.com/generate_content_free_tier_input_token_count, limit: 0, model: gemini-2.0-flash\nPlease retry in 5.254175441s.",
    "status": "RESOURCE_EXHAUSTED",
    "details": [
      {
        "@type": "type.googleapis.com/google.rpc.Help",
        "links": [
          {
            "description": "Learn more about Gemini API quotas",
            "url": "https://ai.google.dev/gemini-api/docs/rate-limits"
          }
        ]
      },
      {
        "@type": "type.googleapis.com/google.rpc.QuotaFailure",
        "violations": [
          {
            "quotaMetric": "generativelanguage.googleapis.com/generate_content_free_tier_requests",
            "quotaId": "GenerateRequestsPerDayPerProjectPerModel-FreeTier",
            "quotaDimensions": {
              "model": "gemini-2.0-flash",
              "location": "global"
            }
          },
          {
            "quotaMetric": "generativelanguage.googleapis.com/generate_content_free_tier_requests",
            "quotaId": "GenerateRequestsPerMinutePerProjectPerModel-FreeTier",
            "quotaDimensions": {
              "location": "global",
              "model": "gemini-2.0-flash"
            }
          },
          {
            "quotaMetric": "generativelanguage.googleapis.com/generate_content_free_tier_input_token_count",
            "quotaId": "GenerateContentInputTokensPerModelPerMinute-FreeTier",
            "quotaDimensions": {
              "location": "global",
              "model": "gemini-2.0-flash"
            }
          }
        ]
      },
      {
        "@type": "type.googleapis.com/google.rpc.RetryInfo",
        "retryDelay": "5s"
      }
    ]
  }
}

2026-08-06 19:47:56 | INFO    | [MEMPALACE] Resumo completo de agrupamento (Total: 714):
2026-08-06 19:47:56 | INFO    |     - 3d: 1 itens
2026-08-06 19:47:56 | INFO    |     - Diretorios: 4 itens
2026-08-06 19:47:56 | INFO    |     - Edicao: 1 itens
2026-08-06 19:47:56 | INFO    |     - Fisica: 1 itens
2026-08-06 19:47:56 | INFO    |     - MCP: 1 itens
2026-08-06 19:47:56 | INFO    |     - RH: 8 itens
2026-08-06 19:47:56 | INFO    |     - SalaComum: 9 itens
2026-08-06 19:47:56 | INFO    |     - TestRoom: 5 itens
2026-08-06 19:47:56 | INFO    |     - Validacao: 1 itens
2026-08-06 19:47:56 | INFO    |     - Windows_MCP: 7 itens
2026-08-06 19:47:56 | INFO    |     - accounts_contacts: 2 itens
2026-08-06 19:47:56 | INFO    |     - agent_tasks: 38 itens
2026-08-06 19:47:56 | INFO    |     - alerts: 14 itens
2026-08-06 19:47:56 | INFO    |     - android_and_pc_registrations: 37 itens
2026-08-06 19:47:56 | INFO    |     - antigravity: 1 itens
2026-08-06 19:47:56 | INFO    |     - career: 1 itens
2026-08-06 19:47:56 | INFO    |     - delika: 1 itens
2026-08-06 19:47:56 | INFO    |     - design: 1 itens
2026-08-06 19:47:56 | INFO    |     - dev: 1 itens
2026-08-06 19:47:56 | INFO    |     - Drive Principal: 79 itens
2026-08-06 19:47:56 | INFO    |     - Drive Trabalho: 10 itens
2026-08-06 19:47:56 | INFO    |     - drive_docs: 23 itens
2026-08-06 19:47:56 | INFO    |     - drive_shared_files: 12 itens
2026-08-06 19:47:56 | INFO    |     - education: 1 itens
2026-08-06 19:47:56 | INFO    |     - family: 1 itens
2026-08-06 19:47:56 | INFO    |     - github_repos: 3 itens
2026-08-06 19:47:56 | INFO    |     - Gmail Principal: 87 itens
2026-08-06 19:47:56 | INFO    |     - Gmail Trabalho: 82 itens
2026-08-06 19:47:56 | INFO    |     - gmail_linked_accounts: 17 itens
2026-08-06 19:47:56 | INFO    |     - gmail_notifications: 22 itens
2026-08-06 19:47:56 | INFO    |     - google_docs: 40 itens
2026-08-06 19:47:56 | INFO    |     - hardware: 2 itens
2026-08-06 19:47:56 | INFO    |     - jubileu: 4 itens
2026-08-06 19:47:56 | INFO    |     - mary_kay: 1 itens
2026-08-06 19:47:56 | INFO    |     - neon_orbit: 1 itens
2026-08-06 19:47:56 | INFO    |     - onedrive: 1 itens
2026-08-06 19:47:56 | INFO    |     - personal: 2 itens
2026-08-06 19:47:56 | INFO    |     - reddit_godot: 1 itens
2026-08-06 19:47:56 | INFO    |     - router: 1 itens
2026-08-06 19:47:56 | INFO    |     - security: 1 itens
2026-08-06 19:47:56 | INFO    |     - sparkhub: 1 itens
2026-08-06 19:47:56 | INFO    |     - storage_parser: 1 itens
2026-08-06 19:47:56 | INFO    |     - sync_audit: 25 itens
2026-08-06 19:47:56 | INFO    |     - system_status: 16 itens
2026-08-06 19:47:56 | INFO    |     - terabox: 1 itens
2026-08-06 19:47:56 | INFO    |     - tiktok_shop: 1 itens
2026-08-06 19:47:56 | INFO    |     - web_research_insights: 144 itens
2026-08-06 19:49:18 | ERROR   | [ROTEADOR WARN] Camada 1 falhou (<urlopen error [WinError 10061] Nenhuma conexão pôde ser feita porque a máquina de destino as recusou ativamente>). Acionando Camada 2...
2026-08-06 19:49:18 | ERROR   | [ROTEADOR WARN] Camada 2 falhou ([ERRO API] HTTP Error 401: Unauthorized). Acionando Camada 3...
2026-08-06 19:49:19 | ERROR   | [ROTEADOR WARN] Camada 3 falhou com HTTP 429:
{
  "error": {
    "code": 429,
    "message": "You exceeded your current quota, please check your plan and billing details. For more information on this error, head to: https://ai.google.dev/gemini-api/docs/rate-limits. To monitor your current usage, head to: https://ai.dev/rate-limit. \n* Quota exceeded for metric: generativelanguage.googleapis.com/generate_content_free_tier_requests, limit: 0, model: gemini-2.0-flash\n* Quota exceeded for metric: generativelanguage.googleapis.com/generate_content_free_tier_requests, limit: 0, model: gemini-2.0-flash\n* Quota exceeded for metric: generativelanguage.googleapis.com/generate_content_free_tier_input_token_count, limit: 0, model: gemini-2.0-flash\nPlease retry in 40.454504247s.",
    "status": "RESOURCE_EXHAUSTED",
    "details": [
      {
        "@type": "type.googleapis.com/google.rpc.Help",
        "links": [
          {
            "description": "Learn more about Gemini API quotas",
            "url": "https://ai.google.dev/gemini-api/docs/rate-limits"
          }
        ]
      },
      {
        "@type": "type.googleapis.com/google.rpc.QuotaFailure",
        "violations": [
          {
            "quotaMetric": "generativelanguage.googleapis.com/generate_content_free_tier_requests",
            "quotaId": "GenerateRequestsPerDayPerProjectPerModel-FreeTier",
            "quotaDimensions": {
              "location": "global",
              "model": "gemini-2.0-flash"
            }
          },
          {
            "quotaMetric": "generativelanguage.googleapis.com/generate_content_free_tier_requests",
            "quotaId": "GenerateRequestsPerMinutePerProjectPerModel-FreeTier",
            "quotaDimensions": {
              "location": "global",
              "model": "gemini-2.0-flash"
            }
          },
          {
            "quotaMetric": "generativelanguage.googleapis.com/generate_content_free_tier_input_token_count",
            "quotaId": "GenerateContentInputTokensPerModelPerMinute-FreeTier",
            "quotaDimensions": {
              "location": "global",
              "model": "gemini-2.0-flash"
            }
          }
        ]
      },
      {
        "@type": "type.googleapis.com/google.rpc.RetryInfo",
        "retryDelay": "40s"
      }
    ]
  }
}

2026-08-06 19:53:17 | ERROR   | [ROTEADOR WARN] Camada 1 falhou (<urlopen error [WinError 10061] Nenhuma conexão pôde ser feita porque a máquina de destino as recusou ativamente>). Acionando Camada 2...
2026-08-06 19:53:17 | ERROR   | [ROTEADOR WARN] Camada 2 falhou ([ERRO API] HTTP Error 429: Too Many Requests). Acionando Camada 3...
2026-08-06 19:53:17 | ERROR   | [ROTEADOR WARN] Camada 3 falhou com HTTP 429:
{
  "error": {
    "code": 429,
    "message": "You exceeded your current quota, please check your plan and billing details. For more information on this error, head to: https://ai.google.dev/gemini-api/docs/rate-limits. To monitor your current usage, head to: https://ai.dev/rate-limit. \n* Quota exceeded for metric: generativelanguage.googleapis.com/generate_content_free_tier_input_token_count, limit: 0, model: gemini-2.0-flash\n* Quota exceeded for metric: generativelanguage.googleapis.com/generate_content_free_tier_requests, limit: 0, model: gemini-2.0-flash\n* Quota exceeded for metric: generativelanguage.googleapis.com/generate_content_free_tier_requests, limit: 0, model: gemini-2.0-flash\nPlease retry in 41.89163816s.",
    "status": "RESOURCE_EXHAUSTED",
    "details": [
      {
        "@type": "type.googleapis.com/google.rpc.Help",
        "links": [
          {
            "description": "Learn more about Gemini API quotas",
            "url": "https://ai.google.dev/gemini-api/docs/rate-limits"
          }
        ]
      },
      {
        "@type": "type.googleapis.com/google.rpc.QuotaFailure",
        "violations": [
          {
            "quotaMetric": "generativelanguage.googleapis.com/generate_content_free_tier_input_token_count",
            "quotaId": "GenerateContentInputTokensPerModelPerMinute-FreeTier",
            "quotaDimensions": {
              "location": "global",
              "model": "gemini-2.0-flash"
            }
          },
          {
            "quotaMetric": "generativelanguage.googleapis.com/generate_content_free_tier_requests",
            "quotaId": "GenerateRequestsPerMinutePerProjectPerModel-FreeTier",
            "quotaDimensions": {
              "model": "gemini-2.0-flash",
              "location": "global"
            }
          },
          {
            "quotaMetric": "generativelanguage.googleapis.com/generate_content_free_tier_requests",
            "quotaId": "GenerateRequestsPerDayPerProjectPerModel-FreeTier",
            "quotaDimensions": {
              "model": "gemini-2.0-flash",
              "location": "global"
            }
          }
        ]
      },
      {
        "@type": "type.googleapis.com/google.rpc.RetryInfo",
        "retryDelay": "41s"
      }
    ]
  }
}

2026-08-06 20:45:24 | INFO    | [MEMPALACE] Resumo completo de agrupamento (Total: 714):
2026-08-06 20:45:24 | INFO    |     - 3d: 1 itens
2026-08-06 20:45:24 | INFO    |     - Diretorios: 4 itens
2026-08-06 20:45:24 | INFO    |     - Edicao: 1 itens
2026-08-06 20:45:24 | INFO    |     - Fisica: 1 itens
2026-08-06 20:45:24 | INFO    |     - MCP: 1 itens
2026-08-06 20:45:24 | INFO    |     - RH: 8 itens
2026-08-06 20:45:24 | INFO    |     - SalaComum: 9 itens
2026-08-06 20:45:24 | INFO    |     - TestRoom: 5 itens
2026-08-06 20:45:24 | INFO    |     - Validacao: 1 itens
2026-08-06 20:45:24 | INFO    |     - Windows_MCP: 7 itens
2026-08-06 20:45:24 | INFO    |     - accounts_contacts: 2 itens
2026-08-06 20:45:24 | INFO    |     - agent_tasks: 38 itens
2026-08-06 20:45:24 | INFO    |     - alerts: 14 itens
2026-08-06 20:45:24 | INFO    |     - android_and_pc_registrations: 37 itens
2026-08-06 20:45:24 | INFO    |     - antigravity: 1 itens
2026-08-06 20:45:24 | INFO    |     - career: 1 itens
2026-08-06 20:45:24 | INFO    |     - delika: 1 itens
2026-08-06 20:45:24 | INFO    |     - design: 1 itens
2026-08-06 20:45:24 | INFO    |     - dev: 1 itens
2026-08-06 20:45:24 | INFO    |     - Drive Principal: 79 itens
2026-08-06 20:45:24 | INFO    |     - Drive Trabalho: 10 itens
2026-08-06 20:45:24 | INFO    |     - drive_docs: 23 itens
2026-08-06 20:45:24 | INFO    |     - drive_shared_files: 12 itens
2026-08-06 20:45:24 | INFO    |     - education: 1 itens
2026-08-06 20:45:24 | INFO    |     - family: 1 itens
2026-08-06 20:45:24 | INFO    |     - github_repos: 3 itens
2026-08-06 20:45:24 | INFO    |     - Gmail Principal: 87 itens
2026-08-06 20:45:24 | INFO    |     - Gmail Trabalho: 82 itens
2026-08-06 20:45:24 | INFO    |     - gmail_linked_accounts: 17 itens
2026-08-06 20:45:24 | INFO    |     - gmail_notifications: 22 itens
2026-08-06 20:45:24 | INFO    |     - google_docs: 40 itens
2026-08-06 20:45:24 | INFO    |     - hardware: 2 itens
2026-08-06 20:45:24 | INFO    |     - jubileu: 4 itens
2026-08-06 20:45:24 | INFO    |     - mary_kay: 1 itens
2026-08-06 20:45:24 | INFO    |     - neon_orbit: 1 itens
2026-08-06 20:45:24 | INFO    |     - onedrive: 1 itens
2026-08-06 20:45:24 | INFO    |     - personal: 2 itens
2026-08-06 20:45:24 | INFO    |     - reddit_godot: 1 itens
2026-08-06 20:45:24 | INFO    |     - router: 1 itens
2026-08-06 20:45:24 | INFO    |     - security: 1 itens
2026-08-06 20:45:24 | INFO    |     - sparkhub: 1 itens
2026-08-06 20:45:24 | INFO    |     - storage_parser: 1 itens
2026-08-06 20:45:24 | INFO    |     - sync_audit: 25 itens
2026-08-06 20:45:24 | INFO    |     - system_status: 16 itens
2026-08-06 20:45:24 | INFO    |     - terabox: 1 itens
2026-08-06 20:45:24 | INFO    |     - tiktok_shop: 1 itens
2026-08-06 20:45:24 | INFO    |     - web_research_insights: 144 itens
2026-08-06 20:45:56 | INFO    | [AUTO-DISCOVERY] Mapeados 757 programas/atalhos em D:\SparkHub\mapa_executaveis.csv
2026-08-06 20:45:56 | INFO    | === SERVIDOR SPARKHUB v3.0 (SHELLEXECUTE / AUTO-DISCOVERY / CLI) RODANDO NA PORTA 8000 ===
2026-08-06 20:45:56 | INFO    | Execucao nativa na sessao interativa com os.startfile() e auditoria pos-acao.
2026-08-06 20:45:56 | INFO    | === SERVIDOR SPARKHUB v3.0 RODANDO EM http://127.0.0.1:8000/ ===
2026-08-06 21:27:00 | INFO    | [MEMPALACE] Resumo completo de agrupamento (Total: 714):
2026-08-06 21:27:00 | INFO    |     - 3d: 1 itens
2026-08-06 21:27:00 | INFO    |     - Diretorios: 4 itens
2026-08-06 21:27:00 | INFO    |     - Edicao: 1 itens
2026-08-06 21:27:00 | INFO    |     - Fisica: 1 itens
2026-08-06 21:27:00 | INFO    |     - MCP: 1 itens
2026-08-06 21:27:00 | INFO    |     - RH: 8 itens
2026-08-06 21:27:00 | INFO    |     - SalaComum: 9 itens
2026-08-06 21:27:00 | INFO    |     - TestRoom: 5 itens
2026-08-06 21:27:00 | INFO    |     - Validacao: 1 itens
2026-08-06 21:27:00 | INFO    |     - Windows_MCP: 7 itens
2026-08-06 21:27:00 | INFO    |     - accounts_contacts: 2 itens
2026-08-06 21:27:00 | INFO    |     - agent_tasks: 38 itens
2026-08-06 21:27:00 | INFO    |     - alerts: 14 itens
2026-08-06 21:27:00 | INFO    |     - android_and_pc_registrations: 37 itens
2026-08-06 21:27:00 | INFO    |     - antigravity: 1 itens
2026-08-06 21:27:00 | INFO    |     - career: 1 itens
2026-08-06 21:27:00 | INFO    |     - delika: 1 itens
2026-08-06 21:27:00 | INFO    |     - design: 1 itens
2026-08-06 21:27:00 | INFO    |     - dev: 1 itens
2026-08-06 21:27:00 | INFO    |     - Drive Principal: 79 itens
2026-08-06 21:27:00 | INFO    |     - Drive Trabalho: 10 itens
2026-08-06 21:27:00 | INFO    |     - drive_docs: 23 itens
2026-08-06 21:27:00 | INFO    |     - drive_shared_files: 12 itens
2026-08-06 21:27:00 | INFO    |     - education: 1 itens
2026-08-06 21:27:00 | INFO    |     - family: 1 itens
2026-08-06 21:27:00 | INFO    |     - github_repos: 3 itens
2026-08-06 21:27:00 | INFO    |     - Gmail Principal: 87 itens
2026-08-06 21:27:00 | INFO    |     - Gmail Trabalho: 82 itens
2026-08-06 21:27:00 | INFO    |     - gmail_linked_accounts: 17 itens
2026-08-06 21:27:00 | INFO    |     - gmail_notifications: 22 itens
2026-08-06 21:27:00 | INFO    |     - google_docs: 40 itens
2026-08-06 21:27:00 | INFO    |     - hardware: 2 itens
2026-08-06 21:27:00 | INFO    |     - jubileu: 4 itens
2026-08-06 21:27:00 | INFO    |     - mary_kay: 1 itens
2026-08-06 21:27:00 | INFO    |     - neon_orbit: 1 itens
2026-08-06 21:27:00 | INFO    |     - onedrive: 1 itens
2026-08-06 21:27:00 | INFO    |     - personal: 2 itens
2026-08-06 21:27:00 | INFO    |     - reddit_godot: 1 itens
2026-08-06 21:27:00 | INFO    |     - router: 1 itens
2026-08-06 21:27:00 | INFO    |     - security: 1 itens
2026-08-06 21:27:00 | INFO    |     - sparkhub: 1 itens
2026-08-06 21:27:00 | INFO    |     - storage_parser: 1 itens
2026-08-06 21:27:00 | INFO    |     - sync_audit: 25 itens
2026-08-06 21:27:00 | INFO    |     - system_status: 16 itens
2026-08-06 21:27:00 | INFO    |     - terabox: 1 itens
2026-08-06 21:27:00 | INFO    |     - tiktok_shop: 1 itens
2026-08-06 21:27:00 | INFO    |     - web_research_insights: 144 itens
2026-08-06 21:27:07 | INFO    | [AUTO-DISCOVERY] Mapeados 757 programas/atalhos em D:\SparkHub\mapa_executaveis.csv
2026-08-06 21:27:07 | INFO    | === SERVIDOR SPARKHUB v3.0 (SHELLEXECUTE / AUTO-DISCOVERY / CLI) RODANDO NA PORTA 8000 ===
2026-08-06 21:27:07 | INFO    | Execucao nativa na sessao interativa com os.startfile() e auditoria pos-acao.
2026-08-06 21:27:07 | INFO    | === SERVIDOR SPARKHUB v3.0 RODANDO EM http://127.0.0.1:8000/ ===
2026-08-06 21:29:49 | INFO    | [ROTEADOR SUCESSO] Resposta via Camada 1 (Tamanho: 80)
2026-08-06 21:30:41 | INFO    | [MCP METHOD] tools/call (id=1)
2026-08-06 21:30:42 | INFO    | [ORQUESTRADOR] Rota 5 (Raciocínio) ativada.
2026-08-06 21:32:16 | INFO    | [ROTEADOR SUCESSO] Resposta via Camada 1 (Tamanho: 39)
2026-08-06 21:32:16 | INFO    | [MCP METHOD] tools/call (id=1)
2026-08-06 21:32:22 | INFO    | [MCP METHOD] tools/call (id=1)
2026-08-06 21:32:22 | INFO    | [ORQUESTRADOR] Rota 5 (Raciocínio) ativada.
2026-08-06 21:32:25 | INFO    | [ROTEADOR SUCESSO] Resposta via Camada 1 (Tamanho: 39)
2026-08-06 21:51:37 | INFO    | [MCP METHOD] tools/call (id=None)
2026-08-06 21:51:38 | INFO    | [MCP METHOD] tools/call (id=None)
2026-08-06 21:51:39 | INFO    | [MCP METHOD] tools/call (id=None)
2026-08-06 21:51:40 | INFO    | [MCP METHOD] tools/call (id=None)
2026-08-06 21:52:06 | INFO    | [MCP METHOD] tools/call (id=None)
2026-08-06 21:52:08 | INFO    | [MCP METHOD] tools/call (id=None)
2026-08-06 21:52:10 | INFO    | [MCP METHOD] tools/call (id=None)
2026-08-06 21:52:12 | INFO    | [MCP METHOD] tools/call (id=None)
2026-08-06 21:52:27 | INFO    | [MCP METHOD] tools/call (id=None)
2026-08-06 21:52:28 | INFO    | [ORQUESTRADOR] Rota 5 (Raciocínio) ativada.
2026-08-06 21:52:32 | ERROR   | [ROTEADOR WARN] Camada 1 falhou (<urlopen error [WinError 10061] Nenhuma conexão pôde ser feita porque a máquina de destino as recusou ativamente>). Acionando Camada 2...
2026-08-06 21:52:33 | INFO    | [ROTEADOR SUCESSO] Resposta via Camada 2 (Tamanho: 40)
2026-08-06 21:52:53 | INFO    | [MCP METHOD] tools/call (id=None)
2026-08-06 21:52:54 | INFO    | [MCP METHOD] tools/call (id=None)
2026-08-06 21:52:55 | INFO    | [MCP METHOD] tools/call (id=None)
2026-08-06 21:52:56 | INFO    | [MCP METHOD] tools/call (id=None)
2026-08-06 21:54:01 | INFO    | [MCP METHOD] tools/call (id=None)
2026-08-06 22:20:06 | INFO    | [MEMPALACE] Resumo completo de agrupamento (Total: 714):
2026-08-06 22:20:06 | INFO    |     - 3d: 1 itens
2026-08-06 22:20:06 | INFO    |     - Diretorios: 4 itens
2026-08-06 22:20:06 | INFO    |     - Edicao: 1 itens
2026-08-06 22:20:06 | INFO    |     - Fisica: 1 itens
2026-08-06 22:20:06 | INFO    |     - MCP: 1 itens
2026-08-06 22:20:06 | INFO    |     - RH: 8 itens
2026-08-06 22:20:06 | INFO    |     - SalaComum: 9 itens
2026-08-06 22:20:06 | INFO    |     - TestRoom: 5 itens
2026-08-06 22:20:06 | INFO    |     - Validacao: 1 itens
2026-08-06 22:20:06 | INFO    |     - Windows_MCP: 7 itens
2026-08-06 22:20:06 | INFO    |     - accounts_contacts: 2 itens
2026-08-06 22:20:06 | INFO    |     - agent_tasks: 38 itens
2026-08-06 22:20:06 | INFO    |     - alerts: 14 itens
2026-08-06 22:20:06 | INFO    |     - android_and_pc_registrations: 37 itens
2026-08-06 22:20:06 | INFO    |     - antigravity: 1 itens
2026-08-06 22:20:06 | INFO    |     - career: 1 itens
2026-08-06 22:20:06 | INFO    |     - delika: 1 itens
2026-08-06 22:20:06 | INFO    |     - design: 1 itens
2026-08-06 22:20:06 | INFO    |     - dev: 1 itens
2026-08-06 22:20:06 | INFO    |     - Drive Principal: 79 itens
2026-08-06 22:20:06 | INFO    |     - Drive Trabalho: 10 itens
2026-08-06 22:20:06 | INFO    |     - drive_docs: 23 itens
2026-08-06 22:20:06 | INFO    |     - drive_shared_files: 12 itens
2026-08-06 22:20:06 | INFO    |     - education: 1 itens
2026-08-06 22:20:06 | INFO    |     - family: 1 itens
2026-08-06 22:20:06 | INFO    |     - github_repos: 3 itens
2026-08-06 22:20:06 | INFO    |     - Gmail Principal: 87 itens
2026-08-06 22:20:06 | INFO    |     - Gmail Trabalho: 82 itens
2026-08-06 22:20:06 | INFO    |     - gmail_linked_accounts: 17 itens
2026-08-06 22:20:06 | INFO    |     - gmail_notifications: 22 itens
2026-08-06 22:20:06 | INFO    |     - google_docs: 40 itens
2026-08-06 22:20:06 | INFO    |     - hardware: 2 itens
2026-08-06 22:20:06 | INFO    |     - jubileu: 4 itens
2026-08-06 22:20:06 | INFO    |     - mary_kay: 1 itens
2026-08-06 22:20:06 | INFO    |     - neon_orbit: 1 itens
2026-08-06 22:20:06 | INFO    |     - onedrive: 1 itens
2026-08-06 22:20:06 | INFO    |     - personal: 2 itens
2026-08-06 22:20:06 | INFO    |     - reddit_godot: 1 itens
2026-08-06 22:20:06 | INFO    |     - router: 1 itens
2026-08-06 22:20:06 | INFO    |     - security: 1 itens
2026-08-06 22:20:06 | INFO    |     - sparkhub: 1 itens
2026-08-06 22:20:06 | INFO    |     - storage_parser: 1 itens
2026-08-06 22:20:06 | INFO    |     - sync_audit: 25 itens
2026-08-06 22:20:06 | INFO    |     - system_status: 16 itens
2026-08-06 22:20:06 | INFO    |     - terabox: 1 itens
2026-08-06 22:20:06 | INFO    |     - tiktok_shop: 1 itens
2026-08-06 22:20:06 | INFO    |     - web_research_insights: 144 itens
2026-08-06 22:20:16 | INFO    | [AUTO-DISCOVERY] Mapeados 758 programas/atalhos em D:\SparkHub\mapa_executaveis.csv
2026-08-06 22:20:16 | INFO    | [AUTO-DISCOVERY] Mapeados 758 programas/atalhos em D:\SparkHub\mapa_executaveis.csv
2026-08-06 22:20:16 | INFO    | === SERVIDOR SPARKHUB v3.0 (SHELLEXECUTE / AUTO-DISCOVERY / CLI) RODANDO NA PORTA 8000 ===
2026-08-06 22:20:16 | INFO    | Execucao nativa na sessao interativa com os.startfile() e auditoria pos-acao.
2026-08-06 22:20:16 | INFO    | [API] Uma instância já está rodando. Encerrando.
2026-08-06 22:20:16 | INFO    | === SERVIDOR SPARKHUB v3.0 RODANDO EM http://127.0.0.1:8000/ ===
2026-08-06 22:22:19 | INFO    | [ORQUESTRADOR] Rota 5 (Raciocínio) ativada.
2026-08-06 22:22:24 | ERROR   | [ROTEADOR WARN] Camada 1 falhou (<urlopen error [WinError 10061] Nenhuma conexão pôde ser feita porque a máquina de destino as recusou ativamente>). Acionando Camada 2...
2026-08-06 22:22:27 | INFO    | [ROTEADOR] Tool Call Interceptado: search_gmail {'query': 'projetos inconclusos ou projeto paralisado orçamento bloqueado'}
2026-08-06 22:22:34 | INFO    | [ROTEADOR] Tool Call Interceptado: search_gmail {'query': 'projetos'}
2026-08-06 22:22:39 | INFO    | [ROTEADOR] Tool Call Interceptado: search_gmail {'query': 'bloqueado ou paralisado'}
2026-08-06 22:22:44 | INFO    | [MEMPALACE] Resumo completo de agrupamento (Total: 715):
2026-08-06 22:22:44 | INFO    |     - 3d: 1 itens
2026-08-06 22:22:44 | INFO    |     - Diretorios: 4 itens
2026-08-06 22:22:44 | INFO    |     - Edicao: 1 itens
2026-08-06 22:22:44 | INFO    |     - Fisica: 1 itens
2026-08-06 22:22:44 | INFO    |     - MCP: 1 itens
2026-08-06 22:22:44 | INFO    |     - RH: 8 itens
2026-08-06 22:22:44 | INFO    |     - SalaComum: 9 itens
2026-08-06 22:22:44 | INFO    |     - TestRoom: 5 itens
2026-08-06 22:22:44 | INFO    |     - Validacao: 1 itens
2026-08-06 22:22:44 | INFO    |     - Windows_MCP: 7 itens
2026-08-06 22:22:44 | INFO    |     - accounts_contacts: 2 itens
2026-08-06 22:22:44 | INFO    |     - agent_tasks: 39 itens
2026-08-06 22:22:44 | INFO    |     - alerts: 14 itens
2026-08-06 22:22:44 | INFO    |     - android_and_pc_registrations: 37 itens
2026-08-06 22:22:44 | INFO    |     - antigravity: 1 itens
2026-08-06 22:22:44 | INFO    |     - career: 1 itens
2026-08-06 22:22:44 | INFO    |     - delika: 1 itens
2026-08-06 22:22:44 | INFO    |     - design: 1 itens
2026-08-06 22:22:44 | INFO    |     - dev: 1 itens
2026-08-06 22:22:44 | INFO    |     - Drive Principal: 79 itens
2026-08-06 22:22:44 | INFO    |     - Drive Trabalho: 10 itens
2026-08-06 22:22:44 | INFO    |     - drive_docs: 23 itens
2026-08-06 22:22:44 | INFO    |     - drive_shared_files: 12 itens
2026-08-06 22:22:44 | INFO    |     - education: 1 itens
2026-08-06 22:22:44 | INFO    |     - family: 1 itens
2026-08-06 22:22:44 | INFO    |     - github_repos: 3 itens
2026-08-06 22:22:44 | INFO    |     - Gmail Principal: 87 itens
2026-08-06 22:22:44 | INFO    |     - Gmail Trabalho: 82 itens
2026-08-06 22:22:44 | INFO    |     - gmail_linked_accounts: 17 itens
2026-08-06 22:22:44 | INFO    |     - gmail_notifications: 22 itens
2026-08-06 22:22:44 | INFO    |     - google_docs: 40 itens
2026-08-06 22:22:44 | INFO    |     - hardware: 2 itens
2026-08-06 22:22:44 | INFO    |     - jubileu: 4 itens
2026-08-06 22:22:44 | INFO    |     - mary_kay: 1 itens
2026-08-06 22:22:44 | INFO    |     - neon_orbit: 1 itens
2026-08-06 22:22:44 | INFO    |     - onedrive: 1 itens
2026-08-06 22:22:44 | INFO    |     - personal: 2 itens
2026-08-06 22:22:44 | INFO    |     - reddit_godot: 1 itens
2026-08-06 22:22:44 | INFO    |     - router: 1 itens
2026-08-06 22:22:44 | INFO    |     - security: 1 itens
2026-08-06 22:22:44 | INFO    |     - sparkhub: 1 itens
2026-08-06 22:22:44 | INFO    |     - storage_parser: 1 itens
2026-08-06 22:22:44 | INFO    |     - sync_audit: 25 itens
2026-08-06 22:22:44 | INFO    |     - system_status: 16 itens
2026-08-06 22:22:44 | INFO    |     - terabox: 1 itens
2026-08-06 22:22:44 | INFO    |     - tiktok_shop: 1 itens
2026-08-06 22:22:44 | INFO    |     - web_research_insights: 144 itens
2026-08-06 22:34:56 | INFO    | [AUTO-DISCOVERY] Mapeados 758 programas/atalhos em D:\SparkHub\mapa_executaveis.csv
2026-08-06 22:34:56 | INFO    | === SERVIDOR SPARKHUB v3.0 (SHELLEXECUTE / AUTO-DISCOVERY / CLI) RODANDO NA PORTA 8000 ===
2026-08-06 22:34:56 | INFO    | Execucao nativa na sessao interativa com os.startfile() e auditoria pos-acao.
2026-08-06 22:34:56 | INFO    | === SERVIDOR SPARKHUB v3.0 RODANDO EM http://127.0.0.1:8000/ ===
2026-08-06 22:34:57 | INFO    | [MEMPALACE] Resumo completo de agrupamento (Total: 715):
2026-08-06 22:34:57 | INFO    |     - 3d: 1 itens
2026-08-06 22:34:57 | INFO    |     - Diretorios: 4 itens
2026-08-06 22:34:57 | INFO    |     - Edicao: 1 itens
2026-08-06 22:34:57 | INFO    |     - Fisica: 1 itens
2026-08-06 22:34:57 | INFO    |     - MCP: 1 itens
2026-08-06 22:34:57 | INFO    |     - RH: 8 itens
2026-08-06 22:34:57 | INFO    |     - SalaComum: 9 itens
2026-08-06 22:34:57 | INFO    |     - TestRoom: 5 itens
2026-08-06 22:34:57 | INFO    |     - Validacao: 1 itens
2026-08-06 22:34:57 | INFO    |     - Windows_MCP: 7 itens
2026-08-06 22:34:57 | INFO    |     - accounts_contacts: 2 itens
2026-08-06 22:34:57 | INFO    |     - agent_tasks: 39 itens
2026-08-06 22:34:57 | INFO    |     - alerts: 14 itens
2026-08-06 22:34:57 | INFO    |     - android_and_pc_registrations: 37 itens
2026-08-06 22:34:57 | INFO    |     - antigravity: 1 itens
2026-08-06 22:34:57 | INFO    |     - career: 1 itens
2026-08-06 22:34:57 | INFO    |     - delika: 1 itens
2026-08-06 22:34:57 | INFO    |     - design: 1 itens
2026-08-06 22:34:57 | INFO    |     - dev: 1 itens
2026-08-06 22:34:57 | INFO    |     - Drive Principal: 79 itens
2026-08-06 22:34:57 | INFO    |     - Drive Trabalho: 10 itens
2026-08-06 22:34:57 | INFO    |     - drive_docs: 23 itens
2026-08-06 22:34:57 | INFO    |     - drive_shared_files: 12 itens
2026-08-06 22:34:57 | INFO    |     - education: 1 itens
2026-08-06 22:34:57 | INFO    |     - family: 1 itens
2026-08-06 22:34:57 | INFO    |     - github_repos: 3 itens
2026-08-06 22:34:57 | INFO    |     - Gmail Principal: 87 itens
2026-08-06 22:34:57 | INFO    |     - Gmail Trabalho: 82 itens
2026-08-06 22:34:57 | INFO    |     - gmail_linked_accounts: 17 itens
2026-08-06 22:34:57 | INFO    |     - gmail_notifications: 22 itens
2026-08-06 22:34:57 | INFO    |     - google_docs: 40 itens
2026-08-06 22:34:57 | INFO    |     - hardware: 2 itens
2026-08-06 22:34:57 | INFO    |     - jubileu: 4 itens
2026-08-06 22:34:57 | INFO    |     - mary_kay: 1 itens
2026-08-06 22:34:57 | INFO    |     - neon_orbit: 1 itens
2026-08-06 22:34:57 | INFO    |     - onedrive: 1 itens
2026-08-06 22:34:57 | INFO    |     - personal: 2 itens
2026-08-06 22:34:57 | INFO    |     - reddit_godot: 1 itens
2026-08-06 22:34:57 | INFO    |     - router: 1 itens
2026-08-06 22:34:57 | INFO    |     - security: 1 itens
2026-08-06 22:34:57 | INFO    |     - sparkhub: 1 itens
2026-08-06 22:34:57 | INFO    |     - storage_parser: 1 itens
2026-08-06 22:34:57 | INFO    |     - sync_audit: 25 itens
2026-08-06 22:34:57 | INFO    |     - system_status: 16 itens
2026-08-06 22:34:57 | INFO    |     - terabox: 1 itens
2026-08-06 22:34:57 | INFO    |     - tiktok_shop: 1 itens
2026-08-06 22:34:57 | INFO    |     - web_research_insights: 144 itens
2026-08-06 22:35:33 | ERROR   | [CASCATA] ollama indisponível/erro: [ERRO API] <urlopen error [WinError 10061] Nenhuma conexão pôde ser feita porque a máquina de destino as recusou ativamente>. Subindo camada.
2026-08-06 22:35:37 | ERROR   | [CASCATA] ollama indisponível/erro: [ERRO API] <urlopen error [WinError 10061] Nenhuma conexão pôde ser feita porque a máquina de destino as recusou ativamente>. Subindo camada.
2026-08-06 22:35:53 | ERROR   | [CASCATA] ollama indisponível/erro: [ERRO API] <urlopen error [WinError 10061] Nenhuma conexão pôde ser feita porque a máquina de destino as recusou ativamente>. Subindo camada.
2026-08-06 22:35:53 | ERROR   | [CASCATA] openrouter indisponível/erro: [ERRO API HTTP 401] {"error":{"message":"User not found.","code":401}}. Subindo camada.
2026-08-06 22:35:53 | ERROR   | [CASCATA] gemini indisponível/erro: [ERRO API HTTP 429] {
  "error": {
    "code": 429,
    "message": "You exceeded your current quota, please check your plan and billing details. For more information on this error, head to: https://ai.google.dev/gemini-api/docs/rate-limits. To monitor your current usage, head to: https://ai.dev/rate-limit. \n* Quota exceeded for metric: generativelanguage.googleapis.com/generate_content_free_tier_requests, limit: 0, model: gemini-2.0-flash\n* Quota exceeded for metric: generativelanguage.googleapis.com/generate_content_free_tier_requests, limit: 0, model: gemini-2.0-flash\n* Quota exceeded for metric: generativelanguage.googleapis.com/generate_content_free_tier_input_token_count, limit: 0, model: gemini-2.0-flash\nPlease retry in 5.753195026s.",
    "status": "RESOURCE_EXHAUSTED",
    "details": [
      {
        "@type": "type.googleapis.com/google.rpc.Help",
        "links": [
          {
            "description": "Learn more about Gemini API quotas",
            "url": "https://ai.google.dev/gemini-api/docs/rate-limits"
          }
        ]
      },
      {
        "@type": "type.googleapis.com/google.rpc.QuotaFailure",
        "violations": [
          {
            "quotaMetric": "generativelanguage.googleapis.com/generate_content_free_tier_requests",
            "quotaId": "GenerateRequestsPerDayPerProjectPerModel-FreeTier",
            "quotaDimensions": {
              "location": "global",
              "model": "gemini-2.0-flash"
            }
          },
          {
            "quotaMetric": "generativelanguage.googleapis.com/generate_content_free_tier_requests",
            "quotaId": "GenerateRequestsPerMinutePerProjectPerModel-FreeTier",
            "quotaDimensions": {
              "location": "global",
              "model": "gemini-2.0-flash"
            }
          },
          {
            "quotaMetric": "generativelanguage.googleapis.com/generate_content_free_tier_input_token_count",
            "quotaId": "GenerateContentInputTokensPerModelPerMinute-FreeTier",
            "quotaDimensions": {
              "model": "gemini-2.0-flash",
              "location": "global"
            }
          }
        ]
      },
      {
        "@type": "type.googleapis.com/google.rpc.RetryInfo",
        "retryDelay": "5s"
      }
    ]
  }
}
. Subindo camada.
2026-08-06 22:47:22 | INFO    | [ORQUESTRADOR] Rota 5 (Raciocínio) ativada.
2026-08-06 22:47:27 | ERROR   | [CASCATA] ollama indisponível/erro: [ERRO API] <urlopen error [WinError 10061] Nenhuma conexão pôde ser feita porque a máquina de destino as recusou ativamente>. Subindo camada.
2026-08-06 22:47:29 | INFO    | [ROTEADOR] Tool Call Interceptado (openrouter): search_gmail {'query': 'projeto incompleto projeto parado projeto não concluído tarefa pendente projeto finalizado'}
2026-08-06 22:47:33 | INFO    | [ROTEADOR] Tool Call Interceptado (openrouter): search_drive_docs {'query': 'projeto incompleto tarefa pendente andamento concluído'}
2026-08-06 22:47:38 | INFO    | [ROTEADOR] Tool Call Interceptado (openrouter): search_drive_docs {'query': 'projetos trabalho'}
2026-08-06 22:47:43 | WARNING | [CASCATA] Camada openrouter esgotou 3 iterações sem resposta. Avançando.
2026-08-06 22:47:44 | ERROR   | [CASCATA] deepseek indisponível/erro: [ERRO API HTTP 402] {"error":{"message":"Insufficient Balance","type":"unknown_error","param":null,"code":"invalid_request_error"}}. Subindo camada.
2026-08-06 22:47:44 | ERROR   | [CASCATA] gemini indisponível/erro: [ERRO API HTTP 429] {
  "error": {
    "code": 429,
    "message": "You exceeded your current quota, please check your plan and billing details. For more information on this error, head to: https://ai.google.dev/gemini-api/docs/rate-limits. To monitor your current usage, head to: https://ai.dev/rate-limit. \n* Quota exceeded for metric: generativelanguage.googleapis.com/generate_content_free_tier_input_token_count, limit: 0, model: gemini-2.0-flash\n* Quota exceeded for metric: generativelanguage.googleapis.com/generate_content_free_tier_requests, limit: 0, model: gemini-2.0-flash\n* Quota exceeded for metric: generativelanguage.googleapis.com/generate_content_free_tier_requests, limit: 0, model: gemini-2.0-flash\nPlease retry in 14.579912637s.",
    "status": "RESOURCE_EXHAUSTED",
    "details": [
      {
        "@type": "type.googleapis.com/google.rpc.Help",
        "links": [
          {
            "description": "Learn more about Gemini API quotas",
            "url": "https://ai.google.dev/gemini-api/docs/rate-limits"
          }
        ]
      },
      {
        "@type": "type.googleapis.com/google.rpc.QuotaFailure",
        "violations": [
          {
            "quotaMetric": "generativelanguage.googleapis.com/generate_content_free_tier_input_token_count",
            "quotaId": "GenerateContentInputTokensPerModelPerMinute-FreeTier",
            "quotaDimensions": {
              "location": "global",
              "model": "gemini-2.0-flash"
            }
          },
          {
            "quotaMetric": "generativelanguage.googleapis.com/generate_content_free_tier_requests",
            "quotaId": "GenerateRequestsPerMinutePerProjectPerModel-FreeTier",
            "quotaDimensions": {
              "location": "global",
              "model": "gemini-2.0-flash"
            }
          },
          {
            "quotaMetric": "generativelanguage.googleapis.com/generate_content_free_tier_requests",
            "quotaId": "GenerateRequestsPerDayPerProjectPerModel-FreeTier",
            "quotaDimensions": {
              "location": "global",
              "model": "gemini-2.0-flash"
            }
          }
        ]
      },
      {
        "@type": "type.googleapis.com/google.rpc.RetryInfo",
        "retryDelay": "14s"
      }
    ]
  }
}
. Subindo camada.
2026-08-06 22:47:47 | INFO    | [MEMPALACE] Resumo completo de agrupamento (Total: 716):
2026-08-06 22:47:47 | INFO    |     - 3d: 1 itens
2026-08-06 22:47:47 | INFO    |     - Diretorios: 4 itens
2026-08-06 22:47:47 | INFO    |     - Edicao: 1 itens
2026-08-06 22:47:47 | INFO    |     - Fisica: 1 itens
2026-08-06 22:47:47 | INFO    |     - MCP: 1 itens
2026-08-06 22:47:47 | INFO    |     - RH: 8 itens
2026-08-06 22:47:47 | INFO    |     - SalaComum: 9 itens
2026-08-06 22:47:47 | INFO    |     - TestRoom: 5 itens
2026-08-06 22:47:47 | INFO    |     - Validacao: 1 itens
2026-08-06 22:47:47 | INFO    |     - Windows_MCP: 7 itens
2026-08-06 22:47:47 | INFO    |     - accounts_contacts: 2 itens
2026-08-06 22:47:47 | INFO    |     - agent_tasks: 40 itens
2026-08-06 22:47:47 | INFO    |     - alerts: 14 itens
2026-08-06 22:47:47 | INFO    |     - android_and_pc_registrations: 37 itens
2026-08-06 22:47:47 | INFO    |     - antigravity: 1 itens
2026-08-06 22:47:47 | INFO    |     - career: 1 itens
2026-08-06 22:47:47 | INFO    |     - delika: 1 itens
2026-08-06 22:47:47 | INFO    |     - design: 1 itens
2026-08-06 22:47:47 | INFO    |     - dev: 1 itens
2026-08-06 22:47:47 | INFO    |     - Drive Principal: 79 itens
2026-08-06 22:47:47 | INFO    |     - Drive Trabalho: 10 itens
2026-08-06 22:47:47 | INFO    |     - drive_docs: 23 itens
2026-08-06 22:47:47 | INFO    |     - drive_shared_files: 12 itens
2026-08-06 22:47:47 | INFO    |     - education: 1 itens
2026-08-06 22:47:47 | INFO    |     - family: 1 itens
2026-08-06 22:47:47 | INFO    |     - github_repos: 3 itens
2026-08-06 22:47:47 | INFO    |     - Gmail Principal: 87 itens
2026-08-06 22:47:47 | INFO    |     - Gmail Trabalho: 82 itens
2026-08-06 22:47:47 | INFO    |     - gmail_linked_accounts: 17 itens
2026-08-06 22:47:47 | INFO    |     - gmail_notifications: 22 itens
2026-08-06 22:47:47 | INFO    |     - google_docs: 40 itens
2026-08-06 22:47:47 | INFO    |     - hardware: 2 itens
2026-08-06 22:47:47 | INFO    |     - jubileu: 4 itens
2026-08-06 22:47:47 | INFO    |     - mary_kay: 1 itens
2026-08-06 22:47:47 | INFO    |     - neon_orbit: 1 itens
2026-08-06 22:47:47 | INFO    |     - onedrive: 1 itens
2026-08-06 22:47:47 | INFO    |     - personal: 2 itens
2026-08-06 22:47:47 | INFO    |     - reddit_godot: 1 itens
2026-08-06 22:47:47 | INFO    |     - router: 1 itens
2026-08-06 22:47:47 | INFO    |     - security: 1 itens
2026-08-06 22:47:47 | INFO    |     - sparkhub: 1 itens
2026-08-06 22:47:47 | INFO    |     - storage_parser: 1 itens
2026-08-06 22:47:47 | INFO    |     - sync_audit: 25 itens
2026-08-06 22:47:47 | INFO    |     - system_status: 16 itens
2026-08-06 22:47:47 | INFO    |     - terabox: 1 itens
2026-08-06 22:47:47 | INFO    |     - tiktok_shop: 1 itens
2026-08-06 22:47:47 | INFO    |     - web_research_insights: 144 itens
2026-08-06 22:54:06 | INFO    | [MEMPALACE] Resumo completo de agrupamento (Total: 716):
2026-08-06 22:54:06 | INFO    |     - 3d: 1 itens
2026-08-06 22:54:06 | INFO    |     - Diretorios: 4 itens
2026-08-06 22:54:06 | INFO    |     - Edicao: 1 itens
2026-08-06 22:54:06 | INFO    |     - Fisica: 1 itens
2026-08-06 22:54:06 | INFO    |     - MCP: 1 itens
2026-08-06 22:54:06 | INFO    |     - RH: 8 itens
2026-08-06 22:54:06 | INFO    |     - SalaComum: 9 itens
2026-08-06 22:54:06 | INFO    |     - TestRoom: 5 itens
2026-08-06 22:54:06 | INFO    |     - Validacao: 1 itens
2026-08-06 22:54:06 | INFO    |     - Windows_MCP: 7 itens
2026-08-06 22:54:06 | INFO    |     - accounts_contacts: 2 itens
2026-08-06 22:54:06 | INFO    |     - agent_tasks: 40 itens
2026-08-06 22:54:06 | INFO    |     - alerts: 14 itens
2026-08-06 22:54:06 | INFO    |     - android_and_pc_registrations: 37 itens
2026-08-06 22:54:06 | INFO    |     - antigravity: 1 itens
2026-08-06 22:54:06 | INFO    |     - career: 1 itens
2026-08-06 22:54:06 | INFO    |     - delika: 1 itens
2026-08-06 22:54:06 | INFO    |     - design: 1 itens
2026-08-06 22:54:06 | INFO    |     - dev: 1 itens
2026-08-06 22:54:06 | INFO    |     - Drive Principal: 79 itens
2026-08-06 22:54:06 | INFO    |     - Drive Trabalho: 10 itens
2026-08-06 22:54:06 | INFO    |     - drive_docs: 23 itens
2026-08-06 22:54:06 | INFO    |     - drive_shared_files: 12 itens
2026-08-06 22:54:06 | INFO    |     - education: 1 itens
2026-08-06 22:54:06 | INFO    |     - family: 1 itens
2026-08-06 22:54:06 | INFO    |     - github_repos: 3 itens
2026-08-06 22:54:06 | INFO    |     - Gmail Principal: 87 itens
2026-08-06 22:54:06 | INFO    |     - Gmail Trabalho: 82 itens
2026-08-06 22:54:06 | INFO    |     - gmail_linked_accounts: 17 itens
2026-08-06 22:54:06 | INFO    |     - gmail_notifications: 22 itens
2026-08-06 22:54:06 | INFO    |     - google_docs: 40 itens
2026-08-06 22:54:06 | INFO    |     - hardware: 2 itens
2026-08-06 22:54:06 | INFO    |     - jubileu: 4 itens
2026-08-06 22:54:06 | INFO    |     - mary_kay: 1 itens
2026-08-06 22:54:06 | INFO    |     - neon_orbit: 1 itens
2026-08-06 22:54:06 | INFO    |     - onedrive: 1 itens
2026-08-06 22:54:06 | INFO    |     - personal: 2 itens
2026-08-06 22:54:06 | INFO    |     - reddit_godot: 1 itens
2026-08-06 22:54:06 | INFO    |     - router: 1 itens
2026-08-06 22:54:06 | INFO    |     - security: 1 itens
2026-08-06 22:54:06 | INFO    |     - sparkhub: 1 itens
2026-08-06 22:54:06 | INFO    |     - storage_parser: 1 itens
2026-08-06 22:54:06 | INFO    |     - sync_audit: 25 itens
2026-08-06 22:54:06 | INFO    |     - system_status: 16 itens
2026-08-06 22:54:06 | INFO    |     - terabox: 1 itens
2026-08-06 22:54:06 | INFO    |     - tiktok_shop: 1 itens
2026-08-06 22:54:06 | INFO    |     - web_research_insights: 144 itens
2026-08-06 22:54:09 | INFO    | [AUTO-DISCOVERY] Mapeados 758 programas/atalhos em D:\SparkHub\mapa_executaveis.csv
2026-08-06 22:54:09 | INFO    | === SERVIDOR SPARKHUB v3.0 (SHELLEXECUTE / AUTO-DISCOVERY / CLI) RODANDO NA PORTA 8000 ===
2026-08-06 22:54:09 | INFO    | Execucao nativa na sessao interativa com os.startfile() e auditoria pos-acao.
2026-08-06 22:54:09 | INFO    | === SERVIDOR SPARKHUB v3.0 RODANDO EM http://127.0.0.1:8000/ ===
2026-08-06 22:54:28 | ERROR   | [CASCATA] ollama indisponível/erro: [ERRO API] <urlopen error [WinError 10061] Nenhuma conexão pôde ser feita porque a máquina de destino as recusou ativamente>. Subindo camada.
2026-08-06 22:54:28 | ERROR   | [CASCATA] openrouter indisponível/erro: [ERRO API HTTP 401] {"error":{"message":"User not found.","code":401}}. Subindo camada.
2026-08-06 22:54:29 | ERROR   | [CASCATA] gemini indisponível/erro: [ERRO API HTTP 429] {
  "error": {
    "code": 429,
    "message": "You exceeded your current quota, please check your plan and billing details. For more information on this error, head to: https://ai.google.dev/gemini-api/docs/rate-limits. To monitor your current usage, head to: https://ai.dev/rate-limit. \n* Quota exceeded for metric: generativelanguage.googleapis.com/generate_content_free_tier_input_token_count, limit: 0, model: gemini-2.0-flash\n* Quota exceeded for metric: generativelanguage.googleapis.com/generate_content_free_tier_requests, limit: 0, model: gemini-2.0-flash\n* Quota exceeded for metric: generativelanguage.googleapis.com/generate_content_free_tier_requests, limit: 0, model: gemini-2.0-flash\nPlease retry in 29.86298554s.",
    "status": "RESOURCE_EXHAUSTED",
    "details": [
      {
        "@type": "type.googleapis.com/google.rpc.Help",
        "links": [
          {
            "description": "Learn more about Gemini API quotas",
            "url": "https://ai.google.dev/gemini-api/docs/rate-limits"
          }
        ]
      },
      {
        "@type": "type.googleapis.com/google.rpc.QuotaFailure",
        "violations": [
          {
            "quotaMetric": "generativelanguage.googleapis.com/generate_content_free_tier_input_token_count",
            "quotaId": "GenerateContentInputTokensPerModelPerMinute-FreeTier",
            "quotaDimensions": {
              "location": "global",
              "model": "gemini-2.0-flash"
            }
          },
          {
            "quotaMetric": "generativelanguage.googleapis.com/generate_content_free_tier_requests",
            "quotaId": "GenerateRequestsPerMinutePerProjectPerModel-FreeTier",
            "quotaDimensions": {
              "location": "global",
              "model": "gemini-2.0-flash"
            }
          },
          {
            "quotaMetric": "generativelanguage.googleapis.com/generate_content_free_tier_requests",
            "quotaId": "GenerateRequestsPerDayPerProjectPerModel-FreeTier",
            "quotaDimensions": {
              "location": "global",
              "model": "gemini-2.0-flash"
            }
          }
        ]
      },
      {
        "@type": "type.googleapis.com/google.rpc.RetryInfo",
        "retryDelay": "29s"
      }
    ]
  }
}
. Subindo camada.
2026-08-06 22:54:29 | ERROR   | [ROTEADOR WARN] Colapso Total da Cascata. Acionando Fallback Local do MemPalace.
2026-08-06 23:21:58 | INFO    | [MEMPALACE] Resumo completo de agrupamento (Total: 716):
2026-08-06 23:21:58 | INFO    |     - 3d: 1 itens
2026-08-06 23:21:58 | INFO    |     - Diretorios: 4 itens
2026-08-06 23:21:58 | INFO    |     - Edicao: 1 itens
2026-08-06 23:21:58 | INFO    |     - Fisica: 1 itens
2026-08-06 23:21:58 | INFO    |     - MCP: 1 itens
2026-08-06 23:21:58 | INFO    |     - RH: 8 itens
2026-08-06 23:21:58 | INFO    |     - SalaComum: 9 itens
2026-08-06 23:21:58 | INFO    |     - TestRoom: 5 itens
2026-08-06 23:21:58 | INFO    |     - Validacao: 1 itens
2026-08-06 23:21:58 | INFO    |     - Windows_MCP: 7 itens
2026-08-06 23:21:58 | INFO    |     - accounts_contacts: 2 itens
2026-08-06 23:21:58 | INFO    |     - agent_tasks: 40 itens
2026-08-06 23:21:58 | INFO    |     - alerts: 14 itens
2026-08-06 23:21:58 | INFO    |     - android_and_pc_registrations: 37 itens
2026-08-06 23:21:58 | INFO    |     - antigravity: 1 itens
2026-08-06 23:21:58 | INFO    |     - career: 1 itens
2026-08-06 23:21:58 | INFO    |     - delika: 1 itens
2026-08-06 23:21:58 | INFO    |     - design: 1 itens
2026-08-06 23:21:58 | INFO    |     - dev: 1 itens
2026-08-06 23:21:58 | INFO    |     - Drive Principal: 79 itens
2026-08-06 23:21:58 | INFO    |     - Drive Trabalho: 10 itens
2026-08-06 23:21:58 | INFO    |     - drive_docs: 23 itens
2026-08-06 23:21:58 | INFO    |     - drive_shared_files: 12 itens
2026-08-06 23:21:58 | INFO    |     - education: 1 itens
2026-08-06 23:21:58 | INFO    |     - family: 1 itens
2026-08-06 23:21:58 | INFO    |     - github_repos: 3 itens
2026-08-06 23:21:58 | INFO    |     - Gmail Principal: 87 itens
2026-08-06 23:21:58 | INFO    |     - Gmail Trabalho: 82 itens
2026-08-06 23:21:58 | INFO    |     - gmail_linked_accounts: 17 itens
2026-08-06 23:21:58 | INFO    |     - gmail_notifications: 22 itens
2026-08-06 23:21:58 | INFO    |     - google_docs: 40 itens
2026-08-06 23:21:58 | INFO    |     - hardware: 2 itens
2026-08-06 23:21:58 | INFO    |     - jubileu: 4 itens
2026-08-06 23:21:58 | INFO    |     - mary_kay: 1 itens
2026-08-06 23:21:58 | INFO    |     - neon_orbit: 1 itens
2026-08-06 23:21:58 | INFO    |     - onedrive: 1 itens
2026-08-06 23:21:58 | INFO    |     - personal: 2 itens
2026-08-06 23:21:58 | INFO    |     - reddit_godot: 1 itens
2026-08-06 23:21:58 | INFO    |     - router: 1 itens
2026-08-06 23:21:58 | INFO    |     - security: 1 itens
2026-08-06 23:21:58 | INFO    |     - sparkhub: 1 itens
2026-08-06 23:21:58 | INFO    |     - storage_parser: 1 itens
2026-08-06 23:21:58 | INFO    |     - sync_audit: 25 itens
2026-08-06 23:21:58 | INFO    |     - system_status: 16 itens
2026-08-06 23:21:58 | INFO    |     - terabox: 1 itens
2026-08-06 23:21:58 | INFO    |     - tiktok_shop: 1 itens
2026-08-06 23:21:58 | INFO    |     - web_research_insights: 144 itens
2026-08-06 23:22:02 | INFO    | [AUTO-DISCOVERY] Mapeados 758 programas/atalhos em D:\SparkHub\mapa_executaveis.csv
2026-08-06 23:22:02 | INFO    | === SERVIDOR SPARKHUB v3.0 (SHELLEXECUTE / AUTO-DISCOVERY / CLI) RODANDO NA PORTA 8000 ===
2026-08-06 23:22:02 | INFO    | Execucao nativa na sessao interativa com os.startfile() e auditoria pos-acao.
2026-08-06 23:22:02 | INFO    | === SERVIDOR SPARKHUB v3.0 RODANDO EM http://127.0.0.1:8000/ ===
2026-08-06 23:24:19 | INFO    | [ORQUESTRADOR] Rota 5 (Raciocínio) ativada.
2026-08-06 23:24:24 | ERROR   | [CASCATA] ollama indisponível/erro: [ERRO API] <urlopen error [WinError 10061] Nenhuma conexão pôde ser feita porque a máquina de destino as recusou ativamente>. Subindo camada.
2026-08-06 23:24:26 | INFO    | [ROTEADOR] Tool Call Interceptado (openrouter): search_drive_docs {'query': 'projetos status em andamento ou em desenvolvimento ou inconcluso'}
2026-08-06 23:24:33 | INFO    | [ROTEADOR SUCESSO] Resposta via openrouter (Tamanho: 262)
2026-08-06 23:24:34 | INFO    | [MEMPALACE] Resumo completo de agrupamento (Total: 717):
2026-08-06 23:24:34 | INFO    |     - 3d: 1 itens
2026-08-06 23:24:34 | INFO    |     - Diretorios: 4 itens
2026-08-06 23:24:34 | INFO    |     - Edicao: 1 itens
2026-08-06 23:24:34 | INFO    |     - Fisica: 1 itens
2026-08-06 23:24:34 | INFO    |     - MCP: 1 itens
2026-08-06 23:24:34 | INFO    |     - RH: 8 itens
2026-08-06 23:24:34 | INFO    |     - SalaComum: 9 itens
2026-08-06 23:24:34 | INFO    |     - TestRoom: 5 itens
2026-08-06 23:24:34 | INFO    |     - Validacao: 1 itens
2026-08-06 23:24:34 | INFO    |     - Windows_MCP: 7 itens
2026-08-06 23:24:34 | INFO    |     - accounts_contacts: 2 itens
2026-08-06 23:24:34 | INFO    |     - agent_tasks: 41 itens
2026-08-06 23:24:34 | INFO    |     - alerts: 14 itens
2026-08-06 23:24:34 | INFO    |     - android_and_pc_registrations: 37 itens
2026-08-06 23:24:34 | INFO    |     - antigravity: 1 itens
2026-08-06 23:24:34 | INFO    |     - career: 1 itens
2026-08-06 23:24:34 | INFO    |     - delika: 1 itens
2026-08-06 23:24:34 | INFO    |     - design: 1 itens
2026-08-06 23:24:34 | INFO    |     - dev: 1 itens
2026-08-06 23:24:34 | INFO    |     - Drive Principal: 79 itens
2026-08-06 23:24:34 | INFO    |     - Drive Trabalho: 10 itens
2026-08-06 23:24:34 | INFO    |     - drive_docs: 23 itens
2026-08-06 23:24:34 | INFO    |     - drive_shared_files: 12 itens
2026-08-06 23:24:34 | INFO    |     - education: 1 itens
2026-08-06 23:24:34 | INFO    |     - family: 1 itens
2026-08-06 23:24:34 | INFO    |     - github_repos: 3 itens
2026-08-06 23:24:34 | INFO    |     - Gmail Principal: 87 itens
2026-08-06 23:24:34 | INFO    |     - Gmail Trabalho: 82 itens
2026-08-06 23:24:34 | INFO    |     - gmail_linked_accounts: 17 itens
2026-08-06 23:24:34 | INFO    |     - gmail_notifications: 22 itens
2026-08-06 23:24:34 | INFO    |     - google_docs: 40 itens
2026-08-06 23:24:34 | INFO    |     - hardware: 2 itens
2026-08-06 23:24:34 | INFO    |     - jubileu: 4 itens
2026-08-06 23:24:34 | INFO    |     - mary_kay: 1 itens
2026-08-06 23:24:34 | INFO    |     - neon_orbit: 1 itens
2026-08-06 23:24:34 | INFO    |     - onedrive: 1 itens
2026-08-06 23:24:34 | INFO    |     - personal: 2 itens
2026-08-06 23:24:34 | INFO    |     - reddit_godot: 1 itens
2026-08-06 23:24:34 | INFO    |     - router: 1 itens
2026-08-06 23:24:34 | INFO    |     - security: 1 itens
2026-08-06 23:24:34 | INFO    |     - sparkhub: 1 itens
2026-08-06 23:24:34 | INFO    |     - storage_parser: 1 itens
2026-08-06 23:24:34 | INFO    |     - sync_audit: 25 itens
2026-08-06 23:24:34 | INFO    |     - system_status: 16 itens
2026-08-06 23:24:34 | INFO    |     - terabox: 1 itens
2026-08-06 23:24:34 | INFO    |     - tiktok_shop: 1 itens
2026-08-06 23:24:34 | INFO    |     - web_research_insights: 144 itens
2026-08-06 23:24:45 | INFO    | [ORQUESTRADOR] Rota 5 (Raciocínio) ativada.
2026-08-06 23:24:50 | ERROR   | [CASCATA] ollama indisponível/erro: [ERRO API] <urlopen error [WinError 10061] Nenhuma conexão pôde ser feita porque a máquina de destino as recusou ativamente>. Subindo camada.
2026-08-06 23:24:52 | INFO    | [ROTEADOR SUCESSO] Resposta via openrouter (Tamanho: 426)
2026-08-06 23:24:52 | INFO    | [MEMPALACE] Resumo completo de agrupamento (Total: 718):
2026-08-06 23:24:52 | INFO    |     - 3d: 1 itens
2026-08-06 23:24:52 | INFO    |     - Diretorios: 4 itens
2026-08-06 23:24:52 | INFO    |     - Edicao: 1 itens
2026-08-06 23:24:52 | INFO    |     - Fisica: 1 itens
2026-08-06 23:24:52 | INFO    |     - MCP: 1 itens
2026-08-06 23:24:52 | INFO    |     - RH: 8 itens
2026-08-06 23:24:52 | INFO    |     - SalaComum: 9 itens
2026-08-06 23:24:52 | INFO    |     - TestRoom: 5 itens
2026-08-06 23:24:52 | INFO    |     - Validacao: 1 itens
2026-08-06 23:24:52 | INFO    |     - Windows_MCP: 7 itens
2026-08-06 23:24:52 | INFO    |     - accounts_contacts: 2 itens
2026-08-06 23:24:52 | INFO    |     - agent_tasks: 42 itens
2026-08-06 23:24:52 | INFO    |     - alerts: 14 itens
2026-08-06 23:24:52 | INFO    |     - android_and_pc_registrations: 37 itens
2026-08-06 23:24:52 | INFO    |     - antigravity: 1 itens
2026-08-06 23:24:52 | INFO    |     - career: 1 itens
2026-08-06 23:24:52 | INFO    |     - delika: 1 itens
2026-08-06 23:24:52 | INFO    |     - design: 1 itens
2026-08-06 23:24:52 | INFO    |     - dev: 1 itens
2026-08-06 23:24:52 | INFO    |     - Drive Principal: 79 itens
2026-08-06 23:24:52 | INFO    |     - Drive Trabalho: 10 itens
2026-08-06 23:24:52 | INFO    |     - drive_docs: 23 itens
2026-08-06 23:24:52 | INFO    |     - drive_shared_files: 12 itens
2026-08-06 23:24:52 | INFO    |     - education: 1 itens
2026-08-06 23:24:52 | INFO    |     - family: 1 itens
2026-08-06 23:24:52 | INFO    |     - github_repos: 3 itens
2026-08-06 23:24:52 | INFO    |     - Gmail Principal: 87 itens
2026-08-06 23:24:52 | INFO    |     - Gmail Trabalho: 82 itens
2026-08-06 23:24:52 | INFO    |     - gmail_linked_accounts: 17 itens
2026-08-06 23:24:52 | INFO    |     - gmail_notifications: 22 itens
2026-08-06 23:24:52 | INFO    |     - google_docs: 40 itens
2026-08-06 23:24:52 | INFO    |     - hardware: 2 itens
2026-08-06 23:24:52 | INFO    |     - jubileu: 4 itens
2026-08-06 23:24:52 | INFO    |     - mary_kay: 1 itens
2026-08-06 23:24:52 | INFO    |     - neon_orbit: 1 itens
2026-08-06 23:24:52 | INFO    |     - onedrive: 1 itens
2026-08-06 23:24:52 | INFO    |     - personal: 2 itens
2026-08-06 23:24:52 | INFO    |     - reddit_godot: 1 itens
2026-08-06 23:24:52 | INFO    |     - router: 1 itens
2026-08-06 23:24:52 | INFO    |     - security: 1 itens
2026-08-06 23:24:52 | INFO    |     - sparkhub: 1 itens
2026-08-06 23:24:52 | INFO    |     - storage_parser: 1 itens
2026-08-06 23:24:52 | INFO    |     - sync_audit: 25 itens
2026-08-06 23:24:52 | INFO    |     - system_status: 16 itens
2026-08-06 23:24:52 | INFO    |     - terabox: 1 itens
2026-08-06 23:24:52 | INFO    |     - tiktok_shop: 1 itens
2026-08-06 23:24:52 | INFO    |     - web_research_insights: 144 itens
2026-08-06 23:25:59 | INFO    | [ORQUESTRADOR] Rota 5 (Raciocínio) ativada.
2026-08-06 23:26:04 | ERROR   | [CASCATA] ollama indisponível/erro: [ERRO API] <urlopen error [WinError 10061] Nenhuma conexão pôde ser feita porque a máquina de destino as recusou ativamente>. Subindo camada.
2026-08-06 23:26:06 | INFO    | [ROTEADOR] Tool Call Interceptado (openrouter): search_gmail {'query': 'projeto iniciado não concluído tarefa pendente'}
2026-08-06 23:26:09 | INFO    | [ROTEADOR] Tool Call Interceptado (openrouter): search_gmail {'query': 'projetos trabalho pendentes'}
2026-08-06 23:26:13 | INFO    | [ROTEADOR] Tool Call Interceptado (openrouter): search_gmail {'query': 'projetos andamento não finalizados'}
2026-08-06 23:26:16 | WARNING | [CASCATA] Camada openrouter esgotou 3 iterações sem resposta. Avançando.
2026-08-06 23:26:20 | INFO    | [ROTEADOR] Tool Call Interceptado (openrouter_heavy): search_gmail {'query': 'projeto não concluído iniciado'}
2026-08-06 23:26:23 | INFO    | [ROTEADOR] Tool Call Interceptado (openrouter_heavy): search_gmail {'query': 'projeto pendente'}
2026-08-06 23:26:27 | INFO    | [ROTEADOR] Tool Call Interceptado (openrouter_heavy): search_drive_docs {'query': 'projeto não concluído'}
2026-08-06 23:26:30 | INFO    | [MEMPALACE] Resumo completo de agrupamento (Total: 719):
2026-08-06 23:26:30 | INFO    |     - 3d: 1 itens
2026-08-06 23:26:30 | INFO    |     - Diretorios: 4 itens
2026-08-06 23:26:30 | INFO    |     - Edicao: 1 itens
2026-08-06 23:26:30 | INFO    |     - Fisica: 1 itens
2026-08-06 23:26:30 | INFO    |     - MCP: 1 itens
2026-08-06 23:26:30 | INFO    |     - RH: 8 itens
2026-08-06 23:26:30 | INFO    |     - SalaComum: 9 itens
2026-08-06 23:26:30 | INFO    |     - TestRoom: 5 itens
2026-08-06 23:26:30 | INFO    |     - Validacao: 1 itens
2026-08-06 23:26:30 | INFO    |     - Windows_MCP: 7 itens
2026-08-06 23:26:30 | INFO    |     - accounts_contacts: 2 itens
2026-08-06 23:26:30 | INFO    |     - agent_tasks: 43 itens
2026-08-06 23:26:30 | INFO    |     - alerts: 14 itens
2026-08-06 23:26:30 | INFO    |     - android_and_pc_registrations: 37 itens
2026-08-06 23:26:30 | INFO    |     - antigravity: 1 itens
2026-08-06 23:26:30 | INFO    |     - career: 1 itens
2026-08-06 23:26:30 | INFO    |     - delika: 1 itens
2026-08-06 23:26:30 | INFO    |     - design: 1 itens
2026-08-06 23:26:30 | INFO    |     - dev: 1 itens
2026-08-06 23:26:30 | INFO    |     - Drive Principal: 79 itens
2026-08-06 23:26:30 | INFO    |     - Drive Trabalho: 10 itens
2026-08-06 23:26:30 | INFO    |     - drive_docs: 23 itens
2026-08-06 23:26:30 | INFO    |     - drive_shared_files: 12 itens
2026-08-06 23:26:30 | INFO    |     - education: 1 itens
2026-08-06 23:26:30 | INFO    |     - family: 1 itens
2026-08-06 23:26:30 | INFO    |     - github_repos: 3 itens
2026-08-06 23:26:30 | INFO    |     - Gmail Principal: 87 itens
2026-08-06 23:26:30 | INFO    |     - Gmail Trabalho: 82 itens
2026-08-06 23:26:30 | INFO    |     - gmail_linked_accounts: 17 itens
2026-08-06 23:26:30 | INFO    |     - gmail_notifications: 22 itens
2026-08-06 23:26:30 | INFO    |     - google_docs: 40 itens
2026-08-06 23:26:30 | INFO    |     - hardware: 2 itens
2026-08-06 23:26:30 | INFO    |     - jubileu: 4 itens
2026-08-06 23:26:30 | INFO    |     - mary_kay: 1 itens
2026-08-06 23:26:30 | INFO    |     - neon_orbit: 1 itens
2026-08-06 23:26:30 | INFO    |     - onedrive: 1 itens
2026-08-06 23:26:30 | INFO    |     - personal: 2 itens
2026-08-06 23:26:30 | INFO    |     - reddit_godot: 1 itens
2026-08-06 23:26:30 | INFO    |     - router: 1 itens
2026-08-06 23:26:30 | INFO    |     - security: 1 itens
2026-08-06 23:26:30 | INFO    |     - sparkhub: 1 itens
2026-08-06 23:26:30 | INFO    |     - storage_parser: 1 itens
2026-08-06 23:26:30 | INFO    |     - sync_audit: 25 itens
2026-08-06 23:26:30 | INFO    |     - system_status: 16 itens
2026-08-06 23:26:30 | INFO    |     - terabox: 1 itens
2026-08-06 23:26:31 | INFO    |     - tiktok_shop: 1 itens
2026-08-06 23:26:31 | INFO    |     - web_research_insights: 144 itens
2026-08-06 23:26:35 | INFO    | [ROTEADOR] Tool Call Interceptado (openrouter_heavy): search_gmail {'query': 'projeto iniciado mas não finalizado'}
2026-08-06 23:26:38 | INFO    | [ROTEADOR] Tool Call Interceptado (openrouter_heavy): search_gmail {'query': 'tarefa pendente projeto'}
2026-08-06 23:26:41 | INFO    | [ROTEADOR] Tool Call Interceptado (openrouter_heavy): search_gmail {'query': 'andamento projeto'}
2026-08-06 23:26:45 | INFO    | [ROTEADOR] Tool Call Interceptado (openrouter_heavy): search_drive_docs {'query': 'projeto em andamento'}
2026-08-06 23:26:56 | INFO    | [ROTEADOR] Tool Call Interceptado (openrouter_heavy): search_gmail {'query': 'projeto IA Godot'}
2026-08-06 23:27:00 | INFO    | [ROTEADOR] Tool Call Interceptado (openrouter_heavy): search_gmail {'query': 'otimização memória armazenamento'}
2026-08-06 23:27:03 | INFO    | [ROTEADOR] Tool Call Interceptado (openrouter_heavy): search_gmail {'query': 'projeto não finalizado'}
2026-08-06 23:27:07 | INFO    | [ROTEADOR] Tool Call Interceptado (openrouter_heavy): search_drive_docs {'query': 'projeto incompleto'}
2026-08-06 23:27:16 | INFO    | [ROTEADOR] Tool Call Interceptado (openrouter_heavy): search_drive_docs {'query': 'SparkHub projeto'}
2026-08-06 23:27:20 | INFO    | [ROTEADOR] Tool Call Interceptado (openrouter_heavy): search_drive_docs {'query': 'Tríplice Cascata projeto'}
2026-08-06 23:27:25 | INFO    | [ROTEADOR] Tool Call Interceptado (openrouter_heavy): search_gmail {'query': 'SparkHub projeto iniciado'}
2026-08-06 23:27:31 | INFO    | [ROTEADOR] Tool Call Interceptado (openrouter_heavy): search_drive_docs {'query': 'SparkHub'}
2026-08-06 23:27:35 | INFO    | [ROTEADOR] Tool Call Interceptado (openrouter_heavy): search_drive_docs {'query': 'MemPalace WAL DB'}
2026-08-06 23:27:39 | INFO    | [ROTEADOR] Tool Call Interceptado (openrouter_heavy): search_drive_docs {'query': 'FastMCP'}
2026-08-06 23:27:43 | WARNING | [CASCATA] Camada openrouter_heavy esgotou 5 iterações sem resposta. Avançando.
2026-08-06 23:27:43 | ERROR   | [CASCATA] gemini indisponível/erro: [ERRO API HTTP 429] {
  "error": {
    "code": 429,
    "message": "You exceeded your current quota, please check your plan and billing details. For more information on this error, head to: https://ai.google.dev/gemini-api/docs/rate-limits. To monitor your current usage, head to: https://ai.dev/rate-limit. \n* Quota exceeded for metric: generativelanguage.googleapis.com/generate_content_free_tier_requests, limit: 0, model: gemini-2.0-flash\n* Quota exceeded for metric: generativelanguage.googleapis.com/generate_content_free_tier_requests, limit: 0, model: gemini-2.0-flash\n* Quota exceeded for metric: generativelanguage.googleapis.com/generate_content_free_tier_input_token_count, limit: 0, model: gemini-2.0-flash\nPlease retry in 15.986883632s.",
    "status": "RESOURCE_EXHAUSTED",
    "details": [
      {
        "@type": "type.googleapis.com/google.rpc.Help",
        "links": [
          {
            "description": "Learn more about Gemini API quotas",
            "url": "https://ai.google.dev/gemini-api/docs/rate-limits"
          }
        ]
      },
      {
        "@type": "type.googleapis.com/google.rpc.QuotaFailure",
        "violations": [
          {
            "quotaMetric": "generativelanguage.googleapis.com/generate_content_free_tier_requests",
            "quotaId": "GenerateRequestsPerDayPerProjectPerModel-FreeTier",
            "quotaDimensions": {
              "model": "gemini-2.0-flash",
              "location": "global"
            }
          },
          {
            "quotaMetric": "generativelanguage.googleapis.com/generate_content_free_tier_requests",
            "quotaId": "GenerateRequestsPerMinutePerProjectPerModel-FreeTier",
            "quotaDimensions": {
              "location": "global",
              "model": "gemini-2.0-flash"
            }
          },
          {
            "quotaMetric": "generativelanguage.googleapis.com/generate_content_free_tier_input_token_count",
            "quotaId": "GenerateContentInputTokensPerModelPerMinute-FreeTier",
            "quotaDimensions": {
              "model": "gemini-2.0-flash",
              "location": "global"
            }
          }
        ]
      },
      {
        "@type": "type.googleapis.com/google.rpc.RetryInfo",
        "retryDelay": "15s"
      }
    ]
  }
}
. Subindo camada.
2026-08-06 23:27:43 | ERROR   | [ROTEADOR WARN] Colapso Total da Cascata. Acionando Fallback Local do MemPalace.
2026-08-06 23:43:28 | INFO    | [MEMPALACE] Resumo completo de agrupamento (Total: 719):
2026-08-06 23:43:28 | INFO    |     - 3d: 1 itens
2026-08-06 23:43:28 | INFO    |     - Diretorios: 4 itens
2026-08-06 23:43:28 | INFO    |     - Edicao: 1 itens
2026-08-06 23:43:28 | INFO    |     - Fisica: 1 itens
2026-08-06 23:43:28 | INFO    |     - MCP: 1 itens
2026-08-06 23:43:28 | INFO    |     - RH: 8 itens
2026-08-06 23:43:28 | INFO    |     - SalaComum: 9 itens
2026-08-06 23:43:28 | INFO    |     - TestRoom: 5 itens
2026-08-06 23:43:28 | INFO    |     - Validacao: 1 itens
2026-08-06 23:43:28 | INFO    |     - Windows_MCP: 7 itens
2026-08-06 23:43:28 | INFO    |     - accounts_contacts: 2 itens
2026-08-06 23:43:28 | INFO    |     - agent_tasks: 43 itens
2026-08-06 23:43:28 | INFO    |     - alerts: 14 itens
2026-08-06 23:43:28 | INFO    |     - android_and_pc_registrations: 37 itens
2026-08-06 23:43:28 | INFO    |     - antigravity: 1 itens
2026-08-06 23:43:28 | INFO    |     - career: 1 itens
2026-08-06 23:43:28 | INFO    |     - delika: 1 itens
2026-08-06 23:43:28 | INFO    |     - design: 1 itens
2026-08-06 23:43:28 | INFO    |     - dev: 1 itens
2026-08-06 23:43:28 | INFO    |     - Drive Principal: 79 itens
2026-08-06 23:43:28 | INFO    |     - Drive Trabalho: 10 itens
2026-08-06 23:43:28 | INFO    |     - drive_docs: 23 itens
2026-08-06 23:43:28 | INFO    |     - drive_shared_files: 12 itens
2026-08-06 23:43:28 | INFO    |     - education: 1 itens
2026-08-06 23:43:28 | INFO    |     - family: 1 itens
2026-08-06 23:43:28 | INFO    |     - github_repos: 3 itens
2026-08-06 23:43:28 | INFO    |     - Gmail Principal: 87 itens
2026-08-06 23:43:28 | INFO    |     - Gmail Trabalho: 82 itens
2026-08-06 23:43:28 | INFO    |     - gmail_linked_accounts: 17 itens
2026-08-06 23:43:28 | INFO    |     - gmail_notifications: 22 itens
2026-08-06 23:43:28 | INFO    |     - google_docs: 40 itens
2026-08-06 23:43:28 | INFO    |     - hardware: 2 itens
2026-08-06 23:43:28 | INFO    |     - jubileu: 4 itens
2026-08-06 23:43:28 | INFO    |     - mary_kay: 1 itens
2026-08-06 23:43:28 | INFO    |     - neon_orbit: 1 itens
2026-08-06 23:43:28 | INFO    |     - onedrive: 1 itens
2026-08-06 23:43:28 | INFO    |     - personal: 2 itens
2026-08-06 23:43:28 | INFO    |     - reddit_godot: 1 itens
2026-08-06 23:43:28 | INFO    |     - router: 1 itens
2026-08-06 23:43:28 | INFO    |     - security: 1 itens
2026-08-06 23:43:28 | INFO    |     - sparkhub: 1 itens
2026-08-06 23:43:28 | INFO    |     - storage_parser: 1 itens
2026-08-06 23:43:28 | INFO    |     - sync_audit: 25 itens
2026-08-06 23:43:28 | INFO    |     - system_status: 16 itens
2026-08-06 23:43:28 | INFO    |     - terabox: 1 itens
2026-08-06 23:43:28 | INFO    |     - tiktok_shop: 1 itens
2026-08-06 23:43:28 | INFO    |     - web_research_insights: 144 itens
2026-08-06 23:43:31 | INFO    | [AUTO-DISCOVERY] Mapeados 758 programas/atalhos em D:\SparkHub\mapa_executaveis.csv
2026-08-06 23:43:31 | INFO    | === SERVIDOR SPARKHUB v3.0 (SHELLEXECUTE / AUTO-DISCOVERY / CLI) RODANDO NA PORTA 8000 ===
2026-08-06 23:43:31 | INFO    | Execucao nativa na sessao interativa com os.startfile() e auditoria pos-acao.
2026-08-06 23:43:31 | INFO    | === SERVIDOR SPARKHUB v3.0 RODANDO EM http://127.0.0.1:8000/ ===
2026-08-06 23:43:42 | INFO    | [SEARCH AGENT] Realizando buscas via ['mempalace', 'gmail', 'drive']
2026-08-06 23:43:42 | INFO    | [SEARCH AGENT] Busca concluída.
2026-08-06 23:44:33 | INFO    | [SEARCH AGENT] Realizando buscas via ['mempalace', 'gmail', 'drive']
2026-08-06 23:44:33 | INFO    | [SEARCH AGENT] Busca concluída.
2026-08-06 23:44:35 | ERROR   | [CASCATA SEM TOOLS] ollama indisponivel/erro: <urlopen error [WinError 10061] Nenhuma conexão pôde ser feita porque a máquina de destino as recusou ativamente>
2026-08-06 23:44:35 | ERROR   | [CASCATA SEM TOOLS] openrouter indisponivel/erro: HTTP Error 401: Unauthorized
2026-08-06 23:44:35 | ERROR   | [CASCATA SEM TOOLS] openrouter_heavy indisponivel/erro: HTTP Error 401: Unauthorized
2026-08-06 23:45:38 | INFO    | [SEARCH AGENT] Realizando buscas via ['mempalace', 'gmail', 'drive']
2026-08-06 23:45:39 | INFO    | [MCP METHOD] tools/call (id=search_agent)
2026-08-06 23:45:40 | INFO    | [MCP METHOD] tools/call (id=search_agent)
2026-08-06 23:45:40 | INFO    | [SEARCH AGENT] Busca concluída.
2026-08-06 23:45:42 | ERROR   | [CASCATA SEM TOOLS] ollama indisponivel/erro: <urlopen error [WinError 10061] Nenhuma conexão pôde ser feita porque a máquina de destino as recusou ativamente>
2026-08-06 23:45:42 | ERROR   | [CASCATA SEM TOOLS] openrouter indisponivel/erro: HTTP Error 401: Unauthorized
2026-08-06 23:45:42 | ERROR   | [CASCATA SEM TOOLS] openrouter_heavy indisponivel/erro: HTTP Error 401: Unauthorized
2026-08-06 23:46:15 | INFO    | [SEARCH AGENT] Realizando buscas via ['mempalace', 'gmail', 'drive']
2026-08-06 23:46:15 | INFO    | [MCP METHOD] tools/call (id=search_agent)
2026-08-06 23:46:15 | INFO    | [MCP METHOD] tools/call (id=search_agent)
2026-08-06 23:46:16 | INFO    | [SEARCH AGENT] Busca concluída.
2026-08-06 23:46:18 | ERROR   | [CASCATA SEM TOOLS] ollama indisponivel/erro: <urlopen error [WinError 10061] Nenhuma conexão pôde ser feita porque a máquina de destino as recusou ativamente>
2026-08-06 23:46:18 | ERROR   | [CASCATA SEM TOOLS] openrouter indisponivel/erro: HTTP Error 401: Unauthorized
2026-08-06 23:46:18 | ERROR   | [CASCATA SEM TOOLS] openrouter_heavy indisponivel/erro: HTTP Error 401: Unauthorized
2026-08-06 23:46:18 | ERROR   | [CASCATA SEM TOOLS] gemini indisponivel/erro: HTTP Error 429: Too Many Requests
2026-08-06 23:46:18 | ERROR   | [ROTEADOR WARN] Colapso Total da Cascata. Acionando Fallback Local do MemPalace.
2026-08-07 00:16:19 | INFO    | [MEMPALACE] Resumo completo de agrupamento (Total: 719):
2026-08-07 00:16:19 | INFO    |     - 3d: 1 itens
2026-08-07 00:16:19 | INFO    |     - Diretorios: 4 itens
2026-08-07 00:16:19 | INFO    |     - Edicao: 1 itens
2026-08-07 00:16:19 | INFO    |     - Fisica: 1 itens
2026-08-07 00:16:19 | INFO    |     - MCP: 1 itens
2026-08-07 00:16:19 | INFO    |     - RH: 8 itens
2026-08-07 00:16:19 | INFO    |     - SalaComum: 9 itens
2026-08-07 00:16:19 | INFO    |     - TestRoom: 5 itens
2026-08-07 00:16:19 | INFO    |     - Validacao: 1 itens
2026-08-07 00:16:19 | INFO    |     - Windows_MCP: 7 itens
2026-08-07 00:16:19 | INFO    |     - accounts_contacts: 2 itens
2026-08-07 00:16:19 | INFO    |     - agent_tasks: 43 itens
2026-08-07 00:16:19 | INFO    |     - alerts: 14 itens
2026-08-07 00:16:19 | INFO    |     - android_and_pc_registrations: 37 itens
2026-08-07 00:16:19 | INFO    |     - antigravity: 1 itens
2026-08-07 00:16:19 | INFO    |     - career: 1 itens
2026-08-07 00:16:19 | INFO    |     - delika: 1 itens
2026-08-07 00:16:19 | INFO    |     - design: 1 itens
2026-08-07 00:16:19 | INFO    |     - dev: 1 itens
2026-08-07 00:16:19 | INFO    |     - Drive Principal: 79 itens
2026-08-07 00:16:19 | INFO    |     - Drive Trabalho: 10 itens
2026-08-07 00:16:19 | INFO    |     - drive_docs: 23 itens
2026-08-07 00:16:19 | INFO    |     - drive_shared_files: 12 itens
2026-08-07 00:16:19 | INFO    |     - education: 1 itens
2026-08-07 00:16:19 | INFO    |     - family: 1 itens
2026-08-07 00:16:19 | INFO    |     - github_repos: 3 itens
2026-08-07 00:16:19 | INFO    |     - Gmail Principal: 87 itens
2026-08-07 00:16:19 | INFO    |     - Gmail Trabalho: 82 itens
2026-08-07 00:16:19 | INFO    |     - gmail_linked_accounts: 17 itens
2026-08-07 00:16:19 | INFO    |     - gmail_notifications: 22 itens
2026-08-07 00:16:19 | INFO    |     - google_docs: 40 itens
2026-08-07 00:16:19 | INFO    |     - hardware: 2 itens
2026-08-07 00:16:19 | INFO    |     - jubileu: 4 itens
2026-08-07 00:16:19 | INFO    |     - mary_kay: 1 itens
2026-08-07 00:16:19 | INFO    |     - neon_orbit: 1 itens
2026-08-07 00:16:19 | INFO    |     - onedrive: 1 itens
2026-08-07 00:16:19 | INFO    |     - personal: 2 itens
2026-08-07 00:16:19 | INFO    |     - reddit_godot: 1 itens
2026-08-07 00:16:19 | INFO    |     - router: 1 itens
2026-08-07 00:16:19 | INFO    |     - security: 1 itens
2026-08-07 00:16:19 | INFO    |     - sparkhub: 1 itens
2026-08-07 00:16:19 | INFO    |     - storage_parser: 1 itens
2026-08-07 00:16:19 | INFO    |     - sync_audit: 25 itens
2026-08-07 00:16:19 | INFO    |     - system_status: 16 itens
2026-08-07 00:16:19 | INFO    |     - terabox: 1 itens
2026-08-07 00:16:19 | INFO    |     - tiktok_shop: 1 itens
2026-08-07 00:16:19 | INFO    |     - web_research_insights: 144 itens
2026-08-07 00:16:23 | INFO    | [AUTO-DISCOVERY] Mapeados 758 programas/atalhos em D:\SparkHub\mapa_executaveis.csv
2026-08-07 00:16:23 | INFO    | === SERVIDOR SPARKHUB v3.0 (SHELLEXECUTE / AUTO-DISCOVERY / CLI) RODANDO NA PORTA 8000 ===
2026-08-07 00:16:23 | INFO    | Execucao nativa na sessao interativa com os.startfile() e auditoria pos-acao.
2026-08-07 00:16:23 | INFO    | === SERVIDOR SPARKHUB v3.0 RODANDO EM http://127.0.0.1:8000/ ===
2026-08-07 00:16:59 | INFO    | [MCP METHOD] tools/call (id=moltbook_agent)
2026-08-07 00:17:00 | INFO    | [MEMPALACE] Resumo completo de agrupamento (Total: 720):
2026-08-07 00:17:00 | INFO    |     - 3d: 1 itens
2026-08-07 00:17:00 | INFO    |     - Diretorios: 4 itens
2026-08-07 00:17:00 | INFO    |     - Edicao: 1 itens
2026-08-07 00:17:00 | INFO    |     - Fisica: 1 itens
2026-08-07 00:17:00 | INFO    |     - MCP: 1 itens
2026-08-07 00:17:00 | INFO    |     - RH: 8 itens
2026-08-07 00:17:00 | INFO    |     - SalaComum: 9 itens
2026-08-07 00:17:00 | INFO    |     - TestRoom: 5 itens
2026-08-07 00:17:00 | INFO    |     - Validacao: 1 itens
2026-08-07 00:17:00 | INFO    |     - Windows_MCP: 7 itens
2026-08-07 00:17:00 | INFO    |     - accounts_contacts: 2 itens
2026-08-07 00:17:00 | INFO    |     - agent_tasks: 43 itens
2026-08-07 00:17:00 | INFO    |     - alerts: 14 itens
2026-08-07 00:17:00 | INFO    |     - android_and_pc_registrations: 37 itens
2026-08-07 00:17:00 | INFO    |     - antigravity: 1 itens
2026-08-07 00:17:00 | INFO    |     - career: 1 itens
2026-08-07 00:17:00 | INFO    |     - delika: 1 itens
2026-08-07 00:17:00 | INFO    |     - design: 1 itens
2026-08-07 00:17:00 | INFO    |     - dev: 1 itens
2026-08-07 00:17:00 | INFO    |     - Drive Principal: 79 itens
2026-08-07 00:17:00 | INFO    |     - Drive Trabalho: 10 itens
2026-08-07 00:17:00 | INFO    |     - drive_docs: 23 itens
2026-08-07 00:17:00 | INFO    |     - drive_shared_files: 12 itens
2026-08-07 00:17:00 | INFO    |     - education: 1 itens
2026-08-07 00:17:00 | INFO    |     - family: 1 itens
2026-08-07 00:17:00 | INFO    |     - github_repos: 3 itens
2026-08-07 00:17:00 | INFO    |     - Gmail Principal: 87 itens
2026-08-07 00:17:00 | INFO    |     - Gmail Trabalho: 82 itens
2026-08-07 00:17:00 | INFO    |     - gmail_linked_accounts: 17 itens
2026-08-07 00:17:00 | INFO    |     - gmail_notifications: 22 itens
2026-08-07 00:17:00 | INFO    |     - godot: 1 itens
2026-08-07 00:17:00 | INFO    |     - google_docs: 40 itens
2026-08-07 00:17:00 | INFO    |     - hardware: 2 itens
2026-08-07 00:17:00 | INFO    |     - jubileu: 4 itens
2026-08-07 00:17:00 | INFO    |     - mary_kay: 1 itens
2026-08-07 00:17:00 | INFO    |     - neon_orbit: 1 itens
2026-08-07 00:17:00 | INFO    |     - onedrive: 1 itens
2026-08-07 00:17:00 | INFO    |     - personal: 2 itens
2026-08-07 00:17:00 | INFO    |     - reddit_godot: 1 itens
2026-08-07 00:17:00 | INFO    |     - router: 1 itens
2026-08-07 00:17:00 | INFO    |     - security: 1 itens
2026-08-07 00:17:00 | INFO    |     - sparkhub: 1 itens
2026-08-07 00:17:00 | INFO    |     - storage_parser: 1 itens
2026-08-07 00:17:00 | INFO    |     - sync_audit: 25 itens
2026-08-07 00:17:00 | INFO    |     - system_status: 16 itens
2026-08-07 00:17:00 | INFO    |     - terabox: 1 itens
2026-08-07 00:17:00 | INFO    |     - tiktok_shop: 1 itens
2026-08-07 00:17:00 | INFO    |     - web_research_insights: 144 itens
2026-08-07 01:10:17 | INFO    | [ORQUESTRADOR] Rota 5 (Raciocínio) ativada.
2026-08-07 01:10:19 | INFO    | [SEARCH AGENT] Realizando buscas via ['mempalace', 'gmail', 'drive']
2026-08-07 01:10:24 | INFO    | [SEARCH AGENT] Busca concluída.
2026-08-07 01:10:26 | ERROR   | [CASCATA SEM TOOLS] ollama indisponivel/erro: <urlopen error [WinError 10061] Nenhuma conexão pôde ser feita porque a máquina de destino as recusou ativamente>
2026-08-07 01:10:30 | INFO    | [ROTEADOR SUCESSO] Resposta via openrouter (Tamanho: 1532)
2026-08-07 01:10:30 | INFO    | [MCP METHOD] tools/call (id=search_agent)
2026-08-07 01:10:31 | INFO    | [MCP METHOD] tools/call (id=search_agent)
2026-08-07 01:10:32 | INFO    | [MEMPALACE] Resumo completo de agrupamento (Total: 721):
2026-08-07 01:10:32 | INFO    |     - 3d: 1 itens
2026-08-07 01:10:32 | INFO    |     - Diretorios: 4 itens
2026-08-07 01:10:32 | INFO    |     - Edicao: 1 itens
2026-08-07 01:10:32 | INFO    |     - Fisica: 1 itens
2026-08-07 01:10:32 | INFO    |     - MCP: 1 itens
2026-08-07 01:10:32 | INFO    |     - RH: 8 itens
2026-08-07 01:10:32 | INFO    |     - SalaComum: 9 itens
2026-08-07 01:10:32 | INFO    |     - TestRoom: 5 itens
2026-08-07 01:10:32 | INFO    |     - Validacao: 1 itens
2026-08-07 01:10:32 | INFO    |     - Windows_MCP: 7 itens
2026-08-07 01:10:32 | INFO    |     - accounts_contacts: 2 itens
2026-08-07 01:10:32 | INFO    |     - agent_tasks: 44 itens
2026-08-07 01:10:32 | INFO    |     - alerts: 14 itens
2026-08-07 01:10:32 | INFO    |     - android_and_pc_registrations: 37 itens
2026-08-07 01:10:32 | INFO    |     - antigravity: 1 itens
2026-08-07 01:10:32 | INFO    |     - career: 1 itens
2026-08-07 01:10:32 | INFO    |     - delika: 1 itens
2026-08-07 01:10:32 | INFO    |     - design: 1 itens
2026-08-07 01:10:32 | INFO    |     - dev: 1 itens
2026-08-07 01:10:32 | INFO    |     - Drive Principal: 79 itens
2026-08-07 01:10:32 | INFO    |     - Drive Trabalho: 10 itens
2026-08-07 01:10:32 | INFO    |     - drive_docs: 23 itens
2026-08-07 01:10:32 | INFO    |     - drive_shared_files: 12 itens
2026-08-07 01:10:32 | INFO    |     - education: 1 itens
2026-08-07 01:10:32 | INFO    |     - family: 1 itens
2026-08-07 01:10:32 | INFO    |     - github_repos: 3 itens
2026-08-07 01:10:32 | INFO    |     - Gmail Principal: 87 itens
2026-08-07 01:10:32 | INFO    |     - Gmail Trabalho: 82 itens
2026-08-07 01:10:32 | INFO    |     - gmail_linked_accounts: 17 itens
2026-08-07 01:10:32 | INFO    |     - gmail_notifications: 22 itens
2026-08-07 01:10:32 | INFO    |     - godot: 1 itens
2026-08-07 01:10:32 | INFO    |     - google_docs: 40 itens
2026-08-07 01:10:32 | INFO    |     - hardware: 2 itens
2026-08-07 01:10:32 | INFO    |     - jubileu: 4 itens
2026-08-07 01:10:32 | INFO    |     - mary_kay: 1 itens
2026-08-07 01:10:32 | INFO    |     - neon_orbit: 1 itens
2026-08-07 01:10:32 | INFO    |     - onedrive: 1 itens
2026-08-07 01:10:32 | INFO    |     - personal: 2 itens
2026-08-07 01:10:32 | INFO    |     - reddit_godot: 1 itens
2026-08-07 01:10:32 | INFO    |     - router: 1 itens
2026-08-07 01:10:32 | INFO    |     - security: 1 itens
2026-08-07 01:10:32 | INFO    |     - sparkhub: 1 itens
2026-08-07 01:10:32 | INFO    |     - storage_parser: 1 itens
2026-08-07 01:10:32 | INFO    |     - sync_audit: 25 itens
2026-08-07 01:10:32 | INFO    |     - system_status: 16 itens
2026-08-07 01:10:32 | INFO    |     - terabox: 1 itens
2026-08-07 01:10:32 | INFO    |     - tiktok_shop: 1 itens
2026-08-07 01:10:32 | INFO    |     - web_research_insights: 144 itens
2026-08-07 01:11:48 | INFO    | [ORQUESTRADOR] Rota 5 (Raciocínio) ativada.
2026-08-07 01:11:50 | INFO    | [SEARCH AGENT] Realizando buscas via ['mempalace', 'gmail', 'drive']
2026-08-07 01:11:55 | INFO    | [SEARCH AGENT] Busca concluída.
2026-08-07 01:11:57 | ERROR   | [CASCATA SEM TOOLS] ollama indisponivel/erro: <urlopen error [WinError 10061] Nenhuma conexão pôde ser feita porque a máquina de destino as recusou ativamente>
2026-08-07 01:11:59 | INFO    | [ROTEADOR SUCESSO] Resposta via openrouter (Tamanho: 813)
2026-08-07 01:11:59 | INFO    | [MCP METHOD] tools/call (id=search_agent)
2026-08-07 01:12:00 | INFO    | [MCP METHOD] tools/call (id=search_agent)
2026-08-07 01:12:00 | INFO    | [MEMPALACE] Resumo completo de agrupamento (Total: 722):
2026-08-07 01:12:00 | INFO    |     - 3d: 1 itens
2026-08-07 01:12:00 | INFO    |     - Diretorios: 4 itens
2026-08-07 01:12:00 | INFO    |     - Edicao: 1 itens
2026-08-07 01:12:00 | INFO    |     - Fisica: 1 itens
2026-08-07 01:12:00 | INFO    |     - MCP: 1 itens
2026-08-07 01:12:00 | INFO    |     - RH: 8 itens
2026-08-07 01:12:00 | INFO    |     - SalaComum: 9 itens
2026-08-07 01:12:00 | INFO    |     - TestRoom: 5 itens
2026-08-07 01:12:00 | INFO    |     - Validacao: 1 itens
2026-08-07 01:12:00 | INFO    |     - Windows_MCP: 7 itens
2026-08-07 01:12:00 | INFO    |     - accounts_contacts: 2 itens
2026-08-07 01:12:00 | INFO    |     - agent_tasks: 45 itens
2026-08-07 01:12:00 | INFO    |     - alerts: 14 itens
2026-08-07 01:12:00 | INFO    |     - android_and_pc_registrations: 37 itens
2026-08-07 01:12:00 | INFO    |     - antigravity: 1 itens
2026-08-07 01:12:00 | INFO    |     - career: 1 itens
2026-08-07 01:12:00 | INFO    |     - delika: 1 itens
2026-08-07 01:12:00 | INFO    |     - design: 1 itens
2026-08-07 01:12:00 | INFO    |     - dev: 1 itens
2026-08-07 01:12:00 | INFO    |     - Drive Principal: 79 itens
2026-08-07 01:12:00 | INFO    |     - Drive Trabalho: 10 itens
2026-08-07 01:12:00 | INFO    |     - drive_docs: 23 itens
2026-08-07 01:12:00 | INFO    |     - drive_shared_files: 12 itens
2026-08-07 01:12:00 | INFO    |     - education: 1 itens
2026-08-07 01:12:00 | INFO    |     - family: 1 itens
2026-08-07 01:12:00 | INFO    |     - github_repos: 3 itens
2026-08-07 01:12:00 | INFO    |     - Gmail Principal: 87 itens
2026-08-07 01:12:00 | INFO    |     - Gmail Trabalho: 82 itens
2026-08-07 01:12:00 | INFO    |     - gmail_linked_accounts: 17 itens
2026-08-07 01:12:00 | INFO    |     - gmail_notifications: 22 itens
2026-08-07 01:12:00 | INFO    |     - godot: 1 itens
2026-08-07 01:12:00 | INFO    |     - google_docs: 40 itens
2026-08-07 01:12:00 | INFO    |     - hardware: 2 itens
2026-08-07 01:12:00 | INFO    |     - jubileu: 4 itens
2026-08-07 01:12:00 | INFO    |     - mary_kay: 1 itens
2026-08-07 01:12:00 | INFO    |     - neon_orbit: 1 itens
2026-08-07 01:12:00 | INFO    |     - onedrive: 1 itens
2026-08-07 01:12:00 | INFO    |     - personal: 2 itens
2026-08-07 01:12:00 | INFO    |     - reddit_godot: 1 itens
2026-08-07 01:12:00 | INFO    |     - router: 1 itens
2026-08-07 01:12:00 | INFO    |     - security: 1 itens
2026-08-07 01:12:00 | INFO    |     - sparkhub: 1 itens
2026-08-07 01:12:00 | INFO    |     - storage_parser: 1 itens
2026-08-07 01:12:00 | INFO    |     - sync_audit: 25 itens
2026-08-07 01:12:00 | INFO    |     - system_status: 16 itens
2026-08-07 01:12:00 | INFO    |     - terabox: 1 itens
2026-08-07 01:12:00 | INFO    |     - tiktok_shop: 1 itens
2026-08-07 01:12:00 | INFO    |     - web_research_insights: 144 itens
2026-08-07 01:19:00 | INFO    | [ORQUESTRADOR] Rota 5 (Raciocínio) ativada.
2026-08-07 01:19:02 | INFO    | [SEARCH AGENT] Realizando buscas via ['mempalace', 'gmail', 'drive']
2026-08-07 01:19:07 | INFO    | [SEARCH AGENT] Busca concluída.
2026-08-07 01:19:09 | ERROR   | [CASCATA SEM TOOLS] ollama indisponivel/erro: <urlopen error [WinError 10061] Nenhuma conexão pôde ser feita porque a máquina de destino as recusou ativamente>
2026-08-07 01:19:12 | INFO    | [ROTEADOR SUCESSO] Resposta via openrouter (Tamanho: 535)
2026-08-07 01:19:12 | INFO    | [MCP METHOD] tools/call (id=search_agent)
2026-08-07 01:19:12 | INFO    | [MCP METHOD] tools/call (id=search_agent)
2026-08-07 01:19:12 | INFO    | [MEMPALACE] Resumo completo de agrupamento (Total: 723):
2026-08-07 01:19:12 | INFO    |     - 3d: 1 itens
2026-08-07 01:19:12 | INFO    |     - Diretorios: 4 itens
2026-08-07 01:19:12 | INFO    |     - Edicao: 1 itens
2026-08-07 01:19:12 | INFO    |     - Fisica: 1 itens
2026-08-07 01:19:12 | INFO    |     - MCP: 1 itens
2026-08-07 01:19:12 | INFO    |     - RH: 8 itens
2026-08-07 01:19:12 | INFO    |     - SalaComum: 9 itens
2026-08-07 01:19:12 | INFO    |     - TestRoom: 5 itens
2026-08-07 01:19:12 | INFO    |     - Validacao: 1 itens
2026-08-07 01:19:12 | INFO    |     - Windows_MCP: 7 itens
2026-08-07 01:19:12 | INFO    |     - accounts_contacts: 2 itens
2026-08-07 01:19:12 | INFO    |     - agent_tasks: 46 itens
2026-08-07 01:19:12 | INFO    |     - alerts: 14 itens
2026-08-07 01:19:12 | INFO    |     - android_and_pc_registrations: 37 itens
2026-08-07 01:19:12 | INFO    |     - antigravity: 1 itens
2026-08-07 01:19:12 | INFO    |     - career: 1 itens
2026-08-07 01:19:12 | INFO    |     - delika: 1 itens
2026-08-07 01:19:12 | INFO    |     - design: 1 itens
2026-08-07 01:19:12 | INFO    |     - dev: 1 itens
2026-08-07 01:19:12 | INFO    |     - Drive Principal: 79 itens
2026-08-07 01:19:12 | INFO    |     - Drive Trabalho: 10 itens
2026-08-07 01:19:12 | INFO    |     - drive_docs: 23 itens
2026-08-07 01:19:12 | INFO    |     - drive_shared_files: 12 itens
2026-08-07 01:19:12 | INFO    |     - education: 1 itens
2026-08-07 01:19:12 | INFO    |     - family: 1 itens
2026-08-07 01:19:12 | INFO    |     - github_repos: 3 itens
2026-08-07 01:19:12 | INFO    |     - Gmail Principal: 87 itens
2026-08-07 01:19:12 | INFO    |     - Gmail Trabalho: 82 itens
2026-08-07 01:19:12 | INFO    |     - gmail_linked_accounts: 17 itens
2026-08-07 01:19:12 | INFO    |     - gmail_notifications: 22 itens
2026-08-07 01:19:12 | INFO    |     - godot: 1 itens
2026-08-07 01:19:12 | INFO    |     - google_docs: 40 itens
2026-08-07 01:19:12 | INFO    |     - hardware: 2 itens
2026-08-07 01:19:12 | INFO    |     - jubileu: 4 itens
2026-08-07 01:19:12 | INFO    |     - mary_kay: 1 itens
2026-08-07 01:19:12 | INFO    |     - neon_orbit: 1 itens
2026-08-07 01:19:12 | INFO    |     - onedrive: 1 itens
2026-08-07 01:19:12 | INFO    |     - personal: 2 itens
2026-08-07 01:19:12 | INFO    |     - reddit_godot: 1 itens
2026-08-07 01:19:12 | INFO    |     - router: 1 itens
2026-08-07 01:19:12 | INFO    |     - security: 1 itens
2026-08-07 01:19:12 | INFO    |     - sparkhub: 1 itens
2026-08-07 01:19:12 | INFO    |     - storage_parser: 1 itens
2026-08-07 01:19:12 | INFO    |     - sync_audit: 25 itens
2026-08-07 01:19:12 | INFO    |     - system_status: 16 itens
2026-08-07 01:19:12 | INFO    |     - terabox: 1 itens
2026-08-07 01:19:12 | INFO    |     - tiktok_shop: 1 itens
2026-08-07 01:19:12 | INFO    |     - web_research_insights: 144 itens
